kmeans,gmm,gmm_max_prob,dbscan
1,2,0.9999999909250394,0
2,4,0.9999201259828786,1
1,2,0.9999999909250394,0
1,4,0.9996207978205373,1
2,4,0.999270258765798,1
2,4,0.9987892304688469,1
1,2,0.9999999909250394,0
3,3,1.0,2
2,4,0.9999821052128662,1
2,4,0.9999577482947413,1
2,4,0.9993080609729854,1
2,4,0.9984786782315127,1
2,4,0.9992461775804984,1
2,4,0.9998391083182687,1
2,4,0.9999064529323102,1
0,1,0.9990402340908534,1
1,2,0.9999999909250394,0
2,4,0.9984226578197429,1
2,4,0.9999873722881529,1
2,4,0.9999784962604402,1
2,4,0.9987149446495249,1
1,2,0.999999989152782,0
2,4,0.999452995498252,1
2,4,0.9999906139948073,1
1,2,0.9999999909250394,0
2,4,0.9994040689119807,1
0,1,0.9990067184018646,1
2,4,0.999993689127182,1
2,4,0.9998189077320806,1
2,0,0.9463911421819072,3
2,4,0.9999844456022161,1
2,4,0.999806541776436,1
2,4,0.9990495875468427,1
2,4,0.9999649609939358,1
2,4,0.9986910949070037,1
2,4,0.9971535771293908,1
2,4,0.9994398582674245,1
0,1,0.9987243915453795,1
2,4,0.9999880989985827,1
2,4,0.9994104146471662,1
0,1,0.998783562889615,1
2,4,0.9999866246002723,1
2,4,0.9978040455519099,1
2,4,0.9998926675325613,1
2,4,0.9996983565604505,1
2,4,0.9978408336832486,1
2,4,0.9996356564022605,1
2,4,0.9999861267799696,1
2,4,0.9997783037432257,1
1,2,0.9999999909250394,0
1,2,0.9999999909250394,0
2,4,0.9987779495968954,1
2,4,0.9999896083844539,1
2,4,0.9996336494654864,1
2,4,0.9997012470378596,1
1,2,0.9999999909250394,0
1,2,0.9999999909250394,0
4,0,0.9955597210133206,3
2,4,0.9996295126112584,1
0,1,0.9983941384619415,1
2,4,0.9991431309786722,1
2,4,0.9999652386141197,1
0,1,0.9988842240251993,1
2,4,0.9994309122876558,1
1,2,0.9999999909250394,0
0,1,0.9989483637334019,1
0,1,0.9995263619233443,1
1,2,0.9999999909250394,0
2,4,0.9993877192429199,1
1,2,0.9999999909250394,0
1,2,0.9999999909250394,0
2,4,0.9997237303371612,1
2,4,0.9999731910472843,1
2,4,0.9994801525824916,1
2,4,0.9995687996716077,1
2,4,0.9988281618865131,1
0,1,0.9997406979385056,1
2,4,0.9995983687676092,1
1,2,0.9999999909250394,0
1,2,0.9999999909250394,0
2,4,0.9991747332261675,1
2,4,0.9995735774931641,1
2,4,0.999731654097896,1
2,4,0.9993814705755208,1
1,2,0.9999999909250394,0
1,2,0.9999999909250394,0
2,4,0.9999887812758453,1
2,4,0.9995579979384154,1
2,4,0.9992373003653562,1
2,4,0.9985243425757591,1
0,1,0.9988207519176471,1
1,2,0.9999999909250394,0
2,4,0.9999545031387014,1
2,4,0.9993554807230155,1
2,4,0.9981288968740465,1
2,4,0.9999864740454116,1
2,4,0.9991842047360759,1
2,4,0.9993880500311589,1
2,3,0.9999992929886877,-1
2,4,0.9988862861969515,1
0,1,0.9993347208626715,1
0,1,0.9990250077456524,1
2,4,0.9995046389917266,1
4,0,0.9934216244012368,3
0,1,0.9990515843624321,1
1,4,0.9994478812105755,1
2,3,0.944907894484873,-1
2,4,0.9999723484321992,1
2,4,0.9998686365801052,1
4,0,0.9986378115118306,3
2,4,0.9995389092424175,1
1,2,0.999999896419749,0
1,2,0.9999999909250394,0
0,1,0.9982439133729284,1
4,0,0.9960421601725308,3
2,4,0.9985366479817918,1
2,4,0.9994285934640554,1
2,4,0.9991570378261542,1
2,4,0.9999147161181255,1
2,4,0.9996963973492176,1
2,4,0.9992958410648791,1
2,4,0.9995215422820306,1
4,0,0.9936066181100147,3
2,4,0.9999502896810671,1
2,4,0.9999715084606392,1
1,2,0.9999999909250394,0
2,4,0.9998357612934692,1
2,4,0.9992992828450747,1
0,1,0.9995180787661516,1
1,4,0.997711934140656,1
2,4,0.9990321586789686,1
0,1,0.9984633854052383,1
1,2,0.9999999909250394,0
2,4,0.999996873017567,1
0,1,0.9991471054968033,1
2,4,0.9993083754622336,1
2,4,0.9992412962332325,1
2,4,0.9999836877691305,1
2,4,0.9999807330257723,1
0,1,0.9996204709966933,1
1,2,0.9999999909250394,0
2,4,0.9989418835292818,1
0,1,0.999054156622441,1
1,2,0.9999999909250394,0
2,0,0.9941432888844312,3
2,4,0.998920125720222,1
2,4,0.9999707925170069,1
2,4,0.9996489526269698,1
2,4,0.9985879444670887,1
2,4,0.9988744745543058,1
2,4,0.998817315304372,1
1,2,0.9999999909250394,0
1,4,0.9995403640815184,1
2,4,0.9984967731494913,1
2,4,0.9990136201814416,1
2,4,0.9990789603402337,1
1,2,0.9999999909250394,0
2,4,0.9994086095308988,1
1,2,0.9999999909250394,0
1,2,0.9999999909250394,0
2,4,0.9972028181946542,1
4,0,0.9528042675826061,3
0,1,0.9960146389074476,1
2,4,0.9996937704706315,1
2,4,0.9980042170865383,1
2,4,0.9991728288164937,1
2,4,0.9997627624691596,1
2,4,0.9999097724270937,1
2,4,0.9992884352125965,1
2,4,0.9984962984080114,1
2,1,0.9853246801158223,1
2,4,0.9985120769587119,1
2,4,0.9999918173091377,1
1,2,0.9999999909250394,0
0,1,0.9988396460984799,1
0,1,0.9994948314778871,1
2,4,0.9998209235227098,1
2,1,0.9923826011696528,1
1,2,0.9999999909250394,0
2,4,0.9996093783167272,1
2,4,0.9973254477468688,1
1,2,0.9999999909250394,0
1,2,0.9999999909250394,0
2,4,0.999101134595753,1
4,3,0.9999989454954825,-1
2,4,0.9988522442325388,1
0,1,0.997576055356139,1
4,0,0.998987986667445,3
4,0,0.9972728946763884,3
4,0,0.9966860212010571,3
1,2,0.999999989152782,0
4,0,0.9915558500023239,3
0,1,0.9993230679264763,1
2,4,0.9999473692244334,1
2,4,0.9991004239574419,1
2,4,0.9960840567772322,1
4,0,0.9960089305799757,3
0,1,0.9994340121767543,1
2,4,0.9994345511559858,1
4,0,0.996662662846695,3
0,1,0.9989791542856515,1
2,4,0.9998783025595064,1
3,1,0.9996430160639403,1
2,4,0.9997161994457552,1
0,1,0.9991064983139244,1
0,1,0.9997019083398906,1
0,1,0.9981678984321595,1
0,1,0.9992350234274202,1
3,1,0.9982327425720815,1
2,4,0.999600288379607,1
3,3,0.7091502060284701,-1
2,4,0.999314209284957,1
2,4,0.9997797334929411,1
0,1,0.9995785665313668,1
4,0,0.7944380348876908,-1
4,0,0.9626436905656823,3
3,1,0.9810657119486562,1
2,4,0.9976514406547047,1
2,4,0.9998570820031164,1
2,4,0.9999879495194256,1
0,1,0.9986894746843278,1
2,4,0.9999028817254815,1
1,4,0.9994463149454851,1
0,1,0.9986093662666683,1
0,1,0.9996052964959997,1
2,4,0.9999921041130163,1
4,0,0.9962293484584764,3
2,4,0.9991333716721568,1
2,4,0.9999688288440657,1
2,4,0.9997763524379747,1
0,1,0.9979362087287872,1
0,1,0.9997654556998568,1
2,4,0.999440176348666,1
4,0,0.9927927066006015,3
0,1,0.9990858204379856,1
3,3,0.979894839148819,-1
0,1,0.9992812158454459,1
0,1,0.998718277530931,1
2,4,0.9994827421267536,1
2,4,0.999344578938438,1
4,0,0.9770851461756399,3
0,1,0.9985975767041736,1
2,1,0.9518127251330332,1
4,0,0.9805304151887263,3
2,4,0.9998878318043012,1
2,4,0.9963472562065759,1
2,4,0.9991567603519321,1
2,1,0.9975589751307578,1
0,1,0.9989716067786293,1
4,0,0.9962306856823527,3
4,0,0.9962557574790479,3
2,4,0.9999836368488837,1
1,2,0.999999989152782,0
2,4,0.9999702573160165,1
2,4,0.9999788535514244,1
0,1,0.9993868028970847,1
3,1,0.9823356499554351,1
3,3,0.6859075832285578,-1
2,4,0.9924413005753202,1
2,0,0.9864078325056619,3
0,1,0.9989060077297024,1
1,2,0.9999999909250394,0
4,0,0.9936354452826791,3
2,4,0.9998234636398313,1
2,4,0.9948574704468945,1
2,4,0.9998755287223272,1
2,4,0.9962737835527307,1
2,4,0.9996997144949532,1
2,4,0.9997975397863983,1
2,4,0.9992732050196054,1
2,1,0.9975465487443048,1
1,2,0.9999999909250394,0
4,0,0.9764674704630839,3
0,1,0.9983413512008417,1
2,4,0.9995443134136289,1
2,4,0.9993194682937063,1
0,1,0.9990329207598517,1
2,4,0.9998737249604538,1
2,4,0.9999678640283012,1
2,4,0.9973940245448758,1
2,4,0.9998044346399326,1
2,4,0.9987677374815341,1
4,0,0.9904439077865033,-1
2,4,0.9997826496573123,1
0,1,0.9994993740673437,1
2,4,0.9993090577224318,1
1,2,0.9999999909250394,0
2,4,0.9997236785227624,1
4,0,0.9985379489921073,3
2,4,0.9998385794192477,1
0,1,0.9961691617113303,1
0,1,0.9990719478208431,1
2,4,0.9963831450141956,1
1,2,0.9999999909250394,0
4,0,0.9918259697193548,3
2,4,0.9984636523180371,1
2,4,0.9964790635169435,1
0,1,0.9992413918234685,1
1,2,0.9999999909250394,0
2,4,0.9995493800794916,1
0,1,0.9997237801635699,1
2,4,0.9994113587581798,1
1,2,0.999999989152782,0
2,4,0.9974008621287204,1
2,4,0.999723872915555,1
3,3,0.9999957267917786,-1
2,4,0.9999821231486801,1
2,4,0.9999743181564633,1
2,4,0.9997785189697559,1
0,1,0.9992172086995958,1
2,4,0.9997941831992283,1
2,4,0.9998197441277433,1
2,3,0.9951090644403793,-1
2,0,0.9968306739362814,3
4,0,0.9960633023639578,3
4,0,0.9962003046671796,3
2,4,0.9997856082190187,1
3,1,0.9512759015714777,-1
3,1,0.9990047925079957,1
0,1,0.9971035832219701,1
0,1,0.9966659855641157,1
2,4,0.9994040689119807,1
2,4,0.9987829262723591,1
0,1,0.9986577045356622,1
0,1,0.9995729401408359,1
3,1,0.9852763332242195,1
3,1,0.8297442143019967,1
2,4,0.9988661111951005,1
0,1,0.9992758808769113,1
3,1,0.9993489619000522,1
1,2,0.9999999909250394,0
0,1,0.9984638488988536,1
4,0,0.9880613340969826,3
0,1,0.9986316185947479,1
4,0,0.9862590894319376,3
2,1,0.996172775847306,1
0,1,0.9985342850386192,1
2,4,0.9960408728536868,1
2,4,0.9996665589638912,1
0,1,0.9966216657129097,1
2,4,0.9993285970254471,1
1,2,0.9999999909250394,0
2,4,0.9999667115101785,1
2,4,0.9992910159906825,1
1,2,0.9999999909250394,0
3,1,0.9173102896967612,1
2,4,0.9989530232841733,1
0,1,0.9991359948924162,1
0,1,0.9989836404638869,1
0,1,0.9973734675806154,1
0,1,0.9989621287592938,1
2,4,0.999468781525282,1
3,0,0.9276272341444872,3
4,0,0.997548921959897,3
0,1,0.9988745543754792,1
2,0,0.9920241883731311,3
1,2,0.9999999707691196,0
2,4,0.9969960533788679,1
0,1,0.9994454293386805,1
1,2,0.9999999909250394,0
2,4,0.9982331588142824,1
2,4,0.9999332806557663,1
2,1,0.9972014838196176,1
0,1,0.9976977229959453,1
2,4,0.9985966166131244,1
3,1,0.9950620963097503,1
2,4,0.999307456648529,1
0,1,0.9967716644813743,1
3,3,0.7588018726295802,-1
0,1,0.9977170169216014,1
0,1,0.9989743367322419,1
2,4,0.9993620734621849,1
0,1,0.9991478435132312,1
4,0,0.9162215695031609,-1
2,4,0.9999763075438691,1
2,4,0.9993413974381401,1
0,1,0.9993797423500446,1
0,1,0.998923805622069,1
2,4,0.998063759834137,1
4,0,0.993001335385324,3
2,4,0.9999878655350855,1
1,4,0.9998194772898543,1
0,1,0.9979867296767614,1
1,2,0.9999999909250394,0
4,0,0.9975265798269528,3
2,4,0.9988459347151869,1
2,4,0.9996025412348603,1
2,4,0.9996267149694679,1
2,4,0.9994364453353143,1
2,4,0.9993156021125874,1
0,1,0.9985474857580323,1
2,4,0.9998971018502752,1
2,1,0.9952594216136862,1
0,1,0.9986390880137568,1
2,4,0.9993888024449942,1
0,1,0.9990576538443592,1
3,1,0.9994846144177428,1
4,0,0.994319767659004,3
1,2,0.9999999909250394,0
4,0,0.9802056218019474,3
0,1,0.9987798287705887,1
2,4,0.9988841347477166,1
4,0,0.88005746001803,3
0,1,0.9984686273447402,1
0,1,0.999736691723278,1
2,4,0.9956513572054497,1
3,3,0.9870631870732072,-1
2,4,0.9999918255826051,1
4,0,0.9935137205399208,3
0,1,0.999134008890424,1
2,4,0.9968662641998046,1
0,0,0.9852541387476247,3
3,0,0.8093886216113099,3
3,1,0.5972597594650533,1
0,1,0.9968504957105927,1
2,4,0.996369889343078,1
4,0,0.9899867413809424,3
2,4,0.9999878713759153,1
1,2,0.9999999909250394,0
2,4,0.9999921807259307,1
0,0,0.9856859275181382,3
1,2,0.9999999909250394,0
2,4,0.9977538119518442,1
0,1,0.998170787777047,1
4,0,0.9972765749959762,3
2,4,0.9995306463330933,1
1,2,0.999999989152782,0
2,4,0.9993344571497376,1
2,4,0.9984848593575331,1
1,2,0.9999999909250394,0
0,1,0.9988558086445051,1
2,4,0.9982601658235325,1
0,1,0.9991942703516676,1
0,1,0.9995327668504466,1
2,4,0.9999893256222099,1
0,1,0.9987051283083626,1
2,4,0.9979422040226893,1
2,4,0.9988083228974146,1
2,1,0.9966490571351297,1
0,1,0.9993315049686313,1
2,4,0.9995485537588823,1
0,1,0.9987880945541839,1
2,4,0.9990489191157341,1
0,1,0.9996547272875582,1
2,4,0.9998570846598137,1
3,3,0.9998914262592884,-1
4,0,0.9909009063777937,3
3,3,0.9999917669626465,-1
0,1,0.998953971262162,1
0,1,0.9966869060763631,1
2,4,0.99983553203288,1
2,4,0.9997479051763292,1
2,4,0.9984182362171546,1
2,4,0.9998605918853276,1
0,1,0.9963109452067761,1
2,4,0.9995429287227294,1
1,2,0.9999999909250394,0
2,4,0.9991902493580048,1
1,2,0.9999999909250394,0
2,4,0.9999867547570623,1
3,1,0.9992637732956915,1
2,4,0.9990410860992585,1
4,0,0.9906640115453376,3
2,4,0.9994751715158291,1
2,4,0.9992354765384177,1
0,1,0.9985433355314535,1
3,1,0.9996497067452726,1
0,1,0.9991707865023667,1
1,2,0.999999989152782,0
0,1,0.9985150302740912,1
4,0,0.9917371435341321,3
2,4,0.9998957336169664,1
2,4,0.9999796635344801,1
2,0,0.9960118944844832,3
2,4,0.996368360874957,1
0,1,0.9985206514630165,1
0,1,0.9994724275352553,1
0,1,0.9997147826189055,1
3,3,0.6678633549008612,-1
1,2,0.9999999909250394,0
2,1,0.8668967490274588,1
2,4,0.9994037828034724,1
0,1,0.9978932361973101,1
1,2,0.9999999909250394,0
3,1,0.9990309397191952,1
2,4,0.999983795554202,1
2,4,0.9993000233657924,1
2,4,0.9994833998367278,1
2,4,0.9999717060228189,1
4,0,0.9936280929847726,3
2,4,0.999280021030792,1
2,4,0.9999868063693104,1
2,4,0.9988730706779335,1
2,4,0.999988498482571,1
3,1,0.9985918121357563,1
2,4,0.9989161355333838,1
3,3,0.9807361271291128,-1
2,4,0.9996831716667084,1
3,1,0.9792623267223584,1
0,1,0.9989228800394918,1
2,4,0.9998129999912825,1
2,4,0.9997017336914341,1
4,0,0.9985913481543576,-1
0,1,0.9987624600959244,1
0,1,0.997640399895153,1
3,1,0.9953282854611087,1
0,1,0.9973358589572042,1
2,4,0.9982454111493557,1
4,0,0.9638739592305624,3
2,4,0.9996824429691658,1
4,0,0.9991142201894564,3
0,0,0.956717307173428,3
1,2,0.9999999909250394,0
4,0,0.9884229271334211,3
4,0,0.9916621268723635,3
1,2,0.9999999909250394,0
2,4,0.999434048447456,1
0,1,0.9986103905252609,1
2,4,0.9996497098272719,1
3,1,0.9995967957190328,1
2,4,0.9995264005552044,1
0,1,0.9988265921652425,1
2,4,0.998060323961479,1
2,1,0.9932742299989529,1
0,1,0.9984716418370387,1
3,1,0.9982350898593345,1
0,1,0.9983077160785306,1
2,4,0.9996913812150946,1
2,4,0.999962392044293,1
2,1,0.9964669858720635,1
3,1,0.9979864544011813,1
2,1,0.9952971898689735,1
1,2,0.9999999909250394,0
2,4,0.9997826171767266,1
2,4,0.9997493677824654,1
0,1,0.9981596929017093,1
3,3,0.9999882850248947,-1
2,4,0.9998884360973386,1
2,4,0.9998344987623279,1
2,4,0.9995218296583891,1
1,2,0.9999999909250394,0
2,4,0.9952690718753019,1
2,4,0.9973958706310376,1
0,1,0.9984538343306587,1
4,0,0.9933723973019823,3
4,0,0.9828555939301123,3
2,4,0.9999882605374137,1
3,3,0.7901551818349868,-1
0,1,0.9990978775535455,1
2,4,0.9999282196057888,1
0,1,0.9984106468970462,1
2,4,0.9998534415810203,1
0,1,0.9984626601030984,1
2,4,0.9998412637811601,1
1,2,0.9999999909250394,0
2,0,0.9971506614813256,3
0,1,0.9983291705382661,1
0,1,0.9985263334656074,1
2,4,0.9991817275937241,1
2,4,0.9896939624218862,1
0,1,0.9990261972590778,1
0,1,0.9986041620986982,1
2,4,0.999980590043169,1
3,3,0.9758924739523596,-1
2,4,0.955210970417692,1
0,1,0.9967741022290356,1
2,4,0.9999929774974454,1
2,1,0.9959899651353751,1
2,4,0.999964659802976,1
2,4,0.9982352363512224,1
2,4,0.9993247982595719,1
2,4,0.9998882132256637,1
2,4,0.9992737852043595,1
2,4,0.9997521683533802,1
4,0,0.9917415624471518,3
0,1,0.9978164030849883,1
2,4,0.9995068652856599,1
1,2,0.999999989152782,0
0,1,0.996978732708342,1
0,1,0.9997113102154763,1
2,4,0.9994004554207016,1
2,0,0.9868735836125879,3
0,1,0.9985163941213904,1
2,4,0.9997003813859249,1
0,1,0.9992504397645299,1
1,2,0.999999989152782,0
0,1,0.999586215583805,1
2,0,0.9936747286351958,3
2,4,0.9977546387589613,1
1,2,0.9999999909250394,0
2,4,0.9988079293582842,1
1,2,0.9999999909250394,0
2,4,0.9996674223078906,1
3,1,0.9635653328464076,1
2,1,0.9488109376003494,1
4,0,0.8610835341617997,3
2,4,0.9999887297080471,1
2,4,0.9986568380139285,1
2,4,0.998797357101248,1
2,1,0.9476747608130001,1
0,1,0.998557473488564,1
0,1,0.9988867588078455,1
0,1,0.9990453102952794,1
4,0,0.9494235238057017,3
2,4,0.9999257236763518,1
2,4,0.9995888834075377,1
0,1,0.9988811127788592,1
3,1,0.995158219309402,1
2,4,0.9994787770211009,1
0,1,0.9981111719326067,1
4,0,0.990362574534276,3
4,0,0.9994506564284279,3
4,0,0.9964623721857464,3
0,1,0.9989944393868905,1
0,1,0.9993976831506276,1
2,4,0.9999642951792247,1
3,1,0.9990268051883837,1
0,1,0.9985761436953361,1
4,0,0.9805580539833132,3
4,0,0.9967839295016823,3
0,1,0.9988138281954615,1
0,1,0.998946412492142,1
2,4,0.9983522010770708,1
1,4,0.9903630940342991,1
4,3,0.5847071099869937,-1
0,1,0.9991995730294928,1
2,4,0.9986535525439667,1
2,1,0.9971061600560328,1
4,0,0.996925180884946,3
2,4,0.9988579911958285,1
4,0,0.9968365636404036,3
2,4,0.9993033353767236,1
0,1,0.9985112991170949,1
2,4,0.9983891444732655,1
2,4,0.9994302349121161,1
4,0,0.953596416488944,3
2,4,0.99991512719472,1
2,4,0.9987859049082017,1
1,2,0.9999999909250394,0
3,1,0.998490230740477,1
0,1,0.9989845264835575,1
4,0,0.9814367201618033,3
3,1,0.9977919488221544,1
2,4,0.999708862548896,1
0,1,0.9989187425159031,1
2,4,0.9989651101509246,1
3,1,0.9704742372851377,1
2,4,0.9977132678367343,1
4,0,0.7562521549707287,3
0,1,0.9983607931848896,1
2,4,0.9999576906948219,1
2,4,0.9996855527876134,1
0,1,0.9987316705787797,1
2,4,0.9944755943505922,1
0,0,0.9737605353984501,3
0,1,0.9996315561235233,1
2,4,0.9999248069391236,1
4,0,0.9735946371397131,3
1,2,0.9999999909250394,0
1,2,0.999999989152782,0
2,4,0.9992880009217135,1
0,1,0.9988872989362778,1
0,1,0.9995201214493311,1
2,4,0.9999915911534701,1
2,4,0.9992502743906878,1
4,0,0.9943487288934073,3
2,4,0.9990123959971942,1
0,1,0.9987257547188467,1
0,1,0.9995071757303501,1
0,1,0.9981011710082216,1
1,2,0.9999999909250394,0
2,4,0.9999442023197256,1
0,1,0.9982010644809719,1
2,4,0.9977744368148077,1
0,1,0.9996793761805807,1
0,1,0.9982623112276598,1
0,1,0.9984248340115363,1
0,1,0.9971035649791373,1
0,1,0.9963385368562238,1
2,4,0.9999785591730138,1
2,4,0.9991372665922609,1
3,1,0.9978388678616649,1
4,0,0.993942465012439,3
0,1,0.9984996255108758,1
2,4,0.9995664946010253,1
2,4,0.9976577558661748,1
2,4,0.9989666256482302,1
2,4,0.9999580645004874,1
2,4,0.9996250576141981,1
4,0,0.9903995820241045,3
2,4,0.9999582298444856,1
2,4,0.9982745228872623,1
0,1,0.9996124093269618,1
0,1,0.9975494637784793,1
4,0,0.9834896718265154,3
0,1,0.9988827014100854,1
4,0,0.997566496921631,3
4,0,0.9958727721077612,3
4,0,0.9969942746503485,3
2,4,0.9992272840797789,1
2,4,0.9999019140471807,1
0,1,0.9997403143388648,1
0,1,0.999006640622017,1
2,4,0.999362542992045,1
4,0,0.9991390236847695,3
2,4,0.9988815711681089,1
3,1,0.9994611419005629,1
4,0,0.9884846634443998,3
0,1,0.9996544104002917,1
2,4,0.9999211106660542,1
0,1,0.9981677143094622,1
2,4,0.9997856363753359,1
4,0,0.9789854224212743,-1
2,4,0.9991827431986409,1
2,4,0.9993026587083232,1
2,4,0.999125042344935,1
0,1,0.9996110405287245,1
0,0,0.9307232019271263,3
2,4,0.9999901720485048,1
3,1,0.6855120752288154,1
1,2,0.9999999909250394,0
2,4,0.9999677206567894,1
4,0,0.9957997978474928,3
2,4,0.9994359894496746,1
1,2,0.9999999909250394,0
2,4,0.9986686418721409,1
0,1,0.9977830210715878,1
1,2,0.9999999909250394,0
2,4,0.999354712896987,1
2,4,0.9993012670181223,1
4,0,0.9890429636085938,3
2,4,0.9984451134639478,1
2,4,0.9995924894701339,1
0,1,0.9994264895256146,1
0,1,0.9996287045156297,1
4,0,0.994999326539625,3
2,4,0.9999872875779471,1
0,1,0.9970914215274179,1
0,1,0.9992909179142504,1
0,1,0.9995751929313095,1
4,0,0.9964856904671576,3
2,4,0.9928139344180087,1
2,1,0.9751488598366244,1
1,2,0.9999999707691196,0
2,4,0.9995815222067425,1
2,4,0.9992637469498991,1
4,0,0.9932904393955365,3
3,3,0.9999999992201172,-1
2,1,0.996468923665434,1
2,4,0.9993835332028421,1
2,4,0.9975120537008413,1
0,1,0.9991667941181386,1
0,1,0.9993845086839643,1
3,1,0.9992157485279285,1
2,1,0.9947236782569163,1
0,1,0.999697156170307,1
4,0,0.9601531779355067,3
2,4,0.9997606645860212,1
2,4,0.9989161482313156,1
2,4,0.9988571341986461,1
4,0,0.9972788665432935,3
0,1,0.9987191477078332,1
2,4,0.9987948143517227,1
1,2,0.9999999909250394,0
2,4,0.9992902513781042,1
2,4,0.9994389282336275,1
2,4,0.9992309626531225,1
2,4,0.99792853247584,1
0,1,0.9986129653526286,1
4,0,0.9986687430846459,3
0,1,0.9984522334122504,1
2,4,0.9998804724104744,1
4,0,0.9983792335122529,3
0,1,0.9994665109927858,1
1,2,0.9999999909250394,0
0,1,0.9984414187577763,1
4,0,0.994956888593248,3
4,0,0.9985259863919881,3
2,4,0.9954560889183637,1
0,1,0.9984011149381373,1
2,4,0.9999546242144908,1
2,4,0.9992190180322865,1
0,1,0.9992775707085619,1
4,0,0.9835852385671545,3
2,0,0.9963352601625127,3
2,4,0.9995456317391446,1
2,4,0.9999423382147713,1
0,1,0.9984594949937247,1
0,1,0.9988061040519186,1
2,4,0.999976242136102,1
2,4,0.9986708117734121,1
2,4,0.9999805911003621,1
4,0,0.9867074539760639,3
3,1,0.9957245502214412,1
0,1,0.9983229466158388,1
2,1,0.9812510364850326,1
4,0,0.9974124219289715,3
2,4,0.9993598899730111,1
2,4,0.9998912728487082,1
4,0,0.9982947929317393,3
2,4,0.9990407240688287,1
0,1,0.9991167441717844,1
4,0,0.9949127500896289,3
2,4,0.9999751299841719,1
1,2,0.999999989152782,0
1,2,0.9999999707691196,0
2,0,0.9934539479309468,-1
2,4,0.9998031634103565,1
3,1,0.9990911763837527,1
0,1,0.9990551314530206,1
4,0,0.9957100160343648,3
2,4,0.9990439762284692,1
2,4,0.9994032649379634,1
2,4,0.9992056004930844,1
2,4,0.9999023136308357,1
0,1,0.9996910000764868,1
3,1,0.863950946302512,1
3,1,0.9916812931448736,1
4,0,0.9959268174684209,3
2,4,0.9999820026193066,1
2,1,0.9924245486170916,1
2,4,0.9988451373034718,1
1,2,0.9999999707691196,0
2,4,0.9999689662599834,1
2,4,0.9994285520829379,1
2,4,0.9999211242438224,1
4,0,0.9940619522231324,3
2,4,0.9986438662742904,1
4,0,0.9968411405825264,3
2,1,0.9937026099673526,1
4,0,0.9952081034065963,3
1,2,0.999999896419749,0
2,4,0.9999936661369032,1
0,1,0.9993634157773423,1
0,1,0.9993466563806097,1
3,1,0.9966483911658585,1
0,1,0.999150006178167,1
0,1,0.9987360482397782,1
0,1,0.9989186228909342,1
2,4,0.9998912728487082,1
0,1,0.9989347785278945,1
2,4,0.9994155754567043,1
0,1,0.9984128044710241,1
2,4,0.9985461294552018,1
4,0,0.7872716720577804,3
4,0,0.9930863903243566,3
0,1,0.9992656043085889,1
2,4,0.9998730776200326,1
4,0,0.9936980275459569,3
0,1,0.9995453218255484,1
2,0,0.9960507639430848,3
0,1,0.9997359325759434,1
2,4,0.9999280011272125,1
4,0,0.9959947164662707,3
0,1,0.9989338067019373,1
4,0,0.9945451544189875,3
2,4,0.9994462593764422,1
0,1,0.9984382519044767,1
2,4,0.9992552846257147,1
0,1,0.9978703191404165,1
2,4,0.998415659547695,1
2,4,0.9974403974677835,1
2,1,0.9976063824827944,1
0,1,0.999723540271838,1
2,4,0.9996706183902795,1
2,4,0.9997353989021173,1
4,0,0.9973927875048817,3
2,4,0.9989544729576363,1
2,4,0.9896793657163809,1
3,1,0.9994737673028876,1
1,2,0.9999999909250394,0
0,1,0.9995761855526039,1
1,2,0.9999999909250394,0
0,1,0.9996606685040343,1
0,1,0.9990651402965756,1
2,4,0.9999004743452359,1
4,0,0.974546210339624,3
4,0,0.9948927070357814,3
2,4,0.9989741522915037,1
2,4,0.9987335950886645,1
2,4,0.9999908385826147,1
3,1,0.8661378453758111,-1
0,1,0.9990448876491177,1
0,1,0.9991085989979802,1
0,1,0.9985690971368493,1
3,1,0.8638962636514522,1
0,1,0.9978610209371248,1
3,1,0.9988006605896524,1
2,4,0.999992922795984,1
1,2,0.9999999909250394,0
2,4,0.9982462911815043,1
4,0,0.9958169429349497,3
2,4,0.9984749882538487,1
2,4,0.9990436754143754,1
4,0,0.9936874271251992,3
2,4,0.9997265022677349,1
0,1,0.9981525178519077,1
1,2,0.9999999909250394,0
0,1,0.9987637750364528,1
2,4,0.9985484473342742,1
2,4,0.9990218094269852,1
2,4,0.9992891706869949,1
2,4,0.9971363049240771,1
2,4,0.9988356168407454,1
3,3,0.9965513799144083,-1
4,0,0.9914991500048403,3
4,0,0.9969696444738843,3
2,4,0.9999174121107125,1
2,4,0.99991409567316,1
3,3,0.9945206425745137,-1
3,3,0.9928219941364503,-1
2,4,0.9992148612478944,1
0,1,0.9994514692879553,1
2,4,0.9990092926698372,1
2,4,0.9983658046887478,1
0,1,0.9943222228881714,1
0,1,0.9978795172183806,1
2,4,0.9994817141981058,1
3,3,0.9995596489988096,-1
4,0,0.9786174245972179,3
2,4,0.998549820821162,1
4,0,0.9908197670680388,3
1,2,0.9999999909250394,0
4,0,0.9763763690850632,3
0,1,0.9985034254430539,1
4,0,0.9958697498873725,3
2,4,0.9994298575452557,1
2,4,0.9999114468819352,1
2,4,0.9993925857227549,1
1,2,0.9999999909250394,0
2,4,0.9990443182445733,1
4,0,0.9886131579160142,3
0,1,0.9988946084392497,1
1,2,0.9999999909250394,0
0,1,0.9996089564923605,1
2,4,0.9996098377311935,1
2,4,0.99947954731085,1
4,3,0.500211331877501,-1
2,4,0.9973346491100367,1
0,1,0.9993509393479955,1
0,0,0.9680400814048121,3
3,1,0.996891642592554,1
1,2,0.9999999909250394,0
2,4,0.9982734178646108,1
0,1,0.9990524564035292,1
1,2,0.9999999909250394,0
0,1,0.9996221044314499,1
1,2,0.9999999909250394,0
0,1,0.9997622939672668,1
3,1,0.8371472618101713,1
2,4,0.9965867501431758,1
2,4,0.9997068748679668,1
0,1,0.9990347891314512,1
2,4,0.9995714375355643,1
2,4,0.9983757242635419,1
4,0,0.9805004090736822,3
1,2,0.9999999909250394,0
2,4,0.9999614663239841,1
0,1,0.9987299254022322,1
2,4,0.9999864190539675,1
2,4,0.9999383886772308,1
0,1,0.9986673849497113,1
0,1,0.9996359863651787,1
0,1,0.9985255537984605,1
2,4,0.9983824682010238,1
0,1,0.9986207118084499,1
4,0,0.9976894791714723,3
2,4,0.9986700459411785,1
2,4,0.9998850595602944,1
2,4,0.9971322478417787,1
3,1,0.8675039848535779,1
3,1,0.9990516647651587,1
0,1,0.9996516734005,1
2,4,0.9998521212059803,1
1,2,0.9999999909250394,0
3,1,0.9392148049448078,1
2,4,0.9999687748401668,1
2,4,0.9996428161757122,1
2,4,0.9988546507405838,1
4,0,0.9953525876212059,3
2,4,0.9991730650884868,1
0,1,0.9990858898362561,1
2,4,0.9982551492041438,1
0,1,0.9975825509725731,1
2,1,0.995290092916376,1
2,4,0.9999309666683951,1
3,1,0.9336972223342243,1
2,1,0.997321583249533,1
2,4,0.9994632165172149,1
0,1,0.9991509906162903,1
2,1,0.9968890537226115,1
3,1,0.9995995110505893,1
2,4,0.9990665260843743,1
1,2,0.9999999909250394,0
2,4,0.9964564449545448,1
0,1,0.9958572198731129,1
0,0,0.9952307484166161,3
2,4,0.9993372223696749,1
2,4,0.9992076953511769,1
2,4,0.9994470404367995,1
2,4,0.9980527621194369,1
0,1,0.9995100660533327,1
0,1,0.999406799725701,1
3,1,0.9995648435556673,1
1,2,0.9999999909250394,0
2,4,0.9997929254284256,1
2,4,0.9999879495194256,1
2,4,0.9976349987502665,1
2,4,0.9998751816810894,1
0,1,0.9997917079276979,1
2,4,0.9997739239840656,1
0,1,0.9989879837550231,1
2,4,0.9998051620938264,1
2,4,0.9994525543511947,1
2,4,0.9997299247416981,1
0,1,0.9984954010126961,1
0,1,0.9989021327708805,1
4,0,0.6154168707546268,3
2,4,0.9999437493257715,1
0,1,0.9984275917088733,1
2,4,0.9991190987511721,1
0,1,0.9994659101368554,1
1,2,0.999999989152782,0
1,2,0.999999989152782,0
2,4,0.9997587492757132,1
0,1,0.9986408715879125,1
4,0,0.9951435340405125,3
2,4,0.9999933282211676,1
2,4,0.9999206524885734,1
0,1,0.9978379029962714,1
0,1,0.999167701694501,1
2,4,0.9999674240191365,1
0,1,0.9985258044753758,1
2,4,0.9998109521157076,1
1,2,0.9999999909250394,0
2,4,0.9999591086439468,1
4,0,0.9915239780223796,3
4,0,0.9236292133059768,-1
2,4,0.9988008350401572,1
2,4,0.997549574786577,1
2,1,0.9925896176593796,1
4,0,0.9974361684183317,3
0,1,0.9992763336548529,1
0,1,0.9989253227223824,1
2,4,0.9993285249381763,1
2,4,0.9999399470190627,1
2,4,0.9996341635963385,1
1,2,0.9999999909250394,0
2,4,0.9993604218760589,1
0,1,0.9989187312696134,1
4,0,0.9957453347591192,3
4,0,0.9972541227197947,3
2,4,0.9997995539078848,1
2,4,0.9989172033581416,1
3,1,0.9992947902783573,1
2,4,0.9999877659718062,1
2,4,0.9955085158581618,1
2,4,0.9993659658898436,1
3,1,0.9996784867156168,1
1,2,0.9999999909250394,0
2,4,0.9999105572447474,1
2,4,0.9999849476179548,1
2,4,0.9998048217040815,1
0,1,0.9994942213857767,1
0,1,0.9988932121836329,1
2,4,0.9996585608383732,1
2,4,0.9987706494827535,1
0,1,0.998790560972046,1
0,1,0.9982256500647892,1
4,0,0.9974509717636995,3
2,4,0.9998603998037763,1
2,4,0.9996443297521643,1
0,1,0.9991679224012145,1
0,1,0.9985546343546379,1
2,4,0.9997181783063462,1
2,0,0.9973714787958202,3
0,1,0.9985894389206916,1
2,4,0.9992758258474429,1
2,4,0.9998457884056661,1
2,4,0.9987373855196446,1
2,4,0.9981511537769321,1
4,0,0.9942107292257406,3
2,4,0.9974562935529305,1
2,4,0.9997749392935286,1
0,1,0.9995026592501237,1
2,4,0.9987178050235418,1
2,4,0.9992830347364919,1
2,4,0.9978811409994246,1
2,4,0.9980109745877688,1
4,0,0.9896173098159851,3
2,4,0.9990093518779598,1
0,1,0.9987871272629547,1
2,4,0.9983974432145979,1
2,4,0.9999383940457882,1
2,4,0.9989849507920462,1
3,1,0.9988111797070218,1
3,3,0.6747466935906333,-1
4,0,0.9958612913019942,3
2,4,0.999983113393828,1
2,4,0.999448029978385,1
2,0,0.9938297650036302,3
4,3,0.736624355419599,3
4,0,0.9978963332197233,3
2,4,0.9998755003295842,1
2,4,0.9999680654018746,1
4,0,0.9949563836493245,3
4,0,0.9931830622539993,3
2,4,0.9984349505140746,1
0,1,0.9988082449612435,1
2,4,0.9995945395202352,1
2,4,0.9979476771640042,1
3,1,0.9700593798705741,1
4,0,0.9835401327938614,3
0,1,0.9992990941639558,1
2,4,0.9990600671071613,1
4,0,0.9594406797309137,-1
2,4,0.9999921041130163,1
0,1,0.9997484979894837,1
1,2,0.9999999909250394,0
1,2,0.9999999909250394,0
2,4,0.9990084437004761,1
2,4,0.9992540356122867,1
0,1,0.9993677141065599,1
1,2,0.999999989152782,0
2,4,0.9994049147028076,1
3,1,0.998942444800785,1
2,4,0.999104990132409,1
0,1,0.9996480324863518,1
2,4,0.9993737120276996,1
2,1,0.9943799903829309,1
2,4,0.9996406883397055,1
4,0,0.9977572527125801,3
2,4,0.9997892599899195,1
1,2,0.9999999909250394,0
2,4,0.9995569867719488,1
2,4,0.9997833347784867,1
2,4,0.9993170143640012,1
0,1,0.9985217597094173,1
2,1,0.9918800202626122,1
3,1,0.9990003241102942,1
2,4,0.9995213702149851,1
3,3,0.9999984157233959,-1
1,2,0.9999999909250394,0
1,2,0.9999999909250394,0
0,1,0.9988452982389859,1
0,1,0.9990646750436134,1
0,1,0.9996007001326908,1
3,1,0.9948074921789382,1
2,4,0.9986557777523448,1
2,4,0.99854133111001,1
2,4,0.999214275806795,1
0,1,0.9969938058322477,1
0,1,0.9997016652794716,1
2,4,0.9999576906948219,1
1,2,0.9999999909250394,0
1,4,0.9998998028683244,1
2,0,0.9938358838796085,3
0,1,0.9988784410150255,1
2,4,0.9987924059296447,1
2,1,0.9963830081062839,1
2,1,0.9890045733072984,1
2,1,0.9682146068954179,1
2,4,0.9998975359947919,1
2,0,0.997396493601792,3
0,1,0.9969819532217445,1
2,1,0.99556040369119,1
3,1,0.9890973564356698,1
4,0,0.9367604917221322,-1
2,4,0.9998147802934801,1
1,2,0.9999999909250394,0
1,2,0.9999999909250394,0
2,0,0.9966029804975982,3
1,2,0.999999989152782,0
0,1,0.9961420649529789,1
2,4,0.9994866093437593,1
2,4,0.9988097969823652,1
1,2,0.9999999909250394,0
4,0,0.9872525726511564,3
2,4,0.9989695360710742,1
0,1,0.9979829189072228,1
1,2,0.9999999909250394,0
2,1,0.9858664755275394,1
0,1,0.999553771965185,1
0,1,0.9991939304860532,1
0,1,0.9994489189472076,1
4,0,0.9945174816100069,3
2,4,0.9992465147439262,1
2,4,0.9997932690426149,1
0,1,0.999672622412785,1
2,4,0.9991011680304042,1
0,1,0.9996740016107101,1
2,4,0.999549246976095,1
3,1,0.9989564733677817,1
0,1,0.9981191489993269,1
0,1,0.9983755020185006,1
0,1,0.9990852760926693,1
2,4,0.9988922371358816,1
2,4,0.9998360690822989,1
2,4,0.9994046945090419,1
2,4,0.9999880428156576,1
0,1,0.9986434667597145,1
2,4,0.9997293011055365,1
4,0,0.9957460894788991,3
2,4,0.9997807223027735,1
2,4,0.9983799308130604,1
0,1,0.996581137076907,1
2,4,0.9990006562284162,1
0,1,0.997664269880426,-1
0,1,0.9990335208838905,1
2,4,0.9996058294765363,1
0,1,0.9992713144924036,1
0,1,0.9996120519122063,1
2,4,0.9976502165106574,1
1,2,0.9999999909250394,0
1,2,0.9999999909250394,0
2,4,0.9985686956322503,1
2,4,0.999828488711009,1
2,4,0.9997223545645207,1
4,0,0.9178652480014546,-1
2,4,0.9997015634097545,1
2,4,0.9995811905163329,1
4,0,0.9957251853111552,3
2,4,0.9990802447170603,1
2,4,0.9996376327300406,1
0,1,0.9988884890710169,1
2,4,0.9999836877691305,1
4,0,0.9928548923149096,3
2,4,0.9996573035934259,1
2,4,0.9978435577932411,1
0,1,0.9975760027652555,1
2,4,0.9993964231810623,1
0,1,0.9984562951048211,1
2,4,0.9995995201367622,1
0,1,0.9996578766988689,1
2,4,0.997286995682635,1
2,4,0.9999929640941182,1
1,2,0.9999999909250394,0
2,4,0.9981420318373468,1
2,4,0.9992802603073628,1
2,4,0.9999528995824508,1
2,4,0.9999879532637125,1
0,1,0.9984917623860696,1
2,4,0.9998139876619412,1
2,4,0.9999614583235551,1
2,4,0.9998521944007445,1
0,0,0.9727205569649058,3
2,1,0.9964531669586005,1
3,1,0.9992646964658272,1
0,1,0.9978722532676405,1
2,4,0.9986071889795144,1
2,4,0.9999069959637968,1
4,0,0.6812253886120522,3
0,1,0.9992139800604061,1
4,0,0.9937149677825896,3
4,0,0.979785741378335,3
2,4,0.9976256911191286,1
0,1,0.9983457825020513,1
2,4,0.9974006424763681,1
0,1,0.9990592843522592,1
2,4,0.9995977234133366,1
2,4,0.9997692305979692,1
2,4,0.9990498231113003,1
4,0,0.9762725212228991,3
2,4,0.999417699017917,1
0,1,0.9996790474822258,1
1,2,0.9999999909250394,0
2,4,0.99950354139159,1
3,1,0.9990288043946973,1
4,0,0.9910125455772761,3
2,4,0.9999808557743141,1
2,4,0.9993490735802139,1
2,4,0.9990369013356527,1
3,3,0.9887386765213324,-1
3,3,0.9999325370251214,-1
2,4,0.9998430436746985,1
2,4,0.9978569314688437,1
4,0,0.9257547150752873,3
3,1,0.992315898615288,-1
2,1,0.9816181323636434,1
2,4,0.9994569602992451,1
0,1,0.9985718918149215,1
3,0,0.8792256015194,3
2,4,0.9994296656849171,1
0,1,0.9994149363653857,1
0,1,0.9992106478246789,1
1,2,0.9999999909250394,0
2,4,0.9992812615935482,1
0,1,0.9979817021765637,1
2,1,0.8088811023431738,1
1,4,0.9976342538863049,1
2,4,0.9990992368766456,1
1,2,0.999999989152782,0
2,4,0.9991257809160045,1
2,4,0.9992382703877032,1
2,1,0.9955285921190345,1
1,4,0.9989619426841398,1
2,4,0.9992659601882196,1
2,4,0.9997533473515938,1
2,0,0.9937661595317641,3
2,4,0.9999725213570475,1
2,4,0.9986589864108416,1
4,0,0.885790013537982,3
0,1,0.9994728491647343,1
0,1,0.9964781575239638,1
0,1,0.9976657140017657,1
2,4,0.9998078405042586,1
0,1,0.9982313617588783,1
2,4,0.9997798158826523,1
2,4,0.9996094884577134,1
2,4,0.9994808455239866,1
0,1,0.9977396030989543,1
0,1,0.9994141063069212,1
0,1,0.9988252056054658,1
0,1,0.9985594859742434,1
0,1,0.9989371479854211,1
2,0,0.99721770489498,3
0,1,0.9973112940030839,1
1,4,0.9974843233084227,1
0,1,0.9993939604783469,1
2,4,0.9993991096299171,1
4,0,0.8524463046329532,-1
0,1,0.9996903788634024,1
0,1,0.9995192446464191,1
4,0,0.9932681585752083,3
4,0,0.995798420465201,3
1,2,0.9999999909250394,0
4,0,0.9948166683275846,3
0,1,0.9944485240111126,1
0,1,0.9984834312788051,1
4,0,0.9818209028039641,3
0,1,0.9992508665513476,1
2,4,0.9997875665206215,1
1,2,0.9999999909250394,0
2,4,0.9994104393573868,1
4,0,0.9876227520902323,3
3,3,0.9807603070343788,-1
3,1,0.8271866516160448,1
2,4,0.9995692366884438,1
2,4,0.9976023493944808,1
4,0,0.9941008309442375,3
2,1,0.9353030148507262,1
4,0,0.9439567497769783,-1
4,0,0.9849641903188069,-1
3,1,0.9990562973369818,1
2,4,0.999491996847786,1
2,1,0.9949063203835639,1
4,0,0.7736986937863526,3
2,4,0.9959392876863552,1
2,4,0.9993862956417374,1
2,1,0.9756606193064005,1
0,1,0.9981749535387168,1
4,0,0.8019010548475825,3
2,4,0.9971460004667388,1
0,1,0.9996486489644245,1
0,1,0.9992792041669388,1
2,4,0.9999907208880471,1
1,2,0.999999989152782,0
3,1,0.9996267140277786,1
2,4,0.9992895589620711,1
3,0,0.9155454765397725,3
2,4,0.9999921807259307,1
4,0,0.9816055824771633,3
4,0,0.8915052016692827,3
1,2,0.999999989152782,0
2,4,0.9999497281112891,1
0,1,0.998865479717967,1
1,2,0.9999999909250394,0
0,1,0.998654328127726,1
4,0,0.996230688139176,3
0,1,0.9994103329221324,1
3,3,0.9841871917568538,-1
2,4,0.9993610382823928,1
0,1,0.9982758398459627,1
2,4,0.9993714642125537,1
2,4,0.9985538524392344,1
2,4,0.9997288824620865,1
2,4,0.9997654011318285,1
0,1,0.9993566682276936,1
0,1,0.9960971482629017,1
0,1,0.9992727371500582,1
2,4,0.9992080620468574,1
1,2,0.9999999909250394,0
2,4,0.9996942901557533,1
2,4,0.9911247347238019,1
0,1,0.9990840558729159,1
4,0,0.974215999658208,3
2,1,0.9967871527617091,1
0,1,0.9994279797832569,1
0,1,0.9991151242241008,1
1,2,0.9999999909250394,0
1,2,0.9999999909250394,0
2,4,0.9940056428624233,1
0,1,0.998131736995999,1
0,1,0.9997414532084108,1
1,2,0.9999999909250394,0
2,4,0.9995467883622065,1
1,2,0.9999999909250394,0
0,1,0.9988495040833952,1
0,1,0.997145984601858,1
2,4,0.9998579932394505,1
1,4,0.9998244134457243,1
0,1,0.9969880782336765,1
2,4,0.9992876019641442,1
2,4,0.9997107955902733,1
2,1,0.9978956802077839,1
3,3,0.9306007822104623,-1
0,1,0.9995867178138189,1
4,0,0.8730068325559044,3
2,4,0.9999064743674397,1
2,4,0.9999643686335009,1
4,0,0.9810479580292263,3
2,4,0.9971507437835,1
1,2,0.9999999909250394,0
0,1,0.9992185796349455,1
0,1,0.9987952898887045,1
2,4,0.9999894475145891,1
3,1,0.9994667107705627,1
0,1,0.9992848119457436,1
3,1,0.9988330122307786,1
2,4,0.9998432561435008,1
0,0,0.9752454473574327,3
2,4,0.9990162498067248,1
2,4,0.9999407379322935,1
3,0,0.88567389830038,3
0,1,0.9973378075167053,1
0,1,0.9996125715995123,1
0,1,0.995983532923383,1
4,0,0.9968641883959275,3
2,1,0.9285980825361734,1
0,1,0.9981341760661583,1
2,4,0.9987296531580242,1
3,3,0.9997538615828099,-1
2,4,0.9990985621057408,1
0,1,0.999360336145537,1
2,4,0.9999769494501706,1
0,1,0.9992081295655945,1
1,2,0.9999999909250394,0
2,4,0.9999918173091377,1
2,4,0.99967461669669,1
0,1,0.9989773543124878,1
0,1,0.9992763638914063,1
0,1,0.9983352869127667,1
0,1,0.998654796940692,1
2,4,0.9999492659915636,1
4,0,0.9955096392154109,3
0,1,0.9877388933633832,1
2,4,0.9985121006227649,1
2,4,0.9999394167273764,1
4,0,0.9937458453113447,3
0,1,0.999047335870106,1
2,4,0.9997290627816385,1
2,4,0.9997582772354777,1
1,2,0.999999989152782,0
1,2,0.9999999909250394,0
2,4,0.9996092949736741,1
2,4,0.999423412113408,1
2,4,0.9986819178782167,1
4,0,0.7694775105769406,3
4,0,0.9892374434211797,3
2,4,0.9983776793371704,1
2,0,0.9963123741956865,3
0,1,0.99876228732121,1
2,4,0.9995692083440801,1
4,0,0.9148324014591286,-1
0,1,0.9997479724441428,1
3,1,0.9537967210580824,1
4,0,0.9781776916870869,3
2,4,0.9986839110006056,1
4,0,0.9872928495523143,3
2,4,0.999451509579386,1
0,1,0.998599046431125,1
4,0,0.9963346551839262,3
0,1,0.9989630024489959,1
1,2,0.9999999909250394,0
3,3,0.9994660444684866,-1
1,2,0.9999999909250394,0
2,4,0.9998189077320806,1
2,4,0.99988424073602,1
2,4,0.9996694044474315,1
0,1,0.9985614281697361,1
2,4,0.9995507980325946,1
2,4,0.999430402924105,1
0,1,0.9987254284672601,1
2,4,0.9998038477793469,1
0,1,0.9997064790615722,1
0,0,0.8675918208981916,-1
0,1,0.9989594509046178,1
0,1,0.9988679415547652,1
2,4,0.9998933979248218,1
0,1,0.9995377639983238,1
0,1,0.9993187637333781,1
0,1,0.9995017345982902,1
4,0,0.9506729113043845,3
2,4,0.9999576906948219,1
0,1,0.9969851108140975,1
0,1,0.9990168207882552,1
4,0,0.997012292901337,3
0,1,0.999656128081355,1
1,2,0.9999999909250394,0
2,4,0.9977561953378042,1
0,1,0.9986339949022032,1
1,2,0.999999896419749,0
2,4,0.9999765213336458,1
2,4,0.9998801507055275,1
2,1,0.9947656970730352,1
2,4,0.9996926201545707,1
2,4,0.9999576906948219,1
2,4,0.9996527187789364,1
2,4,0.9984455086256016,1
4,0,0.9674493707440197,-1
0,1,0.998944333350273,1
0,1,0.9990567299551268,1
0,1,0.9994691564855674,1
2,0,0.9959511926169851,3
2,4,0.9999701279250639,1
1,2,0.9999999909250394,0
4,0,0.9911900611795467,3
4,0,0.9109788323049617,3
1,2,0.9999999909250394,0
4,0,0.9980083902003877,3
2,0,0.9943292045641687,3
2,4,0.9993443006346371,1
2,4,0.9988818588120525,1
0,1,0.9974665446750822,1
0,1,0.9980697661666574,1
0,1,0.996444539177655,1
0,1,0.9995427147469631,1
0,1,0.9985468588104348,1
4,0,0.994673921457186,3
0,1,0.9995735157423404,1
0,1,0.9990521190994621,1
2,4,0.9998379117621731,1
2,4,0.999468550874045,1
0,1,0.9990726086766241,1
2,4,0.999951407605759,1
0,1,0.9986750372920055,1
2,4,0.9988523705526753,1
0,1,0.9980715246845601,1
0,1,0.9976883311733706,1
2,4,0.9989427483344421,1
2,4,0.9997378691501042,1
2,4,0.9992603851905001,1
0,0,0.992709298408094,3
0,1,0.9986728347581628,1
0,1,0.9979203141700581,1
3,1,0.9957642625435046,1
0,1,0.9987301898545627,1
0,1,0.9974398396730741,1
3,3,0.9165508081999453,-1
2,4,0.9998405343420439,1
2,4,0.9992750937340772,1
2,4,0.9987501265580367,1
0,1,0.9994842853039264,1
2,4,0.99889618731839,1
4,0,0.9969513849232091,3
2,4,0.9995998585333402,1
4,0,0.9972733794494982,3
2,1,0.9971215304580814,1
2,4,0.9993632434523235,1
2,4,0.9986029982665211,1
1,2,0.9999999909250394,0
0,1,0.9932632208023289,1
2,4,0.9999845072769636,1
2,4,0.9992055289097307,1
4,0,0.8293773428439396,-1
4,0,0.9944332080284699,3
2,4,0.9994709605637406,1
2,4,0.9997504925058086,1
2,4,0.999409338649617,1
2,4,0.9977274156000558,1
3,1,0.9418791786154851,1
0,1,0.9988562649631129,1
4,0,0.9318069160132288,-1
1,2,0.9999999909250394,0
0,1,0.9983619330147219,1
0,1,0.997208644258087,1
1,2,0.9999999909250394,0
0,1,0.9986265682332646,1
2,4,0.9996129450518574,1
4,0,0.9965927229403035,3
2,4,0.9988833103178858,1
2,4,0.9993003814731318,1
0,1,0.9995374253343923,1
2,1,0.9943643174676648,1
4,0,0.7826164274448847,3
2,4,0.9998554762208969,1
0,3,0.682408881230492,-1
2,4,0.9997151836141245,1
2,4,0.9993578491840102,1
0,1,0.9992321442461476,1
2,4,0.9999889390238761,1
4,0,0.9932100950208058,3
0,1,0.9978026292655622,1
0,1,0.9977437968642766,1
2,4,0.9987240485469647,1
2,4,0.9993707589521542,1
2,4,0.9987428488129081,1
4,0,0.9878762810568376,3
2,4,0.9996381954020377,1
2,4,0.999482736174053,1
2,1,0.9946924108238235,1
2,4,0.9998502266736471,1
0,1,0.9995065711127387,1
2,4,0.9999921807259307,1
2,4,0.9992134186403366,1
4,0,0.9728686550530099,-1
2,4,0.9995962419523882,1
2,4,0.9942410545745061,1
1,2,0.9999999909250394,0
4,0,0.9608038796411525,3
1,2,0.999999989152782,0
0,1,0.9988129103977026,1
2,4,0.9999902607574019,1
2,4,0.9999422328550845,1
2,4,0.999985798497228,1
3,3,0.9999831582605687,4
2,4,0.9985522254426727,1
0,1,0.9989402176884314,1
2,4,0.9973566916728993,1
2,4,0.9984170193894756,1
0,1,0.9990141837719444,1
1,2,0.9999999909250394,0
0,1,0.9984956922288563,1
0,1,0.9995092730813129,1
2,4,0.9989125070329158,1
2,4,0.998755111969472,1
3,0,0.8229890429702489,3
1,4,0.9974843233084227,1
0,1,0.9996193030494002,1
4,0,0.9966686622363478,3
0,1,0.99778021909115,1
2,4,0.9984933641487912,1
2,4,0.9988468224646855,1
2,4,0.9994533003391308,1
2,4,0.9999873722881529,1
0,1,0.9994135928413774,1
4,0,0.9955469624785374,3
2,4,0.9996021779987865,1
2,4,0.9999348398917182,1
4,0,0.9893447166324719,3
2,4,0.9992199204162237,1
2,4,0.997325935394854,1
2,4,0.9999692171532711,1
0,1,0.9996213447888672,1
0,1,0.9973790559193626,1
0,1,0.9965775434136575,1
4,0,0.9983426199842343,3
0,1,0.9987746060768256,1
2,4,0.9992684801514609,1
4,0,0.9941246060104433,3
3,1,0.999330292559611,1
2,4,0.9999009256466977,1
4,0,0.9916354532970271,3
2,4,0.999947336028611,1
4,0,0.9723014376425141,3
2,1,0.9954085059759671,1
0,1,0.9993117417458752,1
2,4,0.9998669244733905,1
2,1,0.9958678376066986,1
2,4,0.9995038177594058,1
2,4,0.999860218222971,1
3,1,0.9976294967502223,1
2,4,0.9999616655483151,1
2,4,0.9876734697776662,1
4,0,0.9888584380249715,3
0,1,0.9973412363687614,1
4,3,0.8136738349679895,-1
0,1,0.9972524542493011,1
2,4,0.9992321038521217,1
3,1,0.9996176632744095,1
2,4,0.9993327513398309,1
0,1,0.9963545210771777,1
0,1,0.9989658477647768,1
2,4,0.9987383552138347,1
2,4,0.9988156928624845,1
0,1,0.9989773134183646,1
2,0,0.9947667342188893,3
0,1,0.999708144955891,1
3,1,0.9977005163270497,1
2,4,0.998213500120351,1
2,4,0.9986667371037584,1
3,1,0.9965744330381313,1
0,1,0.9989218987324258,1
2,4,0.9999713715295729,1
0,0,0.9769448437294099,3
4,3,0.5928677088721237,-1
2,4,0.9999664460203278,1
0,1,0.99854422322925,1
2,4,0.9995521090150653,1
2,4,0.9998649573371728,1
0,1,0.9993494417028584,1
2,3,0.9674811406099028,-1
2,4,0.999944564182665,1
2,4,0.9998332181219257,1
0,1,0.9989262706123534,1
2,4,0.9999883938558048,1
0,1,0.9970230768470381,1
1,2,0.9999999909250394,0
4,0,0.994089744714144,3
0,1,0.9993661767638872,1
2,4,0.9996945085307665,1
2,4,0.9999397155972618,1
2,4,0.9993424022874949,1
3,1,0.9990195771997863,1
0,1,0.9994863438747619,1
0,1,0.9988395630462152,1
2,4,0.9996784007267726,1
3,1,0.9992254042899619,1
2,4,0.9994838286738259,1
0,0,0.9813883072585406,3
0,1,0.9993673432595322,1
4,0,0.9822395420527044,3
2,4,0.9999594543473506,1
2,4,0.9993036633052564,1
2,4,0.999030508653309,1
2,4,0.9991608557128271,1
2,4,0.9999699264116488,1
2,4,0.9995060860976464,1
2,4,0.9998727758456429,1
2,1,0.9946808882157687,1
2,4,0.9993323823207385,1
2,4,0.9978134695532584,1
4,0,0.9969519207431037,3
2,4,0.9966476420249578,1
0,1,0.9989718476865501,1
2,4,0.999947568000076,1
0,1,0.9993333429054857,1
2,4,0.999516690366135,1
0,1,0.9984924004860903,1
1,2,0.9999999909250394,0
2,4,0.9999099686028966,1
4,0,0.9926911949037904,3
4,0,0.7996869826267093,3
0,1,0.9987370545360618,1
2,4,0.9990677350528406,1
0,1,0.9989381866197403,1
2,4,0.9973067156921338,1
2,4,0.9995385841079476,1
0,1,0.9982147985441471,1
0,1,0.999706267282731,1
2,4,0.9999144495688963,1
2,4,0.9999654572974903,1
2,4,0.9999784384859626,1
4,0,0.9959437169962819,3
2,4,0.9988983261186217,1
2,4,0.9997070997505973,1
2,4,0.9960353731231776,1
0,1,0.9994202215527902,1
2,4,0.9999283310285221,1
2,4,0.9993941735883578,1
2,4,0.9999740585898823,1
0,1,0.9986354461315384,1
2,4,0.9955031348384871,1
0,1,0.99930138981567,1
2,4,0.9993476182086476,1
0,1,0.9996340799141243,1
2,4,0.9992540183858867,1
2,4,0.9994064507524749,1
0,1,0.9992167843042761,1
2,4,0.9913371746134343,1
2,4,0.9991707757681013,1
4,0,0.998096332808825,3
0,1,0.9986245007554254,1
2,4,0.9999921041130163,1
2,4,0.9995019727674408,1
0,1,0.998561797428654,1
2,4,0.9994763021755045,1
2,4,0.9999862511978048,1
2,4,0.9980384811919739,1
0,0,0.9876925222457811,-1
2,4,0.9997305911824318,1
2,0,0.9972926272159143,3
2,4,0.9989377840592378,1
0,1,0.9988810618796791,1
4,0,0.9901195766087189,3
1,2,0.9999999909250394,0
3,3,0.9945426293511974,-1
0,1,0.9990995385664767,1
2,4,0.999370732188304,1
0,1,0.9987723259219726,1
0,1,0.9996031523733854,1
2,4,0.999012759937803,1
4,0,0.9940920235559647,3
3,1,0.9990737074776521,1
2,4,0.996470649517448,1
2,4,0.9999072482351977,1
4,0,0.9913267002310036,3
0,1,0.9992066767501494,1
2,4,0.9980270488793401,1
4,0,0.9961112582823332,3
0,1,0.9975992215491803,1
2,4,0.9993512393790658,1
2,4,0.9999743181564633,1
4,0,0.9969407519755382,3
2,4,0.9998997295810605,1
1,2,0.9999999909250394,0
4,0,0.9763698966778922,3
2,4,0.9992754317769713,1
0,1,0.9992383196159089,1
2,4,0.999989903587159,1
4,0,0.9935053554564534,3
3,1,0.9985812736842657,1
3,3,0.686532240948343,1
4,3,0.6841970028394169,-1
1,2,0.9999999909250394,0
3,1,0.9984361935137169,1
2,4,0.998618627655868,1
3,1,0.9808074646667406,1
2,4,0.9993133004668092,1
4,0,0.8243684653402451,3
4,0,0.9761688651950786,3
2,4,0.9999508987754724,1
0,1,0.9994459029961891,1
2,4,0.9997574003132943,1
2,4,0.9999414418250967,1
4,0,0.9902268571932691,3
0,1,0.9996467636311507,1
2,4,0.9999063940330501,1
2,4,0.9999775911734422,1
2,4,0.9999395091204352,1
2,0,0.9932940377301758,3
2,4,0.9999576906948219,1
4,0,0.9819925082289145,3
4,0,0.9973048948111558,3
0,1,0.9979012597616735,1
0,1,0.9983122274495214,1
4,0,0.9981914653508641,3
0,1,0.9993975382936582,1
2,4,0.9991422313051738,1
0,1,0.9983209281580854,1
2,4,0.9998940836640119,1
2,4,0.9992157044222616,1
2,4,0.9999559637149411,1
4,0,0.9923994484280821,3
0,1,0.9979948938941539,1
0,1,0.9987806055010555,1
2,4,0.9985091580276189,1
4,0,0.9870648622241257,3
2,4,0.9999909313536697,1
1,2,0.9999999909250394,0
3,1,0.9981879430057214,1
2,4,0.9949131006180164,1
4,0,0.9944032316400526,3
2,4,0.9998396489271416,1
2,4,0.9990090415605242,1
4,0,0.9957553413430517,3
0,1,0.9996851968299639,1
2,4,0.9990362654196248,1
2,4,0.9984214480682226,1
3,1,0.991979145738569,1
2,4,0.9999614330673008,1
4,0,0.9987703970422136,3
3,1,0.9989225293503762,1
2,4,0.9998341584356168,1
3,1,0.9993536746729382,1
4,0,0.9991245447833712,3
4,0,0.974432821762302,3
0,1,0.9967813351095254,1
2,1,0.9959723663620761,1
2,4,0.9988015745630398,1
0,1,0.9994300779326154,1
0,0,0.9126791183902114,-1
2,4,0.9991331007169687,1
2,4,0.9999159134875238,1
3,1,0.6922760824661014,1
4,3,0.9367422809625124,-1
1,2,0.9999999909250394,0
4,0,0.8351470792041262,3
2,4,0.9993442777056086,1
3,1,0.9943887637221543,1
3,1,0.9985504685576926,1
2,4,0.9997592543030096,1
0,1,0.9969644796724845,1
3,1,0.9980380436241145,1
4,0,0.9910127956573964,3
4,0,0.9929289633602058,3
4,0,0.994354413145809,3
2,4,0.9992827421814038,1
0,1,0.9991092832115662,1
2,4,0.999298712354883,1
4,0,0.9965280824648273,3
0,1,0.9974405502085187,1
2,4,0.9997805037554349,1
0,1,0.9977048171006422,1
2,4,0.9989172390875796,1
0,1,0.9995743741556015,1
2,4,0.9999094051287358,1
2,4,0.9983703009103456,1
0,1,0.9994744245876767,1
1,2,0.9999999909250394,0
4,0,0.9911179984672457,3
0,1,0.9981822193058856,1
0,1,0.9983300195591776,1
2,4,0.9999788535514244,1
3,1,0.5790128485557209,1
4,0,0.9510406237375616,3
1,2,0.999999989152782,0
2,4,0.9990356988425769,1
3,3,0.5147678253952636,-1
2,4,0.9986649143735523,1
3,1,0.9989862282629138,1
4,0,0.9952781061695719,3
2,4,0.9989856925706259,1
4,0,0.9962900926709827,3
4,0,0.9925115624205485,3
0,1,0.9994139598679667,1
0,1,0.9972875531240125,1
2,4,0.9995641871885744,1
2,4,0.9999764438680216,1
2,4,0.9988972798082096,1
1,2,0.999999989152782,0
0,1,0.9984044857845156,1
0,1,0.9991248592432391,1
4,0,0.6231681877093546,-1
3,3,0.9025310278854884,-1
2,4,0.998703577883605,1
2,4,0.9990528013231756,1
4,0,0.9879982477060703,3
0,1,0.997562975392914,1
0,1,0.9996928368631752,1
0,1,0.9990503100136237,1
0,1,0.9994294744553255,1
2,4,0.999542423504759,1
0,1,0.9983696247902412,1
2,4,0.9988177388419097,1
1,2,0.9999999909250394,0
2,4,0.9998987742468353,1
2,4,0.9986033864839255,1
0,1,0.9976205639651985,1
2,4,0.9993281686909143,1
2,4,0.9997346580882426,1
1,2,0.9999999909250394,0
2,4,0.992402896932538,1
1,2,0.9999999909250394,0
2,4,0.9975957461354632,1
4,0,0.9975471766390889,3
0,0,0.992187158261425,3
0,1,0.9962605668771268,1
3,1,0.5889564940844961,-1
0,1,0.9989899672248329,1
0,1,0.9985147223401318,1
2,4,0.9991610357808342,1
0,1,0.9991692210711488,1
1,4,0.9998465335135441,1
0,1,0.9989874067867238,1
2,4,0.999741653697737,1
3,1,0.9996209009527082,1
0,1,0.9985041860717585,1
2,4,0.999887004068682,1
1,2,0.9999999909250394,0
1,2,0.9999999909250394,0
2,1,0.997452849693623,1
0,1,0.9995258570187899,1
0,1,0.9992220516854262,1
2,4,0.9983592507988576,1
2,0,0.9965257845830632,3
0,1,0.9987409522396206,1
4,0,0.9983315236956577,3
0,1,0.9998068212464833,1
4,0,0.824266844007339,-1
0,1,0.9996883750372922,1
2,4,0.9993410384030949,1
2,4,0.999173001571239,1
0,1,0.9987636893150029,1
0,1,0.9992605924187428,1
2,4,0.9997468219720917,1
2,4,0.9986872302911192,1
2,4,0.9972755596154934,1
2,4,0.9976978671510845,1
2,4,0.9989678850028998,1
3,1,0.9992781684166652,1
4,0,0.9943586503701324,3
3,1,0.7393722506974099,1
0,1,0.9992085415626547,1
2,4,0.9995853653426283,1
4,0,0.9544587065952536,3
2,4,0.9998816135613946,1
2,0,0.9945383038801076,3
2,4,0.99995722507209,1
0,1,0.999308482411035,1
2,4,0.9999029048000728,1
2,4,0.999021145817792,1
3,0,0.7756268776443286,-1
0,1,0.9970277912149351,1
0,1,0.9988775161543814,1
2,1,0.9864765332941927,1
2,0,0.9926896915010214,3
2,4,0.9997103827089278,1
3,1,0.9766682857290256,-1
0,1,0.9988914192823786,1
4,0,0.9662958439294806,3
2,4,0.9999410550210616,1
0,1,0.9978372939721487,1
1,2,0.9999999909250394,0
0,1,0.9986788854875295,1
2,4,0.9887617080371865,1
0,1,0.999461631406504,1
0,1,0.9989111061191062,1
0,1,0.9972312080383781,1
0,1,0.9996498805254495,1
4,0,0.9969264213098827,3
4,0,0.9716404239439426,3
2,4,0.9999139538758602,1
2,4,0.9992716450386592,1
0,1,0.9983436092538535,1
2,4,0.9999922814163309,1
4,0,0.9951633239413534,3
2,4,0.9999906139948073,1
4,0,0.9911426658616045,3
2,4,0.9999365243981009,1
4,0,0.9714492035718909,3
4,0,0.9975162942516633,3
4,0,0.9979679571742827,3
2,4,0.999467158984305,1
0,1,0.9987560335495672,1
4,0,0.9949714556298277,3
4,0,0.9966058172549451,3
0,1,0.999092391546989,1
2,4,0.9990820668031082,1
2,4,0.9995752036650182,1
2,1,0.9966422035316083,1
2,0,0.7709914509828103,3
3,1,0.999282478268485,1
2,4,0.9994070786023808,1
2,4,0.9733564934935791,1
2,4,0.9990899110990633,1
2,4,0.9999775218282083,1
0,1,0.9994068855277424,1
2,4,0.9997835154623815,1
1,2,0.999999989152782,0
3,3,0.9965074617261949,-1
3,1,0.9980840510422877,1
0,1,0.998001279743648,1
0,1,0.9994490478398972,1
0,1,0.9986083408533724,1
2,4,0.996347268372628,1
0,1,0.9996388145648673,1
2,4,0.9999889061594187,1
1,4,0.9974843233084227,1
2,4,0.999708333133019,1
4,0,0.997152146913532,3
4,0,0.9971938623580479,3
0,1,0.998339472822122,1
2,4,0.9988493358690059,1
3,1,0.999366196047551,1
4,0,0.9991649228161616,3
1,4,0.9983817728838487,1
2,4,0.9998109521157076,1
2,4,0.9999870417889956,1
2,4,0.9996378192710201,1
2,4,0.9997169248348159,1
0,1,0.9987421827335676,1
1,2,0.9999999909250394,0
0,1,0.9965474033984109,1
2,4,0.999768175670884,1
2,4,0.9999625994188149,1
1,2,0.9999999909250394,0
1,2,0.9999999909250394,0
0,1,0.9995637685906281,1
2,4,0.9990122483021857,1
2,4,0.9998235444323961,1
1,2,0.9999999909250394,0
0,1,0.9994347544110226,1
0,1,0.998476897112225,1
4,0,0.9850182729307941,3
0,1,0.9996242287431594,1
4,0,0.9953027866337796,3
2,4,0.9967674009769693,1
1,4,0.9970255264040488,1
0,1,0.9996578410827336,1
4,0,0.9351892990538229,3
4,0,0.988557156433876,3
2,4,0.9971866822925339,1
4,0,0.9976289964539963,3
2,4,0.99862918537476,1
2,0,0.9959850476319486,3
2,1,0.9967315411122085,1
0,1,0.9983295551481328,1
2,3,0.999165082163982,-1
0,1,0.9996673686373856,1
4,0,0.9879556565787426,3
2,4,0.9993969780966679,1
2,4,0.9993508304694481,1
2,4,0.9998155327654892,1
2,1,0.9941527346795552,1
4,0,0.9330726376766402,3
0,1,0.998450938181702,1
2,4,0.9974881521660327,1
2,4,0.9989395095599755,1
1,2,0.9999999909250394,0
0,1,0.998900531505486,1
2,4,0.9976555816320432,1
2,4,0.9976719888226248,1
4,0,0.9953195223491316,3
2,4,0.9999773869286307,1
2,4,0.9976321602370898,1
2,4,0.9913995066669768,1
1,2,0.9999999909250394,0
0,1,0.99944836746047,1
0,1,0.9990415932902514,1
2,4,0.9994609203990251,1
2,4,0.9991334164996976,1
1,4,0.9817942641989689,1
4,0,0.998673239057358,3
1,2,0.999999989152782,0
2,1,0.9965031910662656,1
1,2,0.9999999909250394,0
0,1,0.9918783433205863,1
2,4,0.9995518013290834,1
0,1,0.9995923067783562,1
4,0,0.9969490518920663,3
0,1,0.9990263344776427,1
3,3,0.9745622989991969,-1
3,1,0.9949128017726762,1
0,1,0.9987260647248247,1
4,0,0.9965279902154024,3
2,4,0.9995980665452632,1
2,4,0.9998255465242661,1
0,1,0.9970002446589961,1
2,4,0.9999878655350855,1
0,1,0.9986099019293981,1
2,4,0.9999395590864263,1
0,1,0.9983022998190942,1
3,1,0.99902485798809,1
2,4,0.9983945210820822,1
0,1,0.9991070154690168,1
0,1,0.9993493733021279,1
2,4,0.9997401896520975,1
0,1,0.998264826584067,1
2,4,0.9999410550210616,1
1,2,0.9999999909250394,0
2,4,0.9998361545023339,1
4,0,0.9930625898594067,3
0,1,0.9982095447293863,1
2,4,0.9993424022874949,1
2,4,0.9994122518812729,1
2,4,0.9994525807788942,1
2,4,0.996527061516647,1
2,4,0.9981148331400823,1
2,4,0.9998704164723161,1
0,1,0.9992361732452066,1
2,4,0.9991930974985186,1
1,2,0.9999999909250394,0
0,1,0.9997009763552974,1
0,1,0.9992398297062399,1
2,1,0.8480299414779975,1
2,4,0.9997019735499787,1
2,4,0.9993199069186584,1
2,4,0.999971710729688,1
2,4,0.9986975211239395,1
0,1,0.9995567699302402,1
1,2,0.999999896419749,0
4,0,0.9892918300976559,3
0,1,0.9984587984225657,1
2,4,0.9990650134351134,1
1,4,0.9993913723382931,1
2,4,0.9993164282484072,1
2,4,0.9998886459737543,1
2,4,0.9999743181564633,1
2,4,0.9994535964310246,1
0,1,0.9995502411126119,1
2,1,0.9847364409008882,1
2,4,0.9998402062738199,1
2,3,0.9970482619625622,-1
0,1,0.9994513116784783,1
0,1,0.9993005222591319,1
2,4,0.999323108203073,1
0,1,0.9991599757614753,1
2,4,0.9994727354948788,1
3,1,0.9993782139738995,1
2,4,0.9978173790900082,1
2,4,0.9975865455342414,1
1,2,0.9999999909250394,0
0,1,0.9984342616208153,1
0,1,0.9993210484737238,1
1,2,0.9999999909250394,0
2,4,0.9990933356076201,1
2,4,0.9999901491592991,1
4,0,0.9971507866941272,3
2,4,0.9991602962725502,1
2,4,0.9974271681080251,1
0,1,0.9992440939372053,1
1,2,0.9999999909250394,0
2,4,0.9999875486632215,1
3,1,0.9827305002140007,1
4,0,0.996956316090745,3
0,1,0.9985377693218759,1
2,4,0.9998841596792327,1
0,1,0.9996682475578681,1
1,2,0.9999999909250394,0
2,0,0.9952455692410115,3
2,1,0.9748620612024447,1
4,0,0.9843209916621959,3
4,0,0.995935374164116,3
2,4,0.9994404484282713,1
2,4,0.9991383135603535,1
2,4,0.9996811064853124,1
2,4,0.9976267700003216,1
2,4,0.9993105364589515,1
3,1,0.998141361645834,1
0,1,0.9980162476507547,1
3,0,0.5624320754554937,3
4,0,0.9959419780588035,3
4,0,0.9901308955879473,3
0,1,0.9994177573400793,1
2,1,0.9958707242917874,1
2,4,0.9993670832226715,1
2,4,0.9986236679798819,1
0,1,0.9995265108027293,1
4,0,0.9952828632673093,3
1,2,0.9999999909250394,0
2,4,0.9996888692855129,1
0,1,0.9972578779207125,1
4,0,0.9952509086224715,3
4,0,0.9976304553473585,3
0,1,0.9988604077937152,1
4,0,0.9711605891402068,3
0,1,0.9995460558434737,1
2,4,0.9995338863676358,1
4,0,0.9978704665209345,3
2,4,0.999377427513872,1
3,3,0.9999999999991864,-1
2,4,0.9989500431734222,1
2,4,0.9960889838258783,1
2,1,0.9793017902504638,1
4,0,0.9935021292243533,3
3,1,0.7457922645804386,1
4,0,0.9631213262913607,3
0,1,0.9984526308822773,1
1,2,0.9999999909250394,0
4,0,0.9306000564485756,3
0,1,0.9990291487823376,1
2,4,0.9998951953601357,1
2,4,0.9999903207982291,1
4,0,0.9967657649594716,3
1,2,0.9999999909250394,0
1,2,0.9999999909250394,0
2,4,0.9998909058342225,1
4,0,0.9967016149739579,3
2,4,0.9953857242188862,1
2,4,0.9999665578023332,1
2,4,0.9977639940085514,1
0,1,0.9992231475065636,1
0,1,0.9987355508822657,1
0,1,0.9992671174053412,1
2,0,0.9971866594051,3
3,1,0.9963223162481442,1
0,1,0.9996232619623122,1
0,1,0.9984542032526686,1
4,0,0.9624128789880546,3
2,4,0.9991017879849177,1
2,0,0.9551649544371905,3
2,4,0.9983458276797816,1
3,1,0.9952546332436536,1
4,0,0.9958704844300241,3
4,0,0.9976531482084412,3
0,1,0.9978305991584427,1
4,0,0.9710653713864295,3
4,0,0.9705143540823364,3
4,0,0.9954544965254767,3
4,0,0.9960886308761673,3
2,4,0.9993377560504351,1
4,0,0.9984678984998864,3
1,2,0.9999999909250394,0
2,4,0.9999779707964048,1
2,1,0.9944261295977282,1
2,4,0.999311015433565,1
0,1,0.9983774478471323,1
1,3,1.0,-1
0,1,0.9986367174768889,1
3,1,0.9994680806771777,1
0,1,0.9962469539580004,1
1,2,0.999999989152782,0
4,0,0.9604827925199704,-1
0,1,0.9985802584250504,1
4,0,0.9515112583746727,3
1,2,0.9999995981183906,0
0,1,0.9986616115291154,1
0,1,0.9996134990887628,1
4,0,0.9844954055926816,3
0,1,0.998678008037804,1
2,0,0.9971045426658574,3
1,2,0.9999999909250394,0
1,2,0.999999989152782,0
0,1,0.9961394821774787,1
2,4,0.9802204334695607,1
2,4,0.9990779152251339,1
2,4,0.9992114850377534,1
3,1,0.9994039498079502,1
2,4,0.9963129497797212,1
0,1,0.9975761313545977,1
0,1,0.9984214606114016,1
4,0,0.9971532164765321,3
1,2,0.9999999909250394,0
2,4,0.9980763171695184,1
2,4,0.9999714282059411,1
2,4,0.9958674492061059,1
0,0,0.9776489279675912,-1
2,4,0.9998654704548154,1
2,4,0.9999885148833173,1
0,1,0.9993954422683822,1
4,0,0.9748458045099984,-1
2,4,0.9998688822457568,1
0,1,0.9978982857393252,1
2,4,0.9978812389834304,1
0,1,0.9994917712521172,1
4,0,0.9946557073999123,3
2,4,0.998977009230849,1
2,4,0.9984994890660592,1
0,0,0.9890522937979532,3
2,4,0.9989128116402662,1
0,1,0.9994698900446944,1
4,0,0.9963919340245271,3
4,3,0.5773845599205738,-1
2,4,0.9999902022482317,1
3,1,0.9961866174369448,1
2,4,0.9963151505811009,1
2,4,0.9998090073852915,1
0,1,0.9978594101615141,1
0,1,0.9994614003254378,1
4,0,0.9967213035903733,3
1,2,0.9999999909250394,0
4,0,0.9470972363835456,3
1,2,0.9903475141854111,0
2,3,0.9999935978258956,-1
1,2,0.9999999909250394,0
2,4,0.9998542746111332,1
4,0,0.9629402770771736,3
0,1,0.9995546080402538,1
2,4,0.99871372243784,1
0,1,0.9971405301177666,1
2,4,0.9999374314088021,1
3,3,1.0,2
1,2,0.9999999909250394,0
2,4,0.9999357034396006,1
0,0,0.9908944313736765,3
3,1,0.9956713385515009,1
0,1,0.9994882997269162,1
0,1,0.998863605734047,1
2,4,0.9998571021026958,1
4,0,0.9966443956245762,3
2,4,0.9988244449351632,1
0,1,0.9995320345836499,1
1,2,0.9999999909250394,0
2,4,0.9992541602548233,1
1,4,0.9987121675462125,1
3,1,0.9952891748706739,1
0,1,0.999601397731265,1
4,0,0.9577736040186765,3
0,1,0.9993844406946532,1
2,4,0.9994200947226559,1
2,4,0.9999376374714155,1
1,2,0.9999999909250394,0
2,4,0.9962632678823751,1
2,4,0.9999084442357697,1
2,4,0.9994746049801706,1
1,2,0.9999999909250394,0
3,1,0.9948888245087458,1
2,4,0.9999903220222178,1
0,1,0.9981237786196385,1
4,0,0.9957342875165949,3
2,0,0.9972649227405588,3
2,4,0.997150538299876,1
1,2,0.999999989152782,0
2,4,0.9993579258482282,1
2,4,0.9992416789717075,1
3,3,0.9991141536229264,-1
4,0,0.9945703748270697,3
2,4,0.9999573002381548,1
4,0,0.9946396833676623,3
4,0,0.9936413396151703,3
0,1,0.9992544444270325,1
2,4,0.9999141295214253,1
0,1,0.9985949015833389,1
0,1,0.9975912417152423,1
2,4,0.9985869934090592,1
0,1,0.9984798045411445,1
2,4,0.998056570990176,1
2,4,0.9987136983825616,1
4,0,0.8496979316334227,3
3,3,1.0,-1
2,4,0.9999824322514869,1
0,1,0.9961209863828471,1
2,4,0.9929173661390598,1
0,1,0.9984735446196062,1
2,4,0.9978236444344185,1
2,4,0.9993699575237692,1
2,4,0.9990160994156052,1
0,1,0.999078559422548,1
0,1,0.9991931500147837,1
0,1,0.9990104225877818,1
0,1,0.9995508839534081,1
2,4,0.999598667120323,1
1,2,0.9999161823166601,0
2,4,0.9988446859119496,1
4,0,0.9899722148670396,3
2,4,0.9986492111636022,1
4,0,0.9975721666162077,3
2,4,0.9992213898535972,1
4,0,0.9967504947140987,3
4,0,0.9976435913925165,3
2,4,0.9988946118356059,1
2,4,0.9995075453703657,1
0,1,0.9980848865583481,1
2,4,0.9999348659531628,1
0,1,0.9989958838311032,1
4,0,0.6399563957074262,3
2,4,0.9947515854991952,1
2,4,0.9692662881750216,1
2,4,0.9988391420877981,1
0,1,0.9973473662220567,1
4,0,0.996587034589825,3
2,4,0.9991392387684769,1
2,4,0.9995428142752579,1
4,0,0.9978609873389515,3
4,0,0.9985008912792723,3
1,3,1.0,-1
2,4,0.9980735117461816,1
1,2,0.9999999909250394,0
0,0,0.9372230229162817,3
1,2,0.9999999909250394,0
0,1,0.9987521913416948,1
0,1,0.9989162832752266,1
1,2,0.999999989152782,0
2,1,0.9933547575943343,1
2,4,0.9996935303731999,1
0,1,0.9952306427160077,1
2,4,0.9997069174524552,1
4,0,0.9978875769119377,3
2,4,0.9993847089974334,1
2,4,0.9999791150546564,1
2,4,0.9999541541569859,1
2,4,0.999971360683139,1
1,2,0.9999999909250394,0
2,1,0.9767859319139505,1
1,2,0.9997082374941741,0
2,4,0.9980942738860783,1
2,4,0.9999780043112261,1
3,3,1.0,-1
2,4,0.9995269311090844,1
0,1,0.9983074568040098,1
4,0,0.9936428478661508,3
2,4,0.9994485775641033,1
0,1,0.9992720612950151,1
0,1,0.998608261846133,1
4,0,0.7919477265730765,3
0,1,0.9995117434953635,1
2,4,0.999961096210452,1
2,4,0.9983401756880995,1
2,4,0.99775156427869,1
2,4,0.9997729975893678,1
4,0,0.9920342147430904,3
0,1,0.9989896127670284,1
2,4,0.9990078757595874,1
3,1,0.9969846950363627,1
2,4,0.9979627683065195,1
1,2,0.9999999909250394,0
0,1,0.9968467633072325,1
2,4,0.9999312869532412,1
0,1,0.999017201332633,1
0,1,0.9989039516365725,1
0,1,0.9941028094447597,1
2,4,0.9999038926494289,1
2,4,0.9995770781671729,1
4,0,0.9957596203404828,3
0,1,0.9994867680716764,1
4,0,0.9111595886785903,-1
3,1,0.6231984085094865,1
0,1,0.9989204554390567,1
0,1,0.9993638268718237,1
2,4,0.9999331031743551,1
3,3,0.8305237046017543,-1
4,0,0.996325253022754,3
4,0,0.9922184431185666,3
2,4,0.9999564951510566,1
2,4,0.9974065556189441,1
4,0,0.9970873357476755,3
2,4,0.9999655296579659,1
3,3,0.999999943349289,-1
1,4,0.9998362536227818,1
2,4,0.9974994967520143,1
0,1,0.9993153064024052,1
2,4,0.9992594496871937,1
0,1,0.9981591774980643,1
0,0,0.9968830909099576,3
2,4,0.9996614173632657,1
4,0,0.9972976594744023,3
2,4,0.9956858738314176,1
2,4,0.9999084442357697,1
4,0,0.9949924406087843,3
0,1,0.9985673675285436,1
3,1,0.9945201523175751,1
1,4,0.9990032798495758,1
2,4,0.999540019720768,1
2,4,0.9980853620660259,1
2,4,0.9989944157542022,1
2,4,0.9997014424860691,1
4,0,0.9522332688196689,3
2,4,0.9999919778917126,1
2,4,0.9992854305810459,1
2,4,0.998764919945299,1
0,1,0.9995179967987967,1
2,4,0.9999760739590038,1
0,1,0.9982609955397015,1
2,4,0.9995133150697489,1
0,1,0.99892508602811,1
2,4,0.9998847686544972,1
0,1,0.9996397836285783,1
2,1,0.9858523934280504,1
2,4,0.9986902888673342,1
2,4,0.9991193287776126,1
2,4,0.9989304716990307,1
0,1,0.9977486975138669,1
3,3,1.0,2
0,1,0.9991424319269766,1
0,1,0.9976570170345538,1
4,0,0.9954718364616889,3
2,4,0.9998945870874985,1
1,2,0.999999989152782,0
2,4,0.9992798627062911,1
1,2,0.9999999909250394,0
2,4,0.9994032486884242,1
4,0,0.9927343636786086,3
2,4,0.9999932292638646,1
0,1,0.9987023857899884,1
4,0,0.9977530659233177,3
4,0,0.9945691173258173,3
2,4,0.9999858645956242,1
1,2,0.9999999909250394,0
0,0,0.994385049820206,3
4,0,0.9823536802092354,3
2,4,0.9987672896334755,1
2,4,0.9989586973761779,1
1,2,0.9999999909250394,0
2,4,0.9987166238328792,1
0,1,0.9990494310858822,1
1,4,0.9966434088641033,1
4,0,0.9932515969125716,3
4,0,0.9963814602068806,3
4,0,0.9949683615427355,3
1,2,0.9999999707691196,0
2,4,0.9933274364154238,1
4,0,0.9940309558884705,3
2,4,0.9987041352725567,1
2,4,0.9999234044863389,1
2,4,0.9984480959749866,1
2,4,0.9994428653526324,1
2,4,0.9982203386835313,1
2,4,0.9962159287853407,1
1,2,0.9999999909250394,0
2,4,0.9988827347798251,1
2,4,0.999980518547257,1
2,3,0.6022616971732938,3
4,0,0.9943052393255266,3
1,2,0.9999999909250394,0
0,1,0.9989262606846748,1
2,4,0.9983547268828422,1
3,3,0.8246939905089595,-1
0,1,0.9991889845218028,1
0,1,0.9982005570557789,1
4,0,0.9989962633468438,3
4,0,0.9727112982067568,3
1,2,0.9999999909250394,0
2,4,0.9994436365158393,1
0,0,0.9911200371599881,-1
0,1,0.9901094833500743,1
3,0,0.9134394498566597,3
2,4,0.9999518806029756,1
4,0,0.9984511203912434,3
1,4,0.9361827322448086,1
2,4,0.9999485875917739,1
2,4,0.9998000559540057,1
2,4,0.9997505794148382,1
2,4,0.999988406830342,1
2,4,0.9990768111109424,1
0,1,0.9964194892227247,1
2,4,0.9999315143592217,1
0,1,0.9989041654503995,1
3,1,0.9991251092527783,1
4,0,0.9883565187226518,3
0,1,0.9974996058374893,1
4,0,0.9962208305033728,3
4,0,0.9878594060651089,3
2,4,0.9993795701739022,1
0,1,0.9984287618173623,1
2,4,0.9984537118055962,1
2,4,0.9988922438774275,1
0,1,0.998895994318098,1
2,4,0.9992943729416489,1
0,1,0.9991877200359605,1
4,0,0.9995227713110262,3
2,4,0.9985799756712975,1
2,4,0.9999614330673008,1
2,4,0.9999480820146378,1
2,4,0.9997619289654393,1
2,4,0.9990588552406804,1
2,4,0.9999793495719522,1
3,3,0.9925530540625166,-1
2,4,0.9921428558717142,1
4,0,0.9992548796812315,3
2,4,0.999421422285665,1
2,4,0.9986570593147844,1
4,0,0.990632542372533,3
2,4,0.9995221729506047,1
0,1,0.9989701562898408,1
2,4,0.9986325767463233,1
4,0,0.9976519992824737,3
2,4,0.9975894085455885,1
4,0,0.946912986257103,3
2,4,0.9994316029615988,1
2,4,0.9998687391299064,1
2,4,0.9999088493591155,1
2,4,0.9967875024077485,1
2,4,0.9991550785853691,1
0,1,0.9997448946482649,1
1,2,0.9999999909250394,0
0,1,0.9995929610238307,1
0,1,0.9996853309505753,1
4,0,0.9936280375246864,3
1,2,0.9999999909250394,0
0,1,0.9981337020386564,1
1,2,0.9999999909250394,0
2,4,0.9957270650722618,1
4,0,0.9873789203709128,3
2,4,0.9995716734058585,1
0,1,0.9991731781226518,1
4,0,0.9955305734697052,3
0,1,0.9985000747272968,1
2,4,0.9992517987065808,1
2,4,0.9994240815219891,1
2,4,0.9947604484951328,1
0,1,0.9991611865827901,1
4,0,0.9340287117406902,3
4,0,0.9949388334317582,3
3,1,0.9983641868126861,1
2,4,0.9999922396187411,1
4,0,0.9449706506668419,3
0,1,0.9990160730002016,1
1,4,0.9999088618984308,1
0,1,0.9994194705750394,1
2,4,0.9999929467003558,1
2,4,0.9995988745666913,1
2,4,0.9990491301488236,1
0,1,0.9986168370942893,1
2,1,0.9951142014380265,1
0,1,0.9989366935453813,1
2,4,0.9988968741332243,1
2,4,0.9993160421179809,1
4,0,0.9935871741571402,3
2,4,0.9959478282441989,1
0,1,0.9985474166652278,1
2,4,0.9993564654002266,1
0,1,0.998879532181416,1
0,1,0.9988908132953043,1
1,2,0.9999999909250394,0
3,1,0.9991801730045226,1
2,4,0.9994684711306412,1
2,4,0.9999215009159954,1
0,1,0.9980279860095467,1
0,1,0.9989075741895849,1
0,1,0.9993681856002724,1
2,4,0.9995557842504433,1
2,4,0.9961346098922385,1
4,0,0.9838116805544784,3
0,1,0.9996919348172664,1
2,4,0.9996110937340116,1
4,0,0.9959732539597109,3
2,4,0.9998805457131987,1
4,0,0.9965224695708848,3
2,4,0.996333229437886,1
2,4,0.9997950478428408,1
0,1,0.999355163454459,1
2,1,0.9828430036684508,1
0,1,0.9989057174312969,1
2,4,0.9992995430362592,1
0,1,0.9991009191121039,1
1,2,0.9999999909250394,0
4,0,0.9968847967067137,3
2,1,0.9948338670094873,1
2,4,0.9998506191229158,1
1,2,0.9999999909250394,0
1,4,0.9731221243291353,1
2,4,0.9992824773175585,1
3,3,1.0,2
2,4,0.9961544678427512,1
2,4,0.9994988033761688,1
1,2,0.9999999909250394,0
0,1,0.9993877840996382,1
1,2,0.9999999909250394,0
2,4,0.9998194669586786,1
2,4,0.9977180974755628,1
2,4,0.9994922866996309,1
3,1,0.9031527363801461,1
0,1,0.9976124388366986,1
2,4,0.9974574133936107,1
0,1,0.9990099770240011,1
0,1,0.996806417550531,1
2,4,0.9999557572128469,1
2,4,0.9960316883233894,1
2,4,0.9994804397311752,1
2,4,0.9996673159698459,1
2,4,0.9999920420121607,1
1,4,0.9988456938668341,1
4,0,0.9978984021706728,3
1,2,0.9999999909250394,0
2,4,0.9996461919968105,1
2,4,0.998278400292923,1
1,2,0.9999999909250394,0
0,1,0.9988314842301921,1
2,4,0.999938539164302,1
4,0,0.9859080895754193,3
0,1,0.9990163450247393,1
1,2,0.9999999909250394,0
2,4,0.999707533646783,1
2,4,0.9999801306733658,1
2,4,0.998991496947427,1
2,4,0.9973036392241714,1
0,1,0.9993901900042516,1
2,4,0.9991020319900837,1
2,4,0.999961551168114,1
0,1,0.9970005298784503,1
2,1,0.9321450562531389,1
2,4,0.9998503797151413,1
2,4,0.9999906139948073,1
0,1,0.980810619503786,1
4,0,0.9989430501723081,3
4,0,0.9820774363474961,3
2,4,0.9995815658960723,1
3,3,0.7393333363121531,1
0,1,0.9967192449492583,1
2,4,0.996267938053754,1
0,1,0.9983029124455232,1
0,1,0.9982356535738058,1
0,3,0.8773730626772194,-1
1,4,0.9982983065716748,1
0,1,0.9994390366867777,1
2,4,0.9999812235366241,1
0,1,0.9981317715576539,1
4,0,0.7195005746835048,-1
1,2,0.9999999909250394,0
0,1,0.9983734208348497,1
0,1,0.9992767032895469,1
2,4,0.9999910450992631,1
1,2,0.999999989152782,0
2,4,0.9994566775381671,1
4,0,0.9912415018096851,3
4,0,0.9975899324125671,3
2,4,0.9998050734870741,1
2,4,0.9994425009716189,1
4,0,0.9894588798929916,3
0,1,0.9987095051294058,1
1,2,0.9999999909250394,0
0,1,0.9985786828362802,1
1,4,0.9982983065716748,1
2,4,0.9998415383050205,1
0,1,0.9992438278269566,1
2,4,0.9998085296793788,1
4,0,0.9837995784570812,-1
2,4,0.9957860158652733,1
0,1,0.9979109609942947,1
0,1,0.997936177350085,1
1,2,0.9999999707691196,0
2,4,0.9999668375688641,1
2,4,0.9999598785903261,1
2,4,0.9979852184657048,1
0,0,0.9880631428752464,3
3,3,0.8700702076291962,-1
2,4,0.9979060739582754,1
1,2,0.9999999909250394,0
2,4,0.9999030552948908,1
2,4,0.9991499267935678,1
4,0,0.9266198477336488,3
2,4,0.9991320425371484,1
4,0,0.9917884912210436,3
2,4,0.9983357163761826,1
0,1,0.9990897574713357,1
4,0,0.9992078291972568,3
4,0,0.9938002209019918,3
2,4,0.9998947888080334,1
0,1,0.9986694306747196,1
2,4,0.999054048070716,1
2,4,0.9998198729561203,1
4,0,0.9854610522417686,3
4,0,0.9932418256752651,3
4,0,0.9956970821191238,3
2,4,0.9983389749214747,1
0,1,0.9980748082202424,1
2,4,0.999245123825995,1
2,4,0.9995197982999536,1
2,4,0.9995311542402493,1
0,1,0.9968603200234647,1
0,1,0.9976327933429412,1
2,4,0.9984669640035501,1
1,2,0.999999989152782,0
2,4,0.9992453419192531,1
0,1,0.9991819206924878,1
1,2,0.999999989152782,0
1,4,0.844033694024519,1
2,3,0.9999997511925852,-1
2,4,0.9992938095495436,1
2,4,0.9999767461077529,1
2,0,0.9970476017638598,3
3,1,0.9936541976377551,1
2,4,0.9984394758289258,1
2,4,0.9980389047292638,1
2,4,0.9988198180700588,1
2,4,0.9989758376234503,1
2,4,0.9999921041130163,1
2,4,0.9992836855507601,1
2,3,0.9999207598137896,-1
0,1,0.9992731322942592,1
2,4,0.997803786697723,1
2,4,0.9997035895374469,1
4,0,0.9890276882462664,3
2,4,0.9999112223556031,1
1,4,0.9992816884531508,1
2,4,0.999344173705666,1
0,1,0.9982331085940669,1
2,4,0.9988730629374619,1
2,4,0.9998716551970811,1
1,2,0.9999999909250394,0
4,0,0.999094108190331,3
0,1,0.9996381843392628,1
0,1,0.9988356206836553,1
4,0,0.9966903010509657,3
2,4,0.986041111420974,1
2,4,0.9996576708460485,1
3,1,0.9991054944566016,1
2,4,0.9994515180127309,1
2,4,0.9993553328950807,1
1,2,0.9999999909250394,0
2,4,0.9970318410986702,1
2,4,0.9999669337782549,1
2,4,0.9992980158845935,1
0,1,0.9991376728044513,1
3,3,0.9867663941151363,-1
2,4,0.9995170010333175,1
2,1,0.9956675343897863,1
2,4,0.9985346866335061,1
4,0,0.9971767180236012,3
2,4,0.9999804391152474,1
2,4,0.9993229414874755,1
4,0,0.9545113033929362,3
1,2,0.9999999909250394,0
4,0,0.9961063548284309,3
2,4,0.9999854986256089,1
2,4,0.9994660587835175,1
2,1,0.9968751412377538,1
2,4,0.999113925507827,1
2,4,0.9991144633094668,1
0,1,0.9996360170011982,1
2,4,0.9964881186066079,1
2,4,0.9993032481603641,1
2,4,0.9995627333772873,1
2,0,0.9971474922661135,3
0,1,0.9979872319832245,1
3,1,0.5586918920756784,-1
2,4,0.9991824036831641,1
2,4,0.9993533306786071,1
0,1,0.9992746257216545,1
4,0,0.9974545501448094,3
1,2,0.9999999909250394,0
0,1,0.9985090266119958,1
0,1,0.9977579439166664,1
2,4,0.9994718815287142,1
0,1,0.9982486486012773,1
0,1,0.9990642023100602,1
2,4,0.9987461876050294,1
0,1,0.998533986796464,1
2,4,0.9986032412590923,1
2,4,0.9998634614757478,1
2,4,0.9992307002609554,1
2,4,0.9999812816289332,1
2,4,0.9996412951451401,1
2,4,0.9992247503736427,1
2,4,0.9974613008682661,1
0,1,0.9983883218443612,1
2,4,0.9968685542194882,1
0,1,0.998471416180664,1
2,4,0.9986495230104502,1
2,4,0.9997409754274014,1
0,1,0.9995485573938998,1
2,4,0.9998767130657135,1
0,1,0.998553396278368,1
4,0,0.9773709682803294,3
2,4,0.9993220159712505,1
0,1,0.9971228490635355,1
0,1,0.9990789838431346,1
2,4,0.9996114839532277,1
0,1,0.9946952730597561,1
4,0,0.9976307399851195,3
0,1,0.9983010360753548,1
2,4,0.9993457658712093,1
2,4,0.9982863743830509,1
0,1,0.9994174661347264,1
2,4,0.9980464332992782,1
1,2,0.9999995981183906,0
2,4,0.998937566680226,1
2,4,0.9993383748590411,1
2,4,0.9999048022643405,1
2,4,0.9994148311286366,1
0,1,0.9980676008446595,1
4,0,0.9966612644669118,3
0,1,0.9984943174490998,1
2,4,0.9995080142296088,1
4,0,0.7985328971511664,-1
4,0,0.996410574739407,3
0,1,0.9981095919952078,1
2,4,0.9999928636513368,1
2,4,0.998711382230451,1
2,4,0.9997322869517962,1
0,1,0.9984917490920336,1
3,0,0.9129920719447929,3
2,4,0.9954199597376633,1
2,4,0.9999882522267374,1
2,4,0.9986011364747741,1
2,4,0.9998589797028902,1
2,4,0.9999837196650015,1
1,2,0.9999999909250394,0
0,1,0.9968629030313655,1
2,4,0.9999907463724529,1
2,4,0.9993845171379804,1
2,1,0.9945512172355226,1
2,0,0.997295275122441,3
2,4,0.9963526967261122,1
0,1,0.9988625654704126,1
2,4,0.9999820886624575,1
2,0,0.9971977677704432,3
1,2,0.9999999909250394,0
0,1,0.9989916099608086,1
0,1,0.9995263808660245,1
2,4,0.9998573378439255,1
4,0,0.9802955914433318,3
0,1,0.999687116263216,1
4,0,0.9926165090589228,3
0,1,0.9962398353372953,1
4,3,0.9989621496090213,-1
2,4,0.9967067492970997,1
0,1,0.9991962147089463,1
0,1,0.9988728867223873,1
2,4,0.9994493391372963,1
4,0,0.9969187625518513,3
0,1,0.998032763436768,1
2,4,0.9999931447696019,1
3,1,0.9534098932025284,1
0,1,0.9982047669454754,1
2,4,0.9993271361559494,1
2,4,0.9999792811670979,1
1,2,0.9999999909250394,0
2,4,0.9945281909966068,1
2,4,0.9997132708931804,1
2,1,0.9934195736397828,1
2,1,0.9888679251735251,1
2,4,0.9981994081650645,1
2,4,0.9977620689492818,1
2,4,0.9994057101692472,1
0,1,0.9982006035093647,1
2,4,0.9997366886240278,1
3,1,0.9984933176102561,1
2,4,0.9997926691301946,1
2,4,0.9997980470654687,1
2,4,0.9997529315531619,1
2,4,0.9999915327903509,1
2,4,0.999932607198279,1
0,0,0.8920066789066755,3
2,4,0.9998082695017371,1
2,4,0.9994605265579857,1
4,0,0.994191007970145,-1
4,0,0.9927675701433366,3
4,0,0.9991830743171016,3
4,0,0.9937927229516806,3
2,4,0.9990898703790683,1
0,1,0.9996617738368706,1
2,0,0.9620255234907978,-1
4,0,0.997760799248985,3
2,0,0.994088401489115,3
2,4,0.9998605326708512,1
2,4,0.9996486390029458,1
2,4,0.9996067307159257,1
1,2,0.9999999909250394,0
2,4,0.999796075952359,1
2,4,0.9999856759115403,1
0,1,0.9990337447801892,1
2,4,0.9993871697796103,1
4,0,0.9925842684388835,3
2,4,0.999468909987111,1
0,0,0.9825329944436532,3
0,1,0.9981600926694306,1
0,1,0.9973471335242932,1
2,4,0.9995412256479393,1
2,4,0.9988136469561172,1
1,4,0.9974843233084227,1
4,0,0.729333787754972,-1
0,1,0.9990526493323473,1
0,1,0.9981453157579374,1
0,1,0.9992313716816725,1
4,0,0.9936472028916628,3
0,1,0.9991338299729243,1
2,1,0.9958549084057785,1
2,4,0.9995336299442567,1
4,0,0.9826380211053356,3
0,1,0.9990590880515287,1
2,4,0.9976043419285138,1
0,0,0.9930129039584754,3
1,2,0.999999989152782,0
2,4,0.9995012463557105,1
3,1,0.997613697669089,1
2,4,0.9998353893588865,1
2,4,0.9987927371967753,1
2,4,0.9990318917508225,1
2,4,0.999582337541228,1
4,0,0.9959842621939511,3
2,4,0.9999464740290542,1
2,4,0.9993761122460743,1
2,1,0.9952811138575717,1
0,1,0.9990823541810065,1
3,1,0.9990898629083428,1
2,4,0.9990891163827449,1
2,4,0.9995366172691222,1
4,0,0.9982068236324733,3
2,4,0.9976095909360478,1
4,0,0.9971292212239782,3
2,4,0.9431665886210425,1
4,0,0.9632562976384443,-1
3,1,0.9977273887993917,1
0,1,0.9979420565639128,1
2,4,0.9999912763155028,1
2,4,0.9999339496311312,1
2,4,0.999326911392765,1
4,0,0.9720393070618856,3
2,4,0.9993730265073949,1
0,1,0.9987108571480406,1
0,1,0.9989600625933319,1
0,1,0.9994452114159844,1
2,4,0.9979220720969474,1
0,1,0.998254980685844,1
0,1,0.998790477885098,1
0,1,0.9987511945345428,1
4,0,0.989273312891327,3
4,0,0.998719174867108,3
0,1,0.9979888997047023,1
2,0,0.9936570655938861,3
2,4,0.9998428975185105,1
2,4,0.9988381549539777,1
2,0,0.8994401526418979,3
3,1,0.9950685453029413,1
2,4,0.9998863052471542,1
2,4,0.9999890202737044,1
1,2,0.9999999909250394,0
0,1,0.999328606931783,1
2,4,0.9999374314088021,1
2,4,0.9993448468839762,1
4,0,0.9925059459133871,3
2,4,0.9999453192845863,1
0,1,0.99923723640168,1
2,4,0.9986803900086161,1
2,4,0.999622181776354,1
2,4,0.9994839821877705,1
2,4,0.9993838576290076,1
4,0,0.8012702901791856,3
2,4,0.999391577813968,1
2,4,0.9999859832914308,1
3,3,0.6498209666801774,-1
4,0,0.9959959250855102,3
4,0,0.9970049828941159,3
2,4,0.9997619021659284,1
0,1,0.999016067886667,1
4,0,0.9882215145110291,3
0,1,0.9982543801793953,1
1,2,0.999999989152782,0
0,1,0.9997554543958322,1
0,1,0.9981965911951114,1
2,4,0.999989003549344,1
3,1,0.9693417727337358,1
3,1,0.9990751012403224,1
2,4,0.9883906981915609,1
0,1,0.9995784135962336,1
2,4,0.9998797749139418,1
0,1,0.9993245956642488,1
4,0,0.9747058347030497,3
2,4,0.9973099663382669,1
0,1,0.9986002496519264,1
2,4,0.9980455087028928,1
0,1,0.9982304347958505,1
2,4,0.9979967255871914,1
2,4,0.9999357234038321,1
2,1,0.8067081357174511,1
4,0,0.9881132679769564,3
2,4,0.9999635694220989,1
0,1,0.9990685910249283,1
1,4,0.907785807173037,1
0,1,0.9990286257240037,1
0,0,0.9955190803170568,3
0,1,0.9980072723717709,1
0,1,0.999672002589753,1
2,4,0.9947029835432823,1
2,4,0.999476866935463,1
0,1,0.9985519373209893,1
0,1,0.9915788221858116,1
2,0,0.9954731364677158,3
1,2,0.9999999909250394,0
2,4,0.9999855409461788,1
2,4,0.9999025711435273,1
2,4,0.999363698696775,1
3,1,0.9989828809185665,1
3,1,0.9992721387049567,1
2,4,0.9991224172058749,1
2,4,0.999987699885711,1
2,4,0.9999609487470995,1
0,1,0.9980524997113976,1
2,4,0.9984105662257602,1
2,4,0.9952748756381183,1
2,4,0.9997081082838698,1
2,1,0.9955834629896728,1
0,0,0.9926636657278272,3
2,4,0.9988381452107056,1
2,4,0.9992799639268303,1
0,1,0.9991037330829702,1
0,1,0.9985663355043728,1
0,1,0.9985882155506713,1
2,4,0.9996873265861457,1
0,1,0.9994342675845665,1
4,0,0.9585100419246008,3
2,4,0.998328301971944,1
2,4,0.9994639937378234,1
4,0,0.9939789951566887,3
2,4,0.9999817418188282,1
4,0,0.9920108067703217,3
2,4,0.9999735237714092,1
0,1,0.9993921382953398,1
0,1,0.9985907507596391,1
2,4,0.9999760192442402,1
2,4,0.9986375485757569,1
4,0,0.995064408461897,3
2,4,0.9999559463302905,1
2,4,0.9998600116151095,1
2,4,0.9999870050568699,1
1,2,0.9999999909250394,0
2,4,0.9998964490612916,1
0,1,0.9986019103834566,1
0,1,0.9989066116843266,1
1,2,0.9999999909250394,0
1,4,0.9988456938668341,1
0,1,0.9966407065580157,1
2,4,0.998433958554114,1
2,4,0.9988502651217845,1
0,1,0.9982529725950356,1
2,4,0.999766812522115,1
4,0,0.9939021455113545,3
0,1,0.9995532530031023,1
2,4,0.9986761841615207,1
2,4,0.9983715852934006,1
0,1,0.9934510730429101,1
0,1,0.9996772273293459,1
4,0,0.9938496474894245,3
0,1,0.9995369241491692,1
4,0,0.9994693193427887,3
1,2,0.9999999909250394,0
0,1,0.9960909872276337,1
2,4,0.9999867817306658,1
3,1,0.7540716281816512,1
2,4,0.9966993281153037,1
0,1,0.998855384124083,1
0,1,0.9984308640822652,1
0,1,0.9979654368388113,1
0,1,0.9939538508262682,1
2,4,0.9979109508723223,1
1,2,0.999999989152782,0
0,1,0.9991961397826452,1
4,0,0.9986581163683252,3
1,2,0.9999999909250394,0
4,0,0.9665833862893309,3
4,0,0.8301249343241243,3
1,2,0.9999999909250394,0
2,4,0.9987605807797046,1
0,1,0.9984850054254688,1
2,4,0.9860002928881421,1
0,1,0.9979846451420212,1
4,0,0.9907018101238663,3
4,0,0.9960784295035968,3
2,4,0.9999657587553001,1
1,2,0.9999999909250394,0
2,4,0.9999890857521749,1
2,4,0.9962779986246231,1
0,1,0.9983150490943814,1
4,0,0.9994779192606726,3
4,0,0.9915064624023099,3
3,3,1.0,2
0,1,0.9988578956361356,1
2,0,0.9969296894178415,3
0,1,0.9971627828964682,1
0,1,0.9973074673407294,1
2,4,0.9999349191340572,1
4,0,0.8263511409857872,3
2,4,0.9990157494294547,1
4,0,0.9868534858023871,3
3,1,0.9554247731075826,1
4,0,0.9968670092135242,3
2,4,0.995388116238213,1
2,4,0.9993694629167896,1
4,0,0.9970004109072532,3
2,1,0.9974146506492049,1
4,0,0.9985056615639816,3
4,0,0.996476824780437,3
3,1,0.9980447712137119,1
3,3,0.9994361413232931,-1
0,1,0.998659837134498,1
0,1,0.9991664214504786,1
2,4,0.9989706542024365,1
2,4,0.9997240322020171,1
2,4,0.9996175279085899,1
4,0,0.9729712995735472,3
1,4,0.9977452879778252,1
4,0,0.9983973405239038,3
2,4,0.998596697995747,1
0,1,0.9973827667302421,1
0,1,0.997548004508561,1
0,1,0.9987625626928365,1
2,4,0.9991542700714395,1
0,1,0.9997465920853102,1
0,1,0.9996620671161913,1
0,1,0.9980751345107418,1
0,1,0.9970750491308646,1
1,2,0.9999999909250394,0
3,1,0.9563109837781384,1
1,4,0.9990661974341526,1
2,1,0.9949122067399938,1
4,0,0.9527857551204387,3
4,0,0.9968293286700631,3
0,1,0.9984675922737228,1
3,3,0.9400740156825762,-1
1,2,0.9999999909250394,0
2,4,0.9988603443927677,1
0,1,0.9986377658759962,1
4,0,0.9869857608022735,3
0,1,0.9988129032622017,1
0,1,0.9996151936236078,1
3,1,0.9993752445710649,1
0,1,0.9983919864293693,1
0,1,0.9991345577253254,1
0,1,0.999156541728461,1
2,4,0.9996532079749123,1
2,4,0.9996550820693872,1
0,1,0.9994155758050778,1
4,0,0.9972939139728154,3
2,4,0.9995366648736013,1
0,1,0.9993353484114953,1
2,4,0.9945634927413731,1
0,1,0.9986760100373815,1
2,4,0.9989686466364732,1
2,4,0.9999546179536569,1
0,1,0.9987656697949271,1
2,4,0.9998829980307478,1
2,0,0.9960542021709927,3
4,0,0.9957481180745745,3
2,4,0.9994843218299688,1
2,4,0.9995355543230583,1
2,4,0.9993989491681465,1
2,4,0.9999620229975849,1
2,1,0.9967783605569788,1
4,0,0.9858125797991215,3
0,1,0.9989687480050335,1
2,4,0.9999520600917404,1
2,4,0.9991950585347312,1
2,4,0.9993077559079323,1
1,2,0.999999989152782,0
0,1,0.9976429626851693,1
2,0,0.9917411669687106,3
0,1,0.9993722980950754,1
1,2,0.9999999909250394,0
2,4,0.9999024006486211,1
4,0,0.9975332768002416,3
1,2,0.9999999909250394,0
2,4,0.99878499720667,1
2,4,0.9966159932246719,1
2,4,0.9999699174058867,1
0,1,0.9986613548758524,1
4,0,0.9923478226642949,3
2,4,0.9993055056840162,1
2,4,0.9991300273117214,1
0,1,0.9990812082542558,1
1,2,0.9999999909250394,0
2,4,0.9988491768520746,1
2,4,0.9999766450801996,1
0,1,0.9982239273160549,1
1,2,0.9999999909250394,0
0,1,0.9994307814529862,1
2,4,0.9970144612276935,1
1,3,1.0,-1
3,1,0.9985535429578988,1
2,4,0.9994561944555802,1
3,3,0.9979298463206869,-1
2,4,0.9942078480578886,1
0,1,0.998817281431333,1
2,4,0.9999352737934237,1
2,4,0.9999842990408054,1
4,0,0.984354824734152,3
0,1,0.9973331258704193,1
2,4,0.9993340551567466,1
2,4,0.9987569199330566,1
3,1,0.9987289852651753,1
2,4,0.9941573003970566,1
2,4,0.9968468435809724,1
0,1,0.9991694416760984,1
2,4,0.9995255648027959,1
2,4,0.9999405171733646,1
2,4,0.9988361233904515,1
2,4,0.999615529899898,1
4,0,0.999002429835689,3
0,1,0.9986139454652233,1
0,1,0.9991705471873016,1
2,4,0.9997009377796133,1
2,4,0.9991073976636868,1
4,0,0.9818977372153844,3
2,0,0.9862716361838156,3
0,1,0.9995412474934453,1
0,1,0.9967948577239572,1
2,4,0.9983869885430048,1
3,1,0.9994608061002536,1
2,4,0.9999260241823528,1
0,1,0.9973960488710818,1
4,0,0.9965945977901495,3
2,4,0.9988289363771684,1
2,1,0.9960113310797982,1
0,1,0.9995951923482225,1
2,4,0.9993615584792712,1
0,1,0.9986906356072726,1
2,4,0.9999230161084265,1
4,0,0.9978461652694116,3
4,0,0.9968479271004477,3
1,2,0.999999989152782,0
1,2,0.9999999909250394,0
0,1,0.9983708712588537,1
2,4,0.9976234218931128,1
0,1,0.9992284519699666,1
2,4,0.998956141749862,1
3,1,0.9972648592538725,1
2,4,0.998749715327955,1
4,0,0.9811967017867749,3
2,4,0.9996295126112584,1
2,0,0.992207055854077,3
4,0,0.991349705478199,3
0,1,0.9992303294021401,1
2,4,0.9990908058765372,1
2,4,0.9994326300810233,1
4,0,0.9891064951905711,3
2,4,0.9969864212676186,1
2,0,0.9957787500880375,3
4,0,0.9981550173577938,3
2,4,0.999743075721921,1
0,1,0.9984068119440495,1
2,4,0.9999758204687391,1
2,4,0.9996664484827108,1
2,4,0.9988409255530262,1
2,4,0.9993308827218235,1
0,1,0.9988960131506841,1
2,4,0.998901240106574,1
0,1,0.998541166377556,1
2,4,0.9979182453941983,1
0,1,0.9983217145961306,1
0,1,0.9988493036273529,1
1,2,0.999999989152782,0
2,4,0.9997008459459705,1
2,4,0.9988121821835891,1
4,0,0.988068371873425,3
3,3,0.8059055731122946,-1
2,4,0.9983619992875137,1
1,2,0.9999999909250394,0
3,3,0.9148666939129261,-1
0,1,0.9994912919925951,1
0,0,0.9957948913484582,3
2,4,0.9956394370683131,1
3,1,0.9993150797577525,1
2,4,0.9977941228256443,1
0,1,0.9989931856926484,1
0,1,0.9972505688732229,1
2,4,0.9997504001360221,1
4,0,0.9930538227606338,3
2,0,0.9966589558626491,3
2,4,0.9971270478432616,1
2,1,0.9938030248494102,1
2,4,0.9998580720579606,1
2,4,0.9999342129319138,1
2,4,0.9999313664497153,1
0,1,0.99849363765041,1
2,4,0.9997764810039488,1
2,4,0.9999623619021781,1
2,4,0.9969027212835199,1
0,1,0.9989989365476366,1
2,4,0.9963767244850192,1
2,1,0.9931419366995653,1
2,4,0.9996696998542618,1
4,0,0.9974108359786197,3
2,0,0.995035329714219,3
2,4,0.9999915980418874,1
0,1,0.9989747414173239,1
0,1,0.9975570501011899,1
4,0,0.9936022840174566,3
0,1,0.9982940195533047,1
0,1,0.9986022694023899,1
2,4,0.9980055656990585,1
3,1,0.9079976968945331,1
2,4,0.9986905002707105,1
2,4,0.9992199517282369,1
2,4,0.9979763325092171,1
2,1,0.858956027208064,1
2,4,0.9993267473965708,1
4,0,0.9976762492017621,3
3,1,0.952441506327738,1
0,1,0.9973725524335141,1
0,1,0.9984086670388012,1
4,0,0.9887636490697412,3
0,1,0.9978403277366518,1
0,1,0.999248103059036,1
0,1,0.9974252356164744,1
1,4,0.9997365895911866,1
2,4,0.9999815482404437,1
2,4,0.9961472806995472,1
2,4,0.9996546813562549,1
2,4,0.9982844244239276,1
4,0,0.9770639532080299,3
2,4,0.9248363182642855,1
4,0,0.991794184896579,3
0,1,0.9991088546940886,1
0,1,0.9965970941667966,1
0,1,0.9981330952486989,1
4,0,0.9898569637974267,3
2,4,0.9997165770813813,1
2,4,0.997942632420278,1
4,0,0.9984017699406665,3
0,1,0.9989484837160387,1
1,4,0.5426849436389412,-1
0,1,0.9972098442389149,1
2,4,0.9991585330895355,1
2,4,0.9978074975365018,1
0,1,0.9989299909326487,1
2,4,0.9995966600631433,1
2,1,0.9969844577726076,1
1,2,0.9999999909250394,0
0,1,0.9975058321282826,1
2,4,0.9997139915727319,1
0,1,0.9991296045237721,1
0,1,0.998491845918387,1
0,1,0.9986687917043843,1
2,4,0.9999602008924818,1
2,4,0.9999821052128662,1
2,4,0.9998508906562047,1
2,4,0.9993587764195087,1
0,1,0.9987674002329757,1
2,1,0.9709541335438304,1
2,4,0.9994834584775059,1
2,4,0.9981239342438176,1
2,4,0.99923164291923,1
4,0,0.9960183475251396,3
2,4,0.9999715094409435,1
2,4,0.9895463577223296,1
2,4,0.9992660668697516,1
3,1,0.9554863978276986,1
2,4,0.9993924371545788,1
2,4,0.9999922879495475,1
0,1,0.9994919929629029,1
2,4,0.9998544406207841,1
1,4,0.9993148052044545,1
2,4,0.9993224478061926,1
0,1,0.9974669263039945,1
1,2,0.9999999707691196,0
2,4,0.9981990734530555,1
0,1,0.9971572693491093,1
4,0,0.995039162026958,3
2,4,0.9993819907184501,1
2,4,0.9999929661452372,1
0,1,0.9984127755682741,1
2,3,0.8432023139639764,1
1,2,0.999999989152782,0
0,1,0.9990416469574475,1
2,4,0.9997575503613262,1
0,1,0.9990204278083598,1
2,4,0.9991724216991543,1
0,1,0.997703198732332,1
2,0,0.8968139000645711,3
2,4,0.9913367895582507,1
0,1,0.9985526260446485,1
4,0,0.9960836429043141,3
2,4,0.9995290624660248,1
2,4,0.9991311279544876,1
1,2,0.9999999909250394,0
0,1,0.9995876560151918,1
0,1,0.9973781664920391,1
0,1,0.9995544333011791,1
0,0,0.9941236273249932,3
1,2,0.999999896419749,0
4,0,0.9951564919790599,3
2,4,0.9976536526487518,1
0,1,0.9996257373294741,1
2,4,0.9992261429212023,1
0,1,0.9984147312296242,1
2,4,0.9999878946987707,1
2,4,0.9999004743169214,1
2,4,0.9983905274012678,1
0,1,0.9994153015211166,1
0,1,0.9990944913845642,1
2,4,0.9964070024641012,1
2,3,0.9868042392269403,-1
0,1,0.998359379044451,1
2,4,0.998871753802999,1
0,1,0.9993783228160976,1
4,0,0.9953522761623256,3
2,4,0.9991544826580923,1
2,4,0.9997091229157172,1
3,1,0.9627460555476743,1
4,0,0.9969952669066249,3
0,1,0.9963349291660847,1
0,1,0.999662304041731,1
2,4,0.9999655748578319,1
2,4,0.999640205242653,1
3,1,0.9996779823525612,1
0,1,0.998320166346544,1
0,1,0.9983531034565623,1
2,1,0.9957290788141244,1
2,4,0.9994946940440574,1
2,4,0.9999876901398983,1
0,1,0.9980508863434996,1
1,2,0.9999999707691196,0
2,4,0.9991379891223902,1
0,1,0.990580133199298,1
2,0,0.9961313191095328,3
4,0,0.9973024315017426,3
2,4,0.999979582642252,1
2,1,0.9903963632647669,1
0,1,0.999101937541704,1
0,1,0.9992386966529211,1
2,4,0.9986405213218207,1
2,4,0.998603021643284,1
0,0,0.9846887822681542,3
4,0,0.9775235132852509,3
0,1,0.9960108215126604,1
0,1,0.9987329697891111,1
0,1,0.9994900096893894,1
2,4,0.9996801850927328,1
2,4,0.999148028327431,1
0,1,0.9977457678516506,1
4,0,0.9974985892399281,3
4,0,0.943243232495659,3
2,4,0.9996433788376782,1
0,1,0.9977749055938692,1
2,4,0.9999566969249255,1
2,4,0.9994979869564506,1
2,4,0.9998385997552638,1
4,0,0.9922384105462899,3
2,3,0.9999991194673226,-1
2,4,0.9990545135318597,1
4,0,0.9950109575226124,3
2,4,0.9975660985594403,1
2,4,0.9992514881513486,1
0,1,0.9953759646880989,1
0,1,0.9970292800271172,1
2,4,0.9999809988131642,1
2,4,0.997790650656438,1
2,4,0.999925451196971,1
2,4,0.9999714282059411,1
2,4,0.9993988756398333,1
4,0,0.9962572265690579,3
4,0,0.9938079610717464,3
2,4,0.9997966479496371,1
0,1,0.99922012598127,1
2,4,0.9998833032468464,1
1,2,0.9999999909250394,0
2,4,0.9985549055386289,1
2,4,0.9999788124785384,1
2,4,0.9999372153520342,1
2,1,0.9972390918315345,1
3,1,0.9861959816305242,1
2,4,0.9990649685694303,1
2,1,0.9970244482725331,1
4,3,0.9957288338282647,-1
2,4,0.9967366202709823,1
2,4,0.9982719157156257,1
1,2,0.9999999909250394,0
0,1,0.9968795402385798,1
2,4,0.9990019625278862,1
2,4,0.9985756835914837,1
4,0,0.995398612386444,3
0,1,0.9982069512974591,1
0,1,0.9950989883616692,1
2,4,0.9978514738510562,1
2,1,0.996820332020374,1
4,0,0.9958284728016599,3
2,4,0.9993980635209044,1
2,1,0.9957206335004408,1
2,4,0.9996997284043471,1
2,4,0.9969021815160736,1
4,0,0.9953953417457386,3
2,4,0.9986307149673869,1
0,1,0.9983749718604731,1
0,1,0.998755538401246,1
1,2,0.999999989152782,0
0,1,0.9995968456828097,1
1,2,0.9999999909250394,0
2,4,0.9995249805845441,1
0,1,0.9984974608258452,1
2,0,0.9702655747017404,3
0,1,0.9966913978438419,1
4,0,0.9985224855957616,3
3,1,0.8778719141328926,1
4,0,0.9940767203250847,3
2,4,0.9980349975186298,1
1,4,0.9998182918276296,1
2,4,0.9990876032790041,1
2,4,0.9999613660151524,1
2,4,0.999965968478043,1
2,4,0.9993721782656558,1
0,1,0.9989037171718849,1
2,4,0.9993073900850324,1
0,1,0.9993344211613336,1
2,4,0.9999307244059038,1
0,1,0.999491822106062,1
2,4,0.9937545054475291,1
2,4,0.9992883898752757,1
0,1,0.9990764900773541,1
4,0,0.9961231216604979,3
2,4,0.9980591435887431,1
2,1,0.9593612740911922,1
2,4,0.9999740314250206,1
2,4,0.9994388172219549,1
2,4,0.9997980421271814,1
2,4,0.9980411801380793,1
4,0,0.9437759537182815,3
2,4,0.9999743010944262,1
4,0,0.9968773236125452,3
2,4,0.9994741958232634,1
4,0,0.9978171973226561,3
1,2,0.999999989152782,0
2,4,0.9996752609996225,1
3,1,0.9636001477319158,1
2,4,0.9993194931134032,1
4,0,0.9919290430140157,3
4,0,0.9896262294732365,3
1,4,0.9993279348866606,1
0,1,0.9985392154920507,1
2,4,0.9995929890903601,1
2,4,0.9981420596248037,1
2,4,0.9999378042571123,1
0,1,0.9988826824810674,1
2,4,0.999258319932776,1
3,1,0.9996023885485431,1
2,4,0.9999680845281329,1
4,0,0.9862224170314922,3
2,4,0.999736269081748,1
2,4,0.9980156764069589,1
1,2,0.9999999909250394,0
1,2,0.9999999909250394,0
0,1,0.9916913278124401,1
0,1,0.9981350273973918,1
2,4,0.9995039072187742,1
3,3,0.9999999997618172,-1
0,1,0.998258229405375,1
2,4,0.9991514830258469,1
2,4,0.9999462860096922,1
2,4,0.9856932904721434,1
0,1,0.9984898187258009,1
2,4,0.9978708676799561,1
2,4,0.999691763372516,1
2,4,0.9999921041130163,1
1,2,0.9999999909250394,0
0,1,0.9985565548138816,1
0,1,0.9997144314547851,1
2,4,0.9993551469342346,1
4,0,0.9915970432790836,3
2,0,0.9825023449432263,3
3,3,0.7513688232709956,-1
2,4,0.99952767643089,1
2,4,0.9999412698144603,1
2,4,0.9998917405748615,1
2,4,0.9999911685447952,1
0,1,0.9992864329077874,1
2,4,0.9999337010219844,1
2,4,0.9989268014868302,1
1,2,0.9999999909250394,0
0,1,0.9983645814626954,1
2,4,0.9997834636680214,1
0,1,0.9985416758683207,1
0,1,0.99832340246385,1
4,0,0.9949705084496909,3
2,4,0.9998583064303591,1
0,1,0.9991559349688767,1
2,4,0.9969458505572171,1
4,0,0.9844776650449287,3
1,4,0.9957864027243675,1
2,1,0.9955276303001132,1
4,0,0.998739538110053,3
0,1,0.9986565409072724,1
0,1,0.9988790842673455,1
0,3,0.9908261244145669,-1
1,4,0.999725697699436,1
2,4,0.9996526792262163,1
0,1,0.9992981652083351,1
2,4,0.9998574880298494,1
0,1,0.9993128409703889,1
2,4,0.9990922765892597,1
3,1,0.9992351828515638,1
2,4,0.9894211829653666,1
2,4,0.99939009441403,1
2,4,0.9999106318641678,1
0,1,0.9997115663168713,1
2,4,0.9992027341009763,1
2,0,0.9959404568572535,3
0,1,0.9989350940646113,1
0,1,0.9987127558895136,1
0,1,0.9991314821545043,1
2,4,0.9997309679308433,1
2,4,0.9991576164214495,1
0,1,0.9987110789194042,1
3,1,0.680811692216402,1
4,0,0.9962095678287205,3
2,1,0.9960682973996641,1
0,1,0.99762193017563,1
0,0,0.9896173191651649,3
0,1,0.9989137193855864,1
0,1,0.9994394411109857,1
4,0,0.995374990562275,3
2,4,0.9988771174116308,1
1,2,0.9999999909250394,0
2,4,0.9997405084445098,1
2,4,0.999880254619243,1
2,4,0.9993820230436896,1
4,0,0.9963380738227195,3
0,1,0.9965374735672704,1
2,0,0.9967390406838228,3
0,1,0.9978512729963019,1
0,1,0.9996908055308479,1
2,4,0.9993068142924423,1
2,0,0.997323471704794,3
4,0,0.9446402712763159,3
2,4,0.9993716011216042,1
2,4,0.9994858772851373,1
2,4,0.9997043397262337,1
0,1,0.9981142329290118,1
2,4,0.9963131579950876,1
3,1,0.9912061218908361,1
2,4,0.9991433031383854,1
2,4,0.98402734946795,1
2,4,0.9998896642714201,1
2,4,0.9997047402670629,1
2,4,0.9999087651184392,1
0,0,0.9928227694435869,3
0,1,0.999306798561018,1
2,4,0.9999822343890198,1
0,1,0.99776875418687,1
0,1,0.9988245197571792,1
4,0,0.9952382154971195,3
0,1,0.9994525576040909,1
2,4,0.9948310140103099,1
4,0,0.9960416408202966,3
2,4,0.9993303558881743,1
2,4,0.9979685186938873,1
1,2,0.9999999909250394,0
4,0,0.9621067984621466,3
4,0,0.9741512998918739,3
4,0,0.9858318367502327,3
0,1,0.9977621338500255,1
2,3,0.8142450312681275,3
2,4,0.9999889086583024,1
2,4,0.9999928848121326,1
2,4,0.9996753361080195,1
0,1,0.9994633035490222,1
4,0,0.9975321683734201,3
2,4,0.9999864740454116,1
0,1,0.9938220449376797,1
2,1,0.9942030703899143,1
2,4,0.9956476110471383,1
2,4,0.9998457884056661,1
2,1,0.998020849057702,1
4,0,0.9911362270119388,3
4,0,0.989291101156154,3
2,4,0.9992839755872978,1
1,4,0.9930522091374056,1
2,4,0.9987025366249206,1
2,4,0.9999685641335465,1
2,4,0.9988870389397965,1
4,0,0.9914022299523041,3
0,1,0.9994983238878151,1
4,0,0.9876161863143949,3
0,1,0.9994933554224239,1
1,2,0.9999999909250394,0
2,4,0.9998985152181223,1
1,4,0.9513330393080126,1
4,0,0.8653036037258448,-1
2,4,0.999691867166925,1
0,1,0.996939820258653,1
2,4,0.9999169802558551,1
3,1,0.9914918104614584,1
2,4,0.9987237276913751,1
2,4,0.9996675731971032,1
2,4,0.9994598881304311,1
3,1,0.7168737722250726,1
0,1,0.9990768159742291,1
0,1,0.9597143774905423,-1
0,1,0.9979783326169002,1
2,4,0.9980651649646637,1
2,4,0.9994089069866062,1
0,1,0.9991925622667023,1
4,0,0.9868694413890765,3
3,1,0.9981342246486011,1
0,1,0.9986656140288851,1
2,4,0.9986989800053475,1
0,1,0.9987788479608878,1
0,1,0.9987503752772868,1
0,0,0.990509076721035,3
3,1,0.9986105601415711,1
2,4,0.9995116109119977,1
4,0,0.987166131616884,3
0,1,0.9991744112112855,1
0,1,0.9993406110354697,1
2,4,0.9997991380067383,1
0,1,0.9987790144203417,1
0,1,0.9986514707147487,1
2,4,0.9961961919424315,1
4,0,0.9951133361345916,3
2,4,0.9995366648736013,1
2,4,0.9999493972524338,1
0,1,0.9973143667460308,1
3,1,0.9976755121072126,1
4,0,0.95075754075985,3
4,0,0.98084981202087,3
2,4,0.9989190266145382,1
0,1,0.999497195095952,1
2,4,0.9907105459117594,1
2,4,0.9978027478658167,1
0,1,0.9984339112177374,1
2,4,0.9995289973345954,1
2,4,0.9996405003164222,1
2,1,0.9904206961925107,1
4,0,0.9853353149620482,3
2,4,0.9988055707634123,1
4,0,0.992991699972654,3
0,1,0.9980301217781214,1
2,4,0.999757179551893,1
2,1,0.9919795135423702,1
2,4,0.9999878713759153,1
2,4,0.9993150269333668,1
0,1,0.9991720237494125,1
2,4,0.9999592300990698,1
2,1,0.9973958174600779,1
2,4,0.9995967587504875,1
2,4,0.9990894046221891,1
2,4,0.9999915911534701,1
4,0,0.9953094567986323,3
0,1,0.997478741862346,1
2,1,0.9977552170801991,1
0,1,0.999073396030765,1
2,4,0.9975275464962671,1
1,4,0.995379916853414,1
0,1,0.9982562965368338,1
4,0,0.994991321338219,3
1,2,0.999999989152782,0
4,0,0.9948322307084527,3
2,4,0.999638819502161,1
4,0,0.9927556673787512,3
2,4,0.9999504136286654,1
2,4,0.9985076716218765,1
2,4,0.998633265833038,1
2,4,0.9967929231115534,1
2,4,0.9725193464340193,1
4,0,0.9985364898304774,3
4,0,0.9880725660756149,3
0,1,0.9992068378968687,1
0,1,0.9991006404877977,1
2,4,0.999879036742212,1
2,4,0.9975453786700238,1
0,1,0.9988706578784708,1
1,2,0.9999999909250394,0
0,1,0.9967345768766015,1
0,1,0.9987030024906233,1
2,4,0.9990368623274326,1
0,1,0.9974317031365248,1
4,0,0.987997340555291,3
4,0,0.9830483940045197,3
2,4,0.9991455299941969,1
4,0,0.9280684268889968,3
2,4,0.9991314869240858,1
4,0,0.99685951364933,3
2,4,0.9954839797073813,1
0,1,0.998882799610089,1
2,4,0.9995800152911001,1
4,0,0.9966600479989615,3
2,4,0.9993568787870749,1
2,4,0.9989276522336075,1
2,4,0.9996019616030684,1
4,0,0.9925972447020864,3
4,0,0.9969897874950031,3
0,1,0.9984154492778988,1
1,2,0.9999999909250394,0
2,4,0.9972540219371253,1
2,4,0.9997044950612277,1
2,4,0.9746350669677979,1
0,1,0.9995658907449372,1
0,1,0.9983165148851861,1
0,1,0.9979450432608946,1
0,1,0.9991419458084041,1
2,4,0.9994624045938043,1
2,4,0.9991589746547376,1
2,4,0.999987683512607,1
2,4,0.999530781921306,1
2,4,0.9998861662552487,1
2,4,0.9984308076736453,1
3,1,0.998546456633419,1
2,1,0.9952920499945884,1
2,4,0.9998722023393555,1
2,4,0.9990556284190174,1
1,2,0.9999999909250394,0
3,1,0.9989458049587585,1
2,4,0.9989275939776366,1
0,1,0.9942697099876049,1
1,3,1.0,-1
3,3,0.9152922250787734,-1
2,4,0.9960477852582381,1
4,0,0.9934553117613036,3
0,1,0.9951774504233869,1
2,4,0.9955800168783853,1
0,1,0.99540192881583,1
0,1,0.9994658630383478,1
2,4,0.9992809145572685,1
0,0,0.9896076561116202,3
0,1,0.9983408548518595,1
2,4,0.9981705630571525,1
2,3,0.9999479665229442,-1
2,1,0.9965362402154883,1
2,4,0.9980306799595882,1
2,4,0.9994216317579443,1
0,1,0.9974883871670263,1
4,0,0.9162459143148477,-1
3,3,0.8126893463167979,-1
1,2,0.9999999909250394,0
2,4,0.9994140714825981,1
4,0,0.9860629995632061,3
0,1,0.997459721399132,1
4,0,0.9956233045774001,3
0,1,0.9986920531154714,1
0,1,0.9997290205381802,1
0,1,0.9992457039275104,1
2,4,0.9999488374902538,1
2,4,0.9996429684692598,1
2,4,0.9987095631092457,1
2,4,0.999989003549344,1
0,1,0.9987168940331286,1
2,4,0.9999803436442242,1
4,0,0.996126516965424,3
0,1,0.9979312855751431,1
1,2,0.9999999909250394,0
2,4,0.9993016482536041,1
2,4,0.9999921041130163,1
2,4,0.9996107777436614,1
0,1,0.9987380817234496,1
4,0,0.9799138184862906,3
1,2,0.999999989152782,0
4,0,0.9283820778158395,3
1,2,0.9999999909250394,0
2,4,0.9993909812810511,1
2,4,0.9995422884308998,1
2,4,0.9999682140682944,1
2,4,0.9988164411410636,1
0,1,0.9957203361233128,1
2,4,0.998948626633002,1
4,0,0.5888044403878684,-1
0,1,0.9987559029193116,1
2,4,0.9994897367545585,1
4,0,0.9955511236313307,3
4,0,0.9968629622381279,3
1,3,0.9999999990523314,-1
4,0,0.9762562304981381,3
2,4,0.9991138611542018,1
2,0,0.9461455690806609,3
0,1,0.9820460658102877,1
2,4,0.9999309408905283,1
2,4,0.999973773429577,1
2,4,0.9983752711924438,1
0,1,0.9995570148081693,1
2,1,0.9945168887933109,1
2,1,0.9976059176168622,1
2,4,0.9981370369699404,1
2,4,0.9973906499233118,1
0,1,0.9994129523489413,1
2,4,0.999785773413425,1
2,4,0.999930393935649,1
1,2,0.9999999909250394,0
1,4,0.9964131705619329,1
2,4,0.9997302093588866,1
2,4,0.9862686253579703,1
3,1,0.9843908249741965,1
2,4,0.9989432642299767,1
0,1,0.9987494590897883,1
0,1,0.9995358290675387,1
3,3,1.0,-1
2,4,0.9953873821071666,1
2,4,0.9989283764048502,1
4,0,0.9936424370961484,3
2,4,0.9999922396187411,1
0,1,0.9994623422903225,1
4,0,0.9963095628289836,3
3,1,0.9994448011682631,1
0,1,0.9988212916791042,1
2,4,0.9999879495194256,1
2,4,0.9999154260076124,1
2,4,0.9999915911534701,1
0,0,0.9821585721734462,3
2,4,0.9992987179047177,1
2,4,0.998374199665402,1
0,1,0.9984508841654115,1
2,4,0.999910423181212,1
0,1,0.9987446365010775,1
2,0,0.6158540946942012,-1
2,4,0.9999392017109107,1
0,1,0.9991248026003973,1
4,0,0.9639426898357893,3
2,4,0.9964346727556345,1
2,4,0.9999884798014542,1
2,4,0.9953596186024412,1
3,3,0.9999811706279862,-1
0,1,0.9990342897606697,1
2,4,0.9999906188262105,1
2,4,0.9969873800775712,1
0,1,0.9989821144584456,1
1,4,0.9973637586277767,1
0,1,0.9993238069661782,1
2,4,0.9999520404286627,1
0,1,0.9980621435706121,1
4,0,0.9093768333980577,3
4,0,0.9967715141964317,3
2,4,0.9994369777189183,1
4,0,0.9900854671140714,3
4,0,0.9986424222077188,3
0,1,0.9984541632303925,1
2,0,0.9954938332642851,3
2,4,0.9999921041130163,1
3,3,0.9744879638956058,-1
0,1,0.9990136685787018,1
2,4,0.9999575344050379,1
0,1,0.9991634716721454,1
2,4,0.9961844312099081,1
1,2,0.999999989152782,0
2,4,0.9996665603327699,1
2,4,0.9999590355039414,1
4,0,0.9942688788405057,3
2,1,0.9929427940718161,1
2,4,0.9994696005181636,1
2,4,0.998214358386228,1
4,0,0.9911853779088783,3
2,4,0.9990413024942701,1
2,4,0.9987127148964886,1
4,0,0.8980446650275782,3
2,4,0.9990962688833165,1
2,4,0.9996137148198195,1
4,0,0.9955308600316267,3
1,2,0.9999999707691196,0
2,4,0.9999756960585595,1
2,4,0.9985164773325991,1
4,0,0.9977988391810182,3
2,4,0.9946248401646496,1
2,4,0.9994016443075608,1
0,1,0.9994649013460624,1
0,1,0.9985271432892968,1
4,0,0.9960025370781654,3
4,0,0.9989281128558049,3
2,4,0.999971949975877,1
2,4,0.9966979365645373,1
0,1,0.9990361887136704,1
2,4,0.9998139687701523,1
0,1,0.9988137181650386,1
0,1,0.9992821003097884,1
2,4,0.9946468992506095,1
0,1,0.9988938619727974,1
2,4,0.9999289572435925,1
4,0,0.995982181575877,3
2,4,0.9999798280581911,1
4,3,0.8909017961416552,-1
4,0,0.9954809849271476,3
0,1,0.9989648532925715,1
0,1,0.9979323566859415,1
2,4,0.999772389590132,1
1,4,0.9998478776366565,1
0,1,0.9985381992636516,1
0,1,0.9991028836363938,1
2,0,0.9972152765944118,3
0,1,0.9984431393207462,1
3,1,0.9982599790463882,1
2,4,0.9997981754858766,1
2,4,0.9991101301536142,1
2,4,0.9987925183627551,1
1,2,0.9999999909250394,0
0,1,0.9970781859390252,1
4,3,0.6093256587733542,3
2,4,0.9999845588729604,1
2,4,0.9974516050490982,1
3,1,0.9992675480466534,1
1,3,1.0,-1
2,4,0.9992217058586276,1
2,4,0.9998699763096169,1
2,4,0.9997426582803044,1
0,1,0.9994460981950362,1
2,1,0.9967597495091989,1
0,1,0.994051802877381,1
0,1,0.9983553701729723,1
0,1,0.9995069513213891,1
2,4,0.9998799131818739,1
3,1,0.9885545537713045,1
3,3,0.839822225949178,-1
2,4,0.9973562397699823,1
2,4,0.9997551543425578,1
4,0,0.9992433321500646,3
4,0,0.9956715915096378,3
2,4,0.9943474375798858,1
0,1,0.9997307175993458,1
0,1,0.9996039836059484,1
2,4,0.9973736945190783,1
4,0,0.9994184046692645,3
0,1,0.9963811835808528,1
2,0,0.9369680011753346,3
2,4,0.9994007428495639,1
0,1,0.9985785051728799,1
4,0,0.994629816632582,3
0,1,0.9991875192535593,1
2,4,0.9993627897084331,1
2,4,0.9997305632519697,1
2,4,0.9997006414926684,1
2,4,0.9990022156506252,1
2,4,0.9990528377559659,1
2,4,0.9991132637771346,1
2,4,0.9992486271286193,1
2,4,0.9999830475525764,1
0,1,0.9985937736321145,1
4,0,0.9981992657192493,3
3,1,0.9994571234252384,1
3,1,0.9993832278235368,1
3,1,0.9978561716709656,1
3,1,0.9996684870341571,1
2,4,0.9999305273581595,1
1,2,0.9999999909250394,0
0,1,0.9989621642710751,1
2,4,0.9999935252125554,1
2,4,0.997800623398799,1
0,1,0.988297643946103,1
2,4,0.9983005248508777,1
1,2,0.9999999909250394,0
0,1,0.9989487321123182,1
2,4,0.9999764087868969,1
2,4,0.9999925035245564,1
4,0,0.9935659581829863,3
2,4,0.9996328267263203,1
2,0,0.9813162436751013,3
3,1,0.8483352818745125,1
4,0,0.9982693214011841,3
0,1,0.9980638917082372,1
1,2,0.9999999909250394,0
0,1,0.9988548778873306,1
0,1,0.9982724081619042,1
2,4,0.9815693690764935,1
2,4,0.9999898378112299,1
4,0,0.9986116258150466,3
2,4,0.9999270495495329,1
2,4,0.9994868317091478,1
4,0,0.9586249314572538,3
2,4,0.9987377961937717,1
0,1,0.9982215188634285,1
1,2,0.9999999909250394,0
2,4,0.999579126406609,1
0,1,0.9995620166891951,1
2,4,0.9981787532525331,1
1,4,0.8363598580876856,1
3,1,0.9961338443356876,1
4,0,0.995076028243445,3
1,2,0.999999989152782,0
2,4,0.9994381163597899,1
0,1,0.998327479681504,1
0,1,0.9997198135924457,1
0,0,0.9940395114307352,3
2,4,0.9998992322158311,1
1,4,0.8582674801601529,1
3,3,0.9724623741390189,-1
1,2,0.999999989152782,0
0,1,0.9993225357784894,1
4,0,0.9749302764293846,3
0,1,0.9983184171449258,1
1,2,0.9999999909250394,0
2,4,0.9958221159290341,1
0,1,0.9994129278560373,1
0,1,0.9995410099662044,1
1,2,0.9999999909250394,0
4,0,0.9676611272935965,3
1,4,0.9992835283137419,1
0,1,0.9987597779976745,1
0,1,0.9950007058024035,1
0,1,0.9980041011208446,1
2,4,0.999783083767906,1
4,0,0.9985506558094065,3
0,1,0.9981127889183745,1
0,1,0.9991310976913022,1
2,4,0.9983189605694907,1
0,1,0.9982897706861096,1
2,4,0.9980920685627938,1
4,0,0.9939966299255313,3
2,4,0.9975705027640259,1
2,0,0.9842644398669445,3
2,4,0.9998914962583373,1
2,4,0.9998165655283721,1
2,1,0.9935436779883686,1
2,4,0.99981713427292,1
4,0,0.9788575594584739,3
0,1,0.999353980168045,1
2,4,0.9992898051504975,1
0,1,0.9983604720775121,1
2,4,0.9999636607035209,1
0,1,0.9795399433720918,1
2,4,0.9964238366009435,1
3,1,0.8821468567744625,1
2,4,0.9995144783984456,1
0,1,0.9987218479727556,1
2,4,0.9992697711309221,1
2,4,0.9967213023700269,1
2,1,0.9963502307850641,1
2,4,0.99810579745041,1
0,1,0.9996056108639731,1
2,4,0.9999911495411189,1
4,0,0.9946175768205698,3
0,1,0.9972512408962143,1
1,2,0.9999999909250394,0
2,4,0.9990436925333239,1
4,0,0.9907587437932874,3
3,1,0.9995199750017344,1
2,4,0.9991210585328134,1
2,0,0.9944100154364969,3
4,0,0.9966592736540325,3
1,2,0.9999999909250394,0
2,1,0.9952018605325675,1
2,4,0.9998164541508433,1
4,0,0.9951352503770285,3
0,1,0.9990914928201636,1
2,4,0.9996005480974561,1
2,4,0.9993299515832956,1
2,4,0.9974628985540237,1
0,1,0.9937477478985041,1
1,2,0.9999999909250394,0
2,0,0.9963218289298649,3
2,4,0.9977626336293735,1
2,4,0.9998723395755423,1
2,0,0.991718198427848,3
4,0,0.9885335279135797,3
3,1,0.9979751980712852,1
0,1,0.999521213565352,1
0,0,0.9840998243397587,3
2,4,0.9988458012879955,1
3,1,0.9967172648608986,1
0,1,0.9997196963693797,1
3,1,0.9930341704177946,1
4,0,0.9963300386971006,3
2,4,0.9996848716609243,1
2,4,0.9998392502127987,1
2,4,0.9999926468627173,1
0,1,0.9972585660104469,1
3,1,0.9957991692812859,1
0,1,0.9983841149871926,1
4,0,0.9974302419842292,3
0,1,0.9980772608150639,1
4,0,0.992071563190397,3
0,1,0.9996864052085076,1
2,4,0.9991661066376455,1
2,4,0.9963013215270299,1
3,1,0.9958581294467701,1
2,1,0.9938576647853018,1
0,1,0.9964263423703641,1
4,0,0.9960365347616212,3
2,4,0.9999643956405535,1
2,0,0.9965929655405178,3
0,1,0.9983584171700675,1
0,1,0.9995998344016558,1
2,1,0.9965441845036928,1
0,1,0.9994069227189674,1
2,4,0.9965232500976285,1
2,4,0.9993957778798612,1
4,0,0.9906899828155371,3
4,0,0.9911233141856117,3
0,1,0.9984165584865698,1
3,1,0.9950696517220878,1
0,1,0.9993390159017738,1
2,0,0.728952419168109,-1
2,1,0.9972577868036855,1
4,0,0.9882744070465534,3
2,4,0.999076260854601,1
2,0,0.5002926574772836,3
1,4,0.9983817728838487,1
2,4,0.9997795603009838,1
0,1,0.9982794702984712,1
1,4,0.9978237352746073,1
2,4,0.9999416998484796,1
2,4,0.9964051335133495,1
2,4,0.9999583582313868,1
4,0,0.9538893656051102,3
2,4,0.9998138640070008,1
4,0,0.9958559095636745,3
1,4,0.8593159190246746,1
0,1,0.9992331715181203,1
2,0,0.9962607951475952,3
4,0,0.9978155264546943,3
2,4,0.9964483038600032,1
2,4,0.9988316898320482,1
2,4,0.9987596863475722,1
2,4,0.999292772319877,1
2,4,0.9991681682707922,1
0,1,0.997871663013912,1
2,4,0.9985347347164737,1
2,3,0.9427560505774694,-1
2,4,0.9998460527584049,1
2,4,0.9999839590093201,1
0,1,0.9995920686936034,1
2,1,0.9923581322750626,1
2,4,0.9993670517075562,1
2,4,0.9994715602160394,1
4,0,0.9982174886854024,-1
0,1,0.9976697906974663,1
2,4,0.996494386165541,1
2,4,0.9997682770372377,1
3,1,0.9983961558856165,1
4,0,0.9869959636296293,3
2,4,0.9993602522627696,1
3,1,0.9986521569764579,1
2,4,0.9974084421171348,1
2,4,0.9993677959499414,1
4,0,0.9906614838640702,3
2,1,0.9966603568193138,1
1,2,0.9999999707691196,0
0,1,0.9993734906718981,1
2,4,0.9999848487861391,1
4,0,0.9961773834987134,3
4,0,0.9742053706519775,3
0,1,0.9984503717974572,1
2,4,0.9996961636327515,1
2,4,0.9999821231486801,1
3,1,0.9935403064323229,1
2,4,0.999347804478321,1
2,4,0.9999850130471752,1
2,4,0.9989273588875264,1
2,4,0.9982767494581346,1
0,1,0.9991228941478489,1
2,4,0.9999676655884856,1
1,2,0.9999999909250394,0
2,4,0.9992582135156685,1
2,4,0.9991088785433663,1
4,0,0.9915294573531038,3
0,1,0.9990917863264278,1
3,1,0.9951147449860981,1
1,4,0.8585812182072753,1
0,1,0.997616427620843,1
2,4,0.9999862210272574,1
0,1,0.9995933532011185,1
4,0,0.9964119672892344,3
0,1,0.9995438425020474,1
2,1,0.9950940546704363,1
1,2,0.9999999909250394,0
3,1,0.928591381155664,1
0,1,0.998461829705447,1
4,0,0.9929255711429037,3
2,4,0.9999594727058695,1
2,4,0.9982426472172075,1
0,1,0.9992042703005709,1
2,4,0.9999233336828559,1
2,4,0.9999696278288532,1
1,2,0.9999999909250394,0
2,4,0.9999239107809523,1
2,4,0.9975890638768525,1
3,1,0.9969402234854502,1
2,4,0.9999510520080827,1
0,1,0.9977401929463254,1
0,1,0.9992423289172292,1
0,1,0.9993802115678101,1
0,1,0.9957935037512807,1
1,2,0.9999999909250394,0
0,1,0.9985288096315755,1
2,4,0.9998188897128875,1
2,4,0.999633007082368,1
4,0,0.8494516960372472,-1
0,1,0.9993649014735863,1
0,1,0.9985959437173391,1
4,0,0.9910670654690936,3
2,4,0.9986638621523594,1
0,1,0.9991586295670859,1
4,0,0.9975001282879344,3
2,4,0.9999902663884642,1
2,4,0.9987018040269173,1
2,4,0.9991477781332598,1
0,1,0.9990984772807233,1
0,1,0.9991234636784255,1
2,4,0.9998128680423297,1
0,1,0.998252805588634,1
2,4,0.999857414158784,1
0,1,0.9989095444061207,1
3,3,0.9999999999999627,-1
2,4,0.9983221930131148,1
2,1,0.9664597729536881,1
2,4,0.9840886983148669,1
0,1,0.9994777926396,1
1,2,0.9999999909250394,0
0,1,0.9987181098548467,1
0,1,0.9974372218475438,1
2,4,0.9981864237872111,1
1,2,0.9999999909250394,0
0,1,0.9985943707563039,1
1,2,0.9999999909250394,0
3,1,0.999483565168754,1
2,4,0.999958253118,1
0,1,0.9996759173138314,1
2,4,0.999987655316391,1
2,4,0.9995584188600238,1
4,0,0.771797202479814,3
0,1,0.999275664404712,1
0,1,0.9991114188827754,1
2,4,0.9985829577534896,1
2,4,0.9996728378264698,1
2,4,0.9987993962399521,1
3,1,0.7543759159225042,1
2,4,0.9992495967547729,1
0,1,0.9975395318727364,1
2,4,0.9999480924305398,1
3,3,0.9568953631785306,-1
2,4,0.9989329672619776,1
4,0,0.9660095646170301,3
0,0,0.9895124807108086,3
2,4,0.9997384246937008,1
1,2,0.9999999909250394,0
2,4,0.9994298097916376,1
0,1,0.9993756718978904,1
2,4,0.9994490532373761,1
0,1,0.9991290050932164,1
0,0,0.9817104108517095,3
3,3,0.9926936453979773,-1
4,0,0.9907233258222095,3
0,1,0.9986622205869722,1
2,0,0.9970177535190826,3
2,4,0.9994308426507381,1
4,0,0.9954170688231107,3
3,1,0.9995135993029547,1
0,1,0.9986834145753745,1
2,4,0.9999923205110138,1
0,1,0.998810204204885,1
0,1,0.9990246122186255,1
4,0,0.9992557658329954,3
4,0,0.991815506768718,3
2,4,0.9993481764759886,1
0,1,0.9984827571145226,1
2,4,0.9994273059828483,1
2,4,0.9986978479598335,1
0,0,0.991378606121112,3
4,3,0.9749375210233564,-1
3,0,0.756782388390634,-1
2,4,0.9990587231170238,1
0,1,0.9990073618044905,1
2,1,0.9951547692454565,1
2,4,0.9992820532904073,1
0,1,0.999561149970608,1
1,2,0.9999999909250394,0
0,1,0.9965705999852073,1
2,4,0.9985880567118435,1
2,4,0.9998882821798444,1
3,3,1.0,2
4,0,0.9880046139898446,3
1,2,0.9999999909250394,0
2,4,0.9976817301790456,1
2,4,0.9992144075402047,1
0,1,0.9982444204527896,1
0,1,0.998371450546328,1
3,3,1.0,2
0,1,0.9987356677504013,1
2,4,0.9993839277845853,1
2,4,0.998994253209714,1
3,1,0.9979344047409774,1
2,1,0.9967413651010532,1
2,4,0.998704704195554,1
2,4,0.9942114674461595,1
0,1,0.9976219482551585,1
2,4,0.9999209058717288,1
2,4,0.9993553355645577,1
0,1,0.9977658048629569,1
2,4,0.9999229414980948,1
2,4,0.9994398567309819,1
2,1,0.9530144009766337,1
2,4,0.9919711640322951,1
3,3,0.9996883742958416,-1
0,1,0.9996072602909963,1
2,4,0.9997921529508925,1
2,4,0.9992683186350444,1
0,1,0.9997012116214385,1
1,2,0.9999999909250394,0
4,0,0.9953910911413143,3
0,1,0.9993185404315205,1
2,4,0.9999690480854907,1
0,1,0.9996567002652551,1
2,4,0.9999887840044525,1
0,1,0.998552457074085,1
0,1,0.9997445722442383,1
1,2,0.999999989152782,0
2,4,0.9992162861449526,1
2,4,0.999989903587159,1
4,0,0.9428243030695793,3
0,1,0.998821617944512,1
0,1,0.9986674065150671,1
2,4,0.9999019319856004,1
0,1,0.9958115499970113,1
0,1,0.9996422702165423,1
0,1,0.9995264522423566,1
1,2,0.9999999909250394,0
0,1,0.9981858154366186,1
4,0,0.9970363680560107,-1
2,0,0.9968425017342537,3
4,0,0.9944279007808882,3
2,4,0.9997860365837865,1
0,1,0.9992882466984676,1
2,4,0.999965724506567,1
0,0,0.9899587355333258,-1
4,0,0.9986708956766741,3
2,4,0.9993530159905928,1
0,1,0.9982950292024093,1
2,4,0.9992342937644243,1
4,0,0.9925822662417305,3
4,0,0.998671097933648,3
2,4,0.999925018312141,1
2,4,0.9993830085296876,1
1,2,0.9999999909250394,0
1,2,0.9999999909250394,0
2,4,0.9994733617091482,1
4,0,0.9806232661822453,3
2,4,0.992938907870909,1
2,4,0.9991663693281544,1
4,3,0.9995780337604163,-1
3,1,0.9993793380395678,1
0,0,0.991297017819972,3
2,4,0.999527292228166,1
2,4,0.9995619003700965,1
2,4,0.9999932468310871,1
0,1,0.9994739844591178,1
1,2,0.9999999909250394,0
2,4,0.9997446959993737,1
0,1,0.9987695347227102,1
4,0,0.9982558133804639,3
4,0,0.9951519947674257,3
0,1,0.9997039079437959,1
3,1,0.5041947141270152,1
0,1,0.9992853340683092,1
0,1,0.9983230772629742,1
0,1,0.99967211228854,1
3,1,0.7924848400879936,-1
2,4,0.9964450923866357,1
0,0,0.9879128744720017,3
2,0,0.9967654961200213,3
2,4,0.9934497010710355,1
1,2,0.999999989152782,0
2,4,0.9991739649029132,1
4,0,0.9934566917508395,3
0,1,0.9975828856292228,1
3,1,0.9995875371443396,1
2,4,0.9999812472424916,1
2,4,0.998018311135404,1
2,4,0.996984219549398,1
4,0,0.9932120619458037,3
4,3,0.9823047293593145,-1
2,4,0.9989146011080248,1
3,3,0.9536105105707935,-1
2,4,0.9989713852832357,1
2,1,0.9857987526591895,1
0,1,0.9985349975308485,1
3,1,0.9375541075505733,1
4,0,0.9645300036399801,3
2,4,0.9998877657291749,1
2,4,0.999508847597983,1
2,4,0.9986420753650499,1
2,4,0.9994859250639411,1
4,0,0.9916190195020896,3
0,1,0.9993926267267137,1
2,4,0.9999814786008279,1
4,0,0.9969009007947406,3
2,4,0.9981164081572073,1
0,1,0.9989037643342554,1
4,0,0.9883634710704851,3
4,0,0.9434158545176168,3
2,0,0.9885206106436059,3
2,4,0.9995187676584137,1
2,4,0.9992344285320108,1
2,4,0.9983452130239627,1
4,0,0.8802516551319975,3
2,4,0.9991052700974313,1
3,1,0.9946957406170459,1
2,4,0.9995574668930352,1
2,4,0.9995049716939053,1
2,4,0.9996443309839375,1
0,1,0.9997258869779754,1
2,4,0.9981836627762037,1
0,1,0.9990846967392307,1
4,0,0.9886872342654007,3
2,4,0.9993753695287637,1
2,4,0.9999693015662706,1
2,4,0.9991047268744188,1
4,0,0.9657247891964381,3
2,4,0.9995304520551201,1
2,4,0.9978792096621723,1
4,0,0.9950122214163306,3
2,4,0.9995984768382369,1
0,1,0.9996955198709077,1
2,4,0.9892813742594758,1
2,4,0.9995089907751715,1
0,1,0.9976279918173911,1
1,2,0.9999999909250394,0
0,1,0.9986972397074791,1
0,1,0.9985450422427189,1
2,4,0.999961725107158,1
3,1,0.9744016649845184,1
2,4,0.991935454607779,1
0,1,0.9995728965287236,1
2,4,0.9992854928274559,1
4,0,0.9956912574961955,3
4,0,0.9979479987246155,3
2,4,0.9983086232542612,1
2,4,0.996837588647923,1
1,4,0.9981645096290545,1
2,4,0.9999756583059187,1
0,1,0.9989442090442461,1
0,1,0.9985513085827172,1
0,1,0.9992913541752575,1
2,4,0.9996333904420677,1
1,4,0.9937219212426975,1
2,4,0.9997706034495206,1
2,4,0.9993103041262288,1
2,4,0.999067152268975,1
2,4,0.9994108212852592,1
4,0,0.9849805769662728,3
2,4,0.9999794502906654,1
0,0,0.9895310107642808,3
2,4,0.997248102672148,1
2,4,0.9994293959232742,1
2,4,0.9999727453219843,1
1,4,0.9994972784566268,1
0,1,0.999046768831946,1
2,4,0.9998871473141627,1
2,4,0.999142667011861,1
1,4,0.9941554484360722,1
0,1,0.9988035340713628,1
4,0,0.9973024938282683,3
0,1,0.9995348379081098,1
2,4,0.9996060403544864,1
0,1,0.9993867486349269,1
2,4,0.9947722213489523,1
4,0,0.9950332665367259,3
2,4,0.9991148120521016,1
0,1,0.9987461542546532,1
2,4,0.9998717572593324,1
0,1,0.9983020881624074,1
2,4,0.9992474946160307,1
2,4,0.9970198466119322,1
2,4,0.9968370409093172,1
4,0,0.9984818321518688,3
0,1,0.9979154579911165,1
4,0,0.9961090227215477,3
0,1,0.9985854258045537,1
2,4,0.9997150468220878,1
2,4,0.9995452231329292,1
2,4,0.9999630931166156,1
2,4,0.9996536940386832,1
3,1,0.923723737961464,1
0,1,0.9936066726955437,1
2,4,0.9991962643567005,1
2,4,0.999938298139288,1
2,4,0.9998944110774033,1
0,1,0.999305129978738,1
2,4,0.9999883467358982,1
4,0,0.9939899170011183,3
0,1,0.9989501587005758,1
2,4,0.9999155519106047,1
2,4,0.9998434172062324,1
0,1,0.9950678629274948,1
2,4,0.9981763542437732,1
2,4,0.9999003914774478,1
2,4,0.998841900848962,1
3,1,0.9995637002480583,1
0,1,0.9995617992395756,1
4,0,0.9925909398648065,3
4,0,0.9995064512824625,3
0,1,0.9982216128385559,1
3,1,0.9992198260972056,1
2,4,0.9959468525316225,1
2,4,0.9999838113422694,1
2,4,0.9985990710841716,1
0,1,0.997685290437999,1
4,0,0.9928745776433165,3
4,3,0.99683737195784,-1
2,4,0.9999924288291121,1
2,4,0.999767405444376,1
1,2,0.9999999707691196,0
0,0,0.973679142310786,3
0,1,0.9974177237399828,1
0,3,0.9987566428084739,-1
0,1,0.9996378162492756,1
4,0,0.9739798684013959,3
0,0,0.9828079632681062,3
2,4,0.9984099780116332,1
4,0,0.9991264755510479,3
2,4,0.9987616183594449,1
4,0,0.9957990666917464,3
2,4,0.9970137733605545,1
2,4,0.9958192818671937,1
2,4,0.9951342222100619,1
2,4,0.9968299295847198,1
0,1,0.999519837201571,1
3,1,0.998711856421184,1
2,4,0.9962140493496592,1
0,0,0.9806391786503036,3
2,4,0.9983998299564657,1
3,3,0.9975003636959008,-1
2,4,0.990966957247443,1
4,0,0.9950958933961795,3
2,4,0.9990942577651002,1
0,1,0.999364982694046,1
2,4,0.9999147107878704,1
2,4,0.9984872395124563,1
2,0,0.9966955628054623,3
2,4,0.9965127267604769,1
2,4,0.9984657679510428,1
2,1,0.9864566406700667,1
2,4,0.9999871521711005,1
3,3,0.7240864481292011,-1
0,1,0.9996624392450391,1
2,4,0.999974863710336,1
2,1,0.9974174995054801,1
3,0,0.9127363593515404,3
2,4,0.9993388346220512,1
2,4,0.9986704364373745,1
2,4,0.9996055195395185,1
0,0,0.7162572587802494,-1
2,4,0.9993421189483319,1
0,3,0.9639972291062349,-1
1,4,0.9958453743588689,1
2,4,0.9992499760187565,1
1,4,0.9974484351721612,1
2,4,0.9998457944563219,1
2,4,0.9991732591486465,1
0,1,0.9992497004767279,1
2,4,0.9998217172032932,1
0,1,0.9987077454456801,1
2,4,0.9999425253808012,1
0,1,0.9977219809629201,1
2,4,0.999423466874105,1
2,4,0.9966513933480936,1
2,4,0.9981185317075765,1
0,1,0.9970167168352269,1
4,0,0.9936871273727288,3
0,1,0.9983925181586836,1
4,0,0.9948614060135997,3
0,1,0.9990587523042569,1
0,1,0.9986902812041893,1
0,1,0.9979872565018754,1
2,4,0.9988761904775313,1
2,4,0.9999831426171777,1
2,4,0.9999925817658092,1
4,0,0.9604387612741082,3
4,0,0.9798314599165133,3
4,0,0.9952246653559662,3
4,0,0.9904633454026266,3
0,1,0.998722660346429,1
4,0,0.9970484847097297,3
2,4,0.9842645664851475,1
2,0,0.9650659164378963,3
2,1,0.9866470623318206,1
2,1,0.9595555362229606,1
2,4,0.9989950780613573,1
4,0,0.9957601427350032,3
0,1,0.9991427779364881,1
2,4,0.9992581313449769,1
2,4,0.9999922918444589,1
2,4,0.9998330759173529,1
0,1,0.9995132769431488,1
0,1,0.99718977453087,1
2,4,0.9992143326928044,1
2,1,0.993630638743082,1
4,0,0.9947913857754845,3
2,4,0.999989903587159,1
4,0,0.8745240301491939,-1
0,1,0.9986001524451047,1
2,4,0.9995561458823818,1
2,4,0.9976650223964937,1
0,1,0.998507567154967,1
2,4,0.9999869571057003,1
0,1,0.99913861355801,1
0,1,0.9992651192120934,1
0,1,0.9941046024519568,1
2,0,0.9936008142534366,3
2,4,0.9992044985245165,1
0,1,0.9990947310777414,1
2,4,0.9999513312049119,1
0,1,0.9989621593623521,1
2,4,0.9948506639209536,1
0,1,0.9984575127924141,1
2,1,0.987170622575865,1
3,1,0.9902976272834588,1
0,1,0.9993042409540587,1
1,2,0.9999995981183906,0
2,4,0.9990722018606983,1
2,4,0.9983310454919112,1
0,1,0.9996584723520576,1
2,4,0.9989577119088552,1
2,4,0.9998425019682963,1
0,0,0.9082569838965074,-1
2,4,0.9999357034396006,1
0,1,0.9986140531484214,1
0,1,0.9987436061720932,1
0,1,0.9995173329756598,1
2,1,0.9968737788343287,1
3,3,0.9976064207244286,-1
2,4,0.9993050859133181,1
4,0,0.9953401115730922,3
2,4,0.9981302672509941,1
2,4,0.9992849615847966,1
4,0,0.9908502861853458,3
1,2,0.9999999909250394,0
2,4,0.9998880704506685,1
2,4,0.9995712639131613,1
0,1,0.9988509614590694,1
4,0,0.9981021017723335,3
2,4,0.9989090851731899,1
2,4,0.9991068451445649,1
2,4,0.9994481339752057,1
2,4,0.9997587042201094,1
4,0,0.9456433915238128,-1
2,4,0.9996729368354624,1
0,1,0.9997675387008618,1
2,4,0.9996176084229585,1
2,4,0.9985700636518426,1
0,1,0.9996392642348766,1
3,0,0.7115762143260698,3
0,1,0.9992689361503814,1
2,4,0.9999788182030995,1
2,4,0.9978455457135602,1
0,1,0.9993600141861083,1
4,0,0.9931895415107701,3
2,4,0.9999531890323197,1
2,4,0.994427594277219,1
2,0,0.9519820946525493,3
0,1,0.9975841764203257,1
2,4,0.9998395441748069,1
2,4,0.9996737253182704,1
0,1,0.9992520003878154,1
0,1,0.9985978272613419,1
0,1,0.9983447700206728,1
1,2,0.9999999909250394,0
0,1,0.9990480549762333,1
2,4,0.9995355222862436,1
4,0,0.9560629520108943,3
0,1,0.997392289121946,1
2,4,0.9990930484554087,1
2,4,0.9996930070367892,1
4,0,0.9700869163655516,3
2,4,0.999934259492699,1
0,1,0.9964927474850125,1
4,0,0.9939294732848026,3
2,4,0.9977192866917873,1
2,1,0.9964363486669313,1
2,4,0.9993228344529175,1
1,2,0.9999999909250394,0
1,2,0.9999999909250394,0
2,4,0.9976564685643616,1
2,4,0.9999044848156419,1
4,0,0.9731386253854656,-1
3,1,0.837062697505623,1
4,0,0.9879757439672661,3
2,4,0.9999648928069371,1
0,1,0.996523203079338,1
3,0,0.5088216788503921,-1
4,0,0.9964356007976803,3
0,1,0.998459038745495,1
2,4,0.9999265740526397,1
0,1,0.9985923871611863,1
2,4,0.9986156247249498,1
2,4,0.9999620576011322,1
2,4,0.9891474273975788,1
0,1,0.9994672803741564,1
3,1,0.992062057208625,1
0,1,0.9992837999049267,1
2,4,0.9993581775537499,1
3,3,0.929187922209396,-1
1,2,0.9999999909250394,0
3,3,0.7010206748131842,-1
2,4,0.9999750513115111,1
2,4,0.9991984534023479,1
1,2,0.9999999909250394,0
0,1,0.9996002167703756,1
4,0,0.9901037938953412,3
2,4,0.9999611224242331,1
0,1,0.9945296390766637,1
0,1,0.9990941089501639,1
2,4,0.9981731433030293,1
2,0,0.9968143641461157,3
0,1,0.9987915855116107,1
1,2,0.9999999909250394,0
4,3,0.7996812057967468,-1
2,4,0.9991375669321119,1
4,0,0.9197435233604595,3
3,0,0.5905567681491792,3
0,0,0.9923664489427554,3
4,0,0.9916126693472733,3
4,0,0.9982691606052919,3
0,1,0.999104462303979,1
2,4,0.9999878655350855,1
0,1,0.9975348358046061,1
0,1,0.9985550260183435,1
2,4,0.999796666949673,1
2,4,0.9998957616647155,1
2,4,0.9979702441795638,1
2,4,0.9982523679215831,1
2,4,0.9998649530117458,1
1,2,0.9999999909250394,0
2,4,0.9988172004347571,1
1,2,0.9999999909250394,0
2,4,0.9998751816810894,1
0,1,0.9977869571820612,1
0,1,0.9986581206125108,1
2,4,0.9999547377056466,1
4,0,0.9934217404308978,3
2,4,0.9988855070966575,1
0,1,0.9988217846266941,1
0,1,0.9989131426969813,1
1,4,0.9992620338440316,1
2,4,0.9996498685887926,1
1,2,0.999999989152782,0
0,1,0.9986812772714858,1
0,1,0.9996026365602667,1
1,4,0.9986805669183692,1
2,1,0.9966488848093928,1
2,4,0.9993024531322146,1
0,1,0.9983685455999839,1
0,0,0.9950908795815471,3
2,4,0.9993882879946021,1
2,4,0.999965104430482,1
4,0,0.9975393531537938,3
4,0,0.9995702449204653,3
2,4,0.999974061212649,1
2,4,0.9986153474298708,1
0,1,0.9951920829003954,1
0,1,0.9980894668871032,1
2,1,0.9942696210304487,1
2,4,0.9986234303449396,1
2,0,0.9961947352536549,3
0,1,0.999500771793312,1
2,0,0.9877419893022406,3
0,1,0.9986181892019576,1
2,4,0.9996988990099276,1
4,0,0.9968678000002275,3
4,0,0.9957154061246203,3
2,4,0.9993664257785224,1
3,3,0.9999542786300823,-1
4,0,0.9976438451988864,3
1,2,0.999999896419749,0
2,4,0.9776543671808579,1
2,4,0.9999778261747767,1
2,4,0.9986499081777347,1
2,4,0.9983429936289723,1
2,4,0.9973670657053607,1
0,1,0.997988600790689,1
2,4,0.999274536216384,1
2,1,0.9981234067521298,1
4,0,0.9452243664914339,3
3,1,0.5789681206162566,1
2,4,0.9992922872021586,1
4,0,0.9937785096217794,3
3,1,0.9672109034203396,1
4,0,0.9941821178794427,3
2,4,0.999832737274645,1
2,3,0.9866793942449028,-1
0,1,0.9982405904593832,1
2,4,0.9998757749621324,1
2,4,0.9999915650992719,1
4,0,0.9946704397082223,3
4,0,0.9912273975580052,3
2,4,0.9979845198951802,1
4,0,0.9948044704620521,3
1,4,0.9995547769596681,1
2,4,0.9989696916500223,1
2,4,0.9999879908525128,1
0,1,0.9986403934705372,1
2,4,0.9992862364818563,1
2,4,0.9997461721521008,1
2,4,0.9999864190539675,1
0,1,0.99885851475692,1
4,0,0.9839208561413082,3
0,1,0.9996097920086968,1
2,4,0.9998086249737679,1
2,4,0.9999696829487794,1
4,0,0.9965067407703807,3
2,4,0.9999856922273261,1
4,0,0.9893887427652104,3
4,0,0.7338552258992699,-1
3,1,0.9464948756751987,1
2,1,0.9964939806548714,1
2,4,0.9951825031000773,1
0,0,0.9918000736022367,3
4,0,0.9920462424358856,3
2,4,0.9996452034112115,1
2,4,0.9993142118733584,1
2,1,0.9954772266009111,1
2,4,0.9892135357947022,1
0,1,0.9971531543074196,1
0,1,0.9995338367836448,1
0,1,0.998805956525574,1
3,1,0.9995726719252761,1
1,2,0.9999999909250394,0
0,1,0.9997027588402884,1
4,0,0.9898973941843558,-1
2,4,0.9993951650609205,1
2,4,0.9992965074965131,1
2,4,0.9985724352992409,1
4,0,0.9954544710990464,3
2,4,0.9992839608984726,1
1,2,0.9999999909250394,0
2,1,0.9963215319347744,1
2,4,0.9990995316865804,1
4,0,0.9865255450235002,3
3,1,0.9996119031578075,1
2,1,0.9936829622200235,1
2,4,0.999279742905755,1
4,0,0.9956375151880758,3
2,4,0.9997978036048318,1
4,0,0.9955045575383383,3
2,4,0.9992485492774219,1
1,4,0.9998992493402813,1
4,0,0.9972127031521765,3
0,1,0.9976225254193585,1
2,4,0.9992126505909269,1
0,1,0.9990215632848122,1
4,0,0.9923123530291914,3
2,4,0.9989985827854495,1
2,4,0.9978809399407362,1
0,1,0.9972083770628851,1
4,0,0.9841431925788061,3
2,4,0.999106933666695,1
2,4,0.9952160690114839,1
1,2,0.9999999909250394,0
4,0,0.9952756731603333,3
4,0,0.993437906095992,3
4,0,0.6728389380086665,3
3,1,0.9974245144129825,1
1,2,0.9999999909250394,0
0,1,0.9981079130396405,1
0,1,0.997519371282859,1
2,4,0.9997269682775715,1
3,1,0.9949459736881984,1
2,4,0.9993242499951793,1
2,4,0.9999899089571104,1
0,1,0.9979656884421175,1
4,0,0.9811084945099978,3
2,4,0.9819500232288335,1
2,4,0.9987684256379861,1
2,4,0.998357961294063,1
4,0,0.9432987392383548,3
1,2,0.9999999909250394,0
2,4,0.998877659289006,1
0,1,0.997223458225701,1
4,0,0.9931957339952583,3
2,4,0.9973377765939052,1
2,4,0.9997097958419608,1
2,4,0.9998865705770791,1
2,4,0.9991510142564382,1
2,4,0.9947390696840406,1
2,4,0.9988855070966575,1
0,1,0.9978377812262791,1
4,0,0.99792712015443,3
2,4,0.999066475014056,1
2,4,0.9999663844473574,1
2,4,0.9996052707681303,1
3,1,0.9687803667693177,1
0,1,0.9994779717472568,1
0,1,0.9970736817231679,1
2,4,0.9998913793720126,1
4,0,0.9958312074473347,3
0,1,0.9984742218764405,1
2,4,0.9993825133850702,1
2,4,0.9969466634686299,1
4,0,0.9850310207804958,3
0,1,0.9946306864972138,1
2,4,0.9869263757433953,1
4,0,0.996427322714216,3
0,1,0.9987687798286583,1
2,4,0.9994313594176544,1
0,1,0.9988809980201422,1
2,4,0.9999919560462565,1
2,0,0.9973282073302958,3
4,0,0.9931091539435098,3
0,1,0.9994564840131273,1
0,1,0.9987050961787501,1
3,1,0.9902138974870462,1
2,4,0.9999582073674326,1
2,4,0.9988862834692221,1
0,1,0.9986267634855629,1
1,2,0.9999999909250394,0
1,2,0.9999999909250394,0
2,4,0.999644138736634,1
2,4,0.9999661517669826,1
0,0,0.9852777939863715,3
4,0,0.9925350620473369,3
2,4,0.999992477816013,1
0,1,0.9997496397204862,1
2,4,0.9984618866052681,1
2,4,0.9993074476349253,1
0,1,0.9988577106867786,1
2,4,0.9994522011757752,1
1,2,0.9999999909250394,0
2,1,0.996451826380948,1
1,2,0.9990244867145155,0
2,4,0.9975948897017404,1
0,1,0.9991507496823447,1
2,4,0.9990159880418011,1
2,4,0.9974290880967874,1
0,1,0.9981561892793405,1
0,1,0.9981426554386533,1
0,1,0.9991894156098775,1
2,4,0.9999862593908955,1
1,2,0.9999999909250394,0
2,4,0.9996500835958598,1
2,4,0.9996114422472515,1
2,4,0.999726917126012,1
2,4,0.9941835043929971,1
0,1,0.9996207259423334,1
3,3,0.9999478856928774,4
2,4,0.9987117828234311,1
2,4,0.9909888410487749,1
0,1,0.9990611315370549,1
0,1,0.9981593009356571,1
2,4,0.9999591827973314,1
4,0,0.9960748449333919,3
0,1,0.9969896123721805,1
3,3,0.9959507802142432,-1
1,4,0.9987486754517141,1
1,2,0.9999999909250394,0
0,0,0.9848104933441918,3
2,4,0.9992827047872995,1
1,2,0.9999999909250394,0
1,2,0.9999999909250394,0
0,1,0.9995680617173421,1
4,0,0.9963629634015682,3
0,1,0.9968736099573997,1
0,1,0.9990781037437383,1
2,4,0.9989131767070561,1
0,1,0.9980602565850459,1
0,1,0.9972463193632483,1
4,0,0.9949513490607422,3
1,2,0.9999999909250394,0
0,1,0.9976490418428342,1
0,1,0.9997320064154394,1
0,1,0.9976753364395975,1
3,3,0.9996073504744158,-1
4,0,0.9971851914794914,-1
0,1,0.9993440112555421,1
2,4,0.9974475143548819,1
1,2,0.999999989152782,0
2,4,0.9999458799106344,1
2,4,0.9982150608560554,1
3,3,0.9996059561127041,-1
4,0,0.9930022492121348,3
2,4,0.9991906686694905,1
0,1,0.9954609249629042,1
3,3,0.9422104731083092,-1
1,2,0.999999989152782,0
2,4,0.9999822839211243,1
2,4,0.9999691509754636,1
0,1,0.9981998740319095,1
2,4,0.9999156647313052,1
2,4,0.9962691675476593,1
2,4,0.9996826945818919,1
1,4,0.9996817255004783,1
2,4,0.9994060876592051,1
0,1,0.9987801972912528,1
0,1,0.9985482671243667,1
0,1,0.9991574816801762,1
1,2,0.9999999909250394,0
2,4,0.9990373129103082,1
2,4,0.9999799036665415,1
4,3,0.9730075073107544,-1
2,4,0.9993329539156849,1
2,4,0.974468813195593,1
2,4,0.9960848171228012,1
0,1,0.997879382204414,1
0,1,0.9988512628564358,1
4,0,0.997169149714155,3
3,1,0.9989550566534531,1
4,0,0.9922539075888722,3
0,1,0.9993059022504204,1
4,0,0.9859506206439694,3
4,0,0.983931749839072,3
0,1,0.9985562549126655,1
2,4,0.9983337748250716,1
0,1,0.9930981113563184,1
4,0,0.9940682202880419,3
0,1,0.9997281374109167,1
4,0,0.9936050215221829,3
2,1,0.9966135204012866,1
0,1,0.9995449120204438,1
1,2,0.9999999909250394,0
1,2,0.999999989152782,0
0,1,0.9988175110590682,1
2,4,0.9997941967696079,1
2,4,0.9978551448125954,1
4,0,0.9706057329012656,3
2,4,0.9994394232473998,1
0,1,0.9981973493593779,1
2,4,0.9975549679598723,1
4,0,0.9963973992445823,3
4,0,0.982309871108952,3
1,2,0.999999989152782,0
2,4,0.9998997295810605,1
2,4,0.9991642943219436,1
2,4,0.9998710690414723,1
4,0,0.9959296900152834,3
0,1,0.9988121917802223,1
4,0,0.9869930075005838,3
0,1,0.9993182943486808,1
4,0,0.9983169458839977,3
0,1,0.9994768319162153,1
0,1,0.9986321383574696,1
2,0,0.997037633602884,3
2,0,0.9957729669827511,3
4,0,0.9962156540810394,3
2,0,0.996619401141019,3
2,4,0.9992901144489491,1
3,1,0.9982898622533103,1
0,1,0.9991204429303813,1
2,4,0.9992856018482995,1
2,4,0.9999787695547782,1
1,4,0.9973552201589885,1
2,4,0.9994230588342358,1
2,4,0.9995526963707603,1
2,4,0.9998036913281695,1
2,4,0.9962302743023839,1
1,2,0.999999989152782,0
0,1,0.9996043819619513,1
2,0,0.9914531412986636,3
4,0,0.9043936080907737,-1
0,1,0.9977894032676727,1
4,0,0.9972117061716554,3
2,4,0.99917452553109,1
3,1,0.9992867309986015,1
4,0,0.9898194081554005,3
4,0,0.9874275995463981,3
0,1,0.9981801125643731,1
2,4,0.9974746107666101,1
0,1,0.9973641895917735,1
2,4,0.99477196516195,1
0,1,0.9981923203679768,1
0,1,0.9992342567160442,1
4,0,0.9898492415010546,3
4,0,0.9906194098891157,3
0,1,0.9971146625476871,1
2,4,0.9947356123830209,1
1,2,0.9999999909250394,0
2,4,0.9996370646051033,1
1,4,0.9773243711245487,1
2,4,0.9999053908962495,1
2,1,0.9885628157641659,1
2,4,0.9997010769196971,1
0,0,0.9575744986168722,-1
4,0,0.9962311937143123,3
0,1,0.9990524893716562,1
4,0,0.9038700405082329,3
1,2,0.999999989152782,0
2,4,0.9992754317769713,1
4,0,0.9950929574477618,3
4,0,0.9677545297873583,3
2,4,0.999022628693947,1
2,4,0.9992865631118034,1
1,2,0.9999999909250394,0
1,2,0.9999999909250394,0
3,0,0.8998492755652873,3
2,4,0.9999873722881529,1
0,1,0.9971316212709832,1
0,1,0.9970156949139356,1
1,2,0.9999999909250394,0
0,1,0.9992478461404425,1
2,4,0.999177533635683,1
1,2,0.9999999707691196,0
0,1,0.9989554231014878,1
0,1,0.9990908501430605,1
1,4,0.999878951211909,1
2,4,0.9993156811159049,1
2,4,0.9984334899989059,1
2,4,0.9992706582358728,1
1,2,0.9999999909250394,0
0,1,0.9988056230824974,1
2,4,0.9978483682280057,1
0,1,0.9990423702799343,1
1,4,0.9985181429905509,1
1,2,0.9999999909250394,0
2,4,0.9999273077741263,1
4,0,0.9947066735240868,3
2,4,0.9982093437570646,1
4,0,0.9925089513889019,3
2,4,0.9995326261484402,1
0,1,0.9989434248377371,1
2,4,0.999386688089182,1
4,0,0.9977747919755624,3
2,1,0.9952509298387676,1
2,1,0.9942490741792311,1
2,4,0.9996176084229585,1
2,4,0.9999534849353511,1
2,4,0.99936263602432,1
2,4,0.9999072121059965,1
2,4,0.9999673867559252,1
2,4,0.9998718232966334,1
2,4,0.999976743660899,1
2,4,0.9989003934190706,1
2,4,0.9996176169641784,1
2,4,0.9999438295198988,1
0,1,0.9982049833639022,1
2,4,0.9986560278773583,1
2,4,0.9992999051513423,1
2,4,0.9996235255889862,1
0,1,0.9847709714007218,1
2,4,0.9978674886585748,1
0,0,0.9953208432106717,3
0,1,0.99914789057671,1
2,4,0.9994723305064209,1
0,1,0.9988233479047808,1
0,1,0.9985453585320943,1
1,2,0.9999999909250394,0
0,0,0.9177783914234302,3
2,4,0.9999682140682944,1
2,4,0.9997856082190187,1
2,4,0.9967102711244316,1
2,4,0.9998457884056661,1
2,4,0.997761116202547,1
2,4,0.9999461047553537,1
2,4,0.9999381271127686,1
2,4,0.9996696750424514,1
0,0,0.9918172276576517,3
4,0,0.9952974049927644,3
0,1,0.9979235951206806,1
2,4,0.9999917690422372,1
2,4,0.9997346380628921,1
4,0,0.9957999633772475,3
4,0,0.9961613735383914,3
2,4,0.9943110548015723,1
2,4,0.9988457651486742,1
2,4,0.9999899817303798,1
0,1,0.9977556433832006,1
3,1,0.9991475892361277,1
0,1,0.9754797947451139,1
0,1,0.9991956054630079,1
2,4,0.9978036052554597,1
2,4,0.9984001716016228,1
2,4,0.9998968096102272,1
2,4,0.9992916605492463,1
2,4,0.9994853732254532,1
0,1,0.9989475933085813,1
0,1,0.9978866756126825,1
2,4,0.9969934590223581,1
1,2,0.9999999909250394,0
2,4,0.9999868873956707,1
1,4,0.9843294775227319,1
2,4,0.9977388008423367,1
4,0,0.918112755613431,3
0,1,0.9979149861189676,1
2,4,0.9940270370889008,1
4,0,0.9957096336425706,3
2,4,0.998727975173355,1
3,1,0.9938710564253289,1
0,1,0.9995475149957594,1
2,4,0.9997953799168111,1
0,1,0.9989895636076876,1
0,1,0.9989670436690159,1
4,0,0.993304640812255,3
2,0,0.9971889043840916,3
0,0,0.9941326225403165,3
1,2,0.9999999909250394,0
2,4,0.9978465923550696,1
4,0,0.9972649791179263,3
2,4,0.997130309389575,1
2,4,0.99033845400497,1
1,2,0.9999999909250394,0
1,2,0.9999995981183906,0
1,4,0.9999099379459797,1
2,4,0.995013772768557,1
4,0,0.997148971537511,3
2,4,0.9993146686013973,1
2,4,0.9955181688991418,1
2,4,0.9956730776866809,1
2,1,0.9943027368340578,1
2,4,0.9998963696144169,1
2,4,0.9960352142929942,1
2,4,0.9994137600277863,1
2,1,0.9945799870595531,1
2,4,0.999409338649617,1
2,4,0.9985983160144333,1
2,4,0.9988708417794185,1
0,1,0.9991077330898813,1
0,1,0.9990234146625431,1
2,4,0.9999913287252375,1
3,1,0.9996624497117552,1
4,0,0.9957343462925059,3
2,4,0.9979107355398376,1
0,1,0.9986317351951434,1
2,4,0.999206537863875,1
4,0,0.9882999140106813,3
0,1,0.9983063090144965,1
2,4,0.9984311196724046,1
4,0,0.8783152694535549,3
2,4,0.9994017032902829,1
2,4,0.9999932722744075,1
1,2,0.9999999909250394,0
0,1,0.999366009772635,1
0,1,0.9975552749974681,1
0,1,0.9974505997767279,1
2,4,0.998971529684865,1
2,4,0.9999487963822719,1
4,0,0.9984621353662081,3
2,4,0.994377667367568,1
1,4,0.9985940720145631,1
2,4,0.9999791222526766,1
0,1,0.9995292842753628,1
2,4,0.9990039461284794,1
4,0,0.9968863778423573,3
4,0,0.9961723104566127,3
2,4,0.9999415882696235,1
4,0,0.9896315495190743,3
2,1,0.9926318796272751,1
0,1,0.9976647806055983,1
4,0,0.9983303626031603,3
3,1,0.9979249876869464,1
2,0,0.9620436017278702,3
3,1,0.9689041835324568,1
2,1,0.7756931375540937,1
1,2,0.9999999909250394,0
2,4,0.9967537642088745,1
1,4,0.983001293644651,1
0,1,0.998903538202909,1
4,0,0.9252475707033003,3
0,1,0.9988202968586113,1
2,4,0.9979532607480534,1
2,0,0.9972501222146543,3
0,1,0.9977363024615474,1
0,1,0.9969489449425332,1
4,0,0.9868293371524969,3
0,1,0.9981742473956642,1
2,4,0.9999546383206692,1
0,1,0.9996432161308427,1
3,1,0.9906786471956651,1
2,4,0.999305979842679,1
3,1,0.9983458545021183,1
0,1,0.9985275775042034,1
0,1,0.9989540623498928,1
4,0,0.9975441854546976,3
0,1,0.994601037929949,1
0,1,0.9985186206962937,1
2,4,0.999219021579232,1
4,0,0.996052871311267,3
2,4,0.9999662068219288,1
2,4,0.9998719133546982,1
0,1,0.999167515259166,1
3,1,0.9985128129531387,1
0,1,0.9995419516139668,1
2,4,0.9999743181564633,1
0,1,0.9988645073979552,1
0,1,0.9994169967738642,1
2,4,0.9997494898468472,1
3,3,0.6771219623854275,-1
0,1,0.9989457625127816,1
0,1,0.997717018331718,1
2,4,0.9999690627427585,1
0,1,0.999040167997705,1
4,0,0.9992184506404825,3
0,1,0.9971829808247199,1
0,1,0.9976542108479028,1
2,4,0.999950766479852,1
0,1,0.9995084579852811,1
0,1,0.9987697652889279,1
0,1,0.9984068132474785,1
4,0,0.9844340599292905,3
0,1,0.9996026649982209,1
0,1,0.9996868556668913,1
0,1,0.997210856209837,1
2,4,0.9995203282027794,1
2,1,0.982363764333091,-1
2,4,0.9988030406327559,1
0,1,0.9976693363513158,1
0,1,0.9990739704777556,1
2,4,0.9998731259818651,1
0,1,0.9982877601803029,1
0,1,0.9986999808095811,1
1,4,0.9496802846987785,-1
0,1,0.9992135998477045,1
2,4,0.9998567004498182,1
0,0,0.9690219951996132,3
0,1,0.9977078543217427,1
3,1,0.998816715849418,1
0,1,0.9995036430292014,1
2,4,0.9989932130451639,1
0,1,0.9990930266739949,1
2,4,0.9996594178372229,1
4,0,0.9985103971197511,3
0,1,0.9993546071706222,1
0,1,0.998461934885744,1
0,1,0.9993699189356373,1
2,4,0.9999188729204653,1
2,4,0.9984840877607901,1
2,4,0.9960876253314954,1
1,2,0.9999999909250394,0
2,4,0.9986982271138036,1
0,1,0.9988064159027878,1
0,1,0.9987049646989067,1
0,1,0.9980939438930496,1
4,0,0.9976166490455705,3
0,1,0.9995221343356909,1
0,1,0.9985797864533065,1
4,3,0.6966557172175568,-1
0,1,0.9967189184754162,1
0,1,0.9980336045284359,1
3,1,0.9995281568689408,1
2,4,0.9985451952777042,1
4,0,0.9940068071142163,3
2,4,0.9989779637022109,1
0,1,0.9993741913100074,1
0,0,0.9872036478436051,3
2,1,0.9952045165296023,1
2,4,0.9998214972011088,1
0,1,0.9967894326425206,1
2,4,0.9997427919592156,1
0,1,0.998355731169988,1
0,1,0.9952155845948463,1
0,1,0.9981801173072282,1
2,1,0.9967866597448969,1
2,4,0.9983013955044672,1
3,1,0.9967968256005304,1
0,1,0.9988006444760004,1
3,3,0.9826563287469401,-1
3,1,0.9995865129481416,1
0,1,0.998975570783777,1
0,1,0.9992783100232286,1
0,1,0.9985629921026202,1
3,3,0.9999671794532364,-1
2,1,0.9962556553837479,1
0,1,0.9991497063071285,1
0,1,0.9981475589375483,1
0,1,0.9984549402645037,1
0,1,0.9982408887489587,1
3,3,0.9393449345866255,-1
2,4,0.9995663109911515,1
0,1,0.9996277032941306,1
0,1,0.9996825260959226,1
2,4,0.9971990073434642,1
2,4,0.998439164891041,1
2,4,0.9970025441911623,1
0,1,0.9996531497612484,1
2,4,0.9999699573915682,1
4,0,0.9960814006347648,3
2,4,0.9988319184715243,1
0,1,0.9994124631696689,1
4,0,0.9988553954802643,3
0,1,0.9994806325505937,1
3,3,1.0,2
2,4,0.999453205109711,1
2,4,0.9998735405817144,1
2,4,0.9969336979562565,1
4,0,0.997309802412516,3
2,4,0.9994297870814667,1
0,1,0.9980974564923412,1
0,1,0.9950221974740575,1
4,0,0.9964783666046501,3
2,4,0.9980504147833192,1
2,3,0.9694911878932446,-1
1,4,0.9992514814230761,1
4,0,0.9865589651015289,3
0,0,0.9724459047625352,3
0,1,0.9996618679460002,1
0,1,0.998833566170557,1
2,4,0.9999142642370964,1
0,1,0.9993470131339078,1
0,1,0.9977865890769375,1
2,4,0.998875069470486,1
0,1,0.9992841664913374,1
2,4,0.9999856858541382,1
3,1,0.7600490993625243,1
3,3,0.9332811668330059,-1
0,1,0.9955169575620001,1
2,4,0.9999837530739301,1
0,1,0.9961391426760455,1
4,0,0.9916866291522022,3
4,0,0.9807923518677534,-1
2,1,0.9947941605331431,1
0,1,0.9956365306712045,1
2,4,0.9997629142124953,1
2,4,0.9992573279096696,1
2,4,0.9999904270565922,1
2,4,0.9999892110708797,1
0,1,0.9985370465669069,1
2,1,0.9668661197250529,1
1,2,0.9999999909250394,0
2,4,0.9946487610577934,1
0,1,0.998791157661268,1
4,0,0.9969450582577737,-1
3,1,0.9993541113196381,1
4,0,0.994838685739007,3
4,0,0.9969175445604097,3
1,2,0.999999989152782,0
0,1,0.9983140466672856,1
0,1,0.9988808510471339,1
3,1,0.9987440613639135,1
2,4,0.999266284213591,1
4,0,0.7783825197189416,-1
0,1,0.9991448985683649,1
0,1,0.9986275296755694,1
0,1,0.9987869079466029,1
3,1,0.9994746585028496,1
2,4,0.9999410550210616,1
2,4,0.9999006959868245,1
4,3,0.6176090905576015,-1
3,1,0.9803155277860055,1
2,4,0.9999416337299203,1
3,1,0.9320386645696815,1
4,0,0.9980487875390003,3
2,4,0.9998896918938306,1
2,4,0.9997455945723669,1
0,1,0.9985778211485788,1
2,4,0.9979897934111923,1
3,3,0.9998885747332952,4
2,4,0.9942995175597955,1
2,4,0.9982357200814668,1
2,4,0.9990262813209847,1
2,4,0.9994012533411655,1
0,1,0.9995012258663089,1
2,4,0.9975580264962242,1
0,1,0.9989708919531698,1
0,1,0.9995330446784397,1
0,1,0.9995099159762472,1
0,1,0.998972140746042,1
3,1,0.9925532331786285,1
0,1,0.9991639719483444,1
0,1,0.9993893528022368,1
2,4,0.9973674459122318,1
0,0,0.9964698335688936,3
0,1,0.9961813637727323,1
0,1,0.9954720283605878,1
0,1,0.9992893062549442,1
2,4,0.9986480865854344,1
0,1,0.9985170665739863,1
0,1,0.9995147709092104,1
0,1,0.999463071392799,1
0,1,0.99877869753909,1
0,1,0.9982557473934456,1
2,4,0.9996277495412753,1
0,1,0.9986774461537706,1
0,1,0.9989425223898958,1
4,0,0.988984711007394,3
0,1,0.9972365030387828,1
3,1,0.9995367323600797,1
2,4,0.9999910154152571,1
3,3,0.9964241373220847,-1
3,1,0.9991504665854106,1
0,1,0.9995674914865149,1
1,2,0.9999995981183906,0
4,3,0.5472343310114324,-1
0,0,0.9618344198512915,3
2,4,0.9971891395749999,1
2,4,0.999325459079559,1
3,3,0.9992734505974541,-1
2,4,0.9989960093920428,1
2,4,0.9986943759170567,1
0,1,0.9990858597872295,1
2,0,0.9963997963576947,3
4,0,0.9825888496779305,3
0,1,0.9986071834664869,1
1,2,0.9999999909250394,0
2,1,0.9963749312556303,1
2,4,0.9965704577097942,1
2,4,0.9966565088614311,1
3,1,0.9996177902214334,1
0,1,0.998518598325642,1
4,0,0.9941175548996304,3
2,1,0.7430345065028704,1
2,4,0.9956624093380149,1
4,0,0.9887948901136291,3
4,0,0.8444314236738788,-1
2,4,0.9994575514498009,1
2,1,0.9841458656084462,1
0,1,0.99811524400882,1
0,1,0.9991353128743434,1
3,3,0.9820761976269481,-1
0,1,0.9978429083594802,1
0,1,0.9989183384281993,1
0,1,0.9979689584995712,1
0,1,0.9949899736220656,1
4,0,0.993380477708239,3
4,0,0.9961879847610243,3
2,4,0.9999893667455095,1
2,4,0.9962599963291819,1
0,1,0.9993054483563165,1
2,4,0.9997693738029562,1
3,1,0.9965502607656634,1
2,4,0.9986546540216262,1
0,1,0.9989781230599397,1
4,0,0.9564540114240845,-1
2,4,0.9991743603950385,1
4,0,0.9844184514892851,3
2,4,0.9936670626725043,1
3,3,0.9998460859772521,-1
4,0,0.995142582185989,3
3,1,0.9963926326768394,1
2,1,0.9877049040632674,1
0,1,0.9988401879952947,1
4,0,0.9707969371870965,3
0,0,0.5016376361269469,-1
0,0,0.9885747254671364,3
0,1,0.9993779863855671,1
0,1,0.998552874880351,1
4,0,0.9879513041606697,3
0,1,0.9985067582238617,1
2,4,0.9975951039690428,1
0,1,0.9992495115840392,1
3,1,0.9966805748416678,1
4,0,0.9951913567161209,3
0,1,0.9985422421329354,1
0,1,0.9990951952755064,1
2,4,0.999307666604814,1
2,4,0.9984884144302519,1
0,1,0.9993203016475821,1
0,1,0.9988449592386017,1
2,4,0.9989077237198576,1
1,2,0.9999999909250394,0
2,4,0.9999205719772384,1
3,3,0.7946551585076439,1
0,1,0.9982885811124655,1
2,1,0.9969752316802394,1
4,0,0.9973320764877645,3
2,4,0.999000664146296,1
0,1,0.9989840849335966,1
3,1,0.9990557825981122,1
2,4,0.9988056441701191,1
3,1,0.9951701784376791,1
2,4,0.9969556541823409,1
0,1,0.9912927361647837,1
2,4,0.9918823468131253,1
2,4,0.9906433086815085,1
2,4,0.983030327044601,1
2,4,0.9987643089180026,1
0,1,0.9980907721449912,1
2,4,0.9961190131635885,1
0,1,0.9993966226006347,1
3,0,0.7594434717353746,3
3,1,0.9985285597450148,1
3,3,0.9999613245564257,-1
3,1,0.9996288918425652,1
2,4,0.9999545542947456,1
3,3,0.82521228082248,-1
0,0,0.9958470230765659,3
0,1,0.9975635636342215,1
2,4,0.9984659841633851,1
3,1,0.9974403310857709,1
0,1,0.9996361170394591,1
4,0,0.7824165417864098,3
3,1,0.9928537740693458,1
0,1,0.9991002090160223,1
0,1,0.9993874150740496,1
0,1,0.9981916419249607,1
2,4,0.9990317978660003,1
0,1,0.9979794392543717,1
2,4,0.9994922396266419,1
4,0,0.9930784437264586,3
2,4,0.9999864190539675,1
0,1,0.9988504000982737,1
0,1,0.9991172181077222,1
0,1,0.9957938711117406,1
4,0,0.9948324531011365,3
0,0,0.9595510528694141,3
2,4,0.9999919305437138,1
4,0,0.9839600645225732,3
0,1,0.9997587670081851,1
2,4,0.9995316613694666,1
0,1,0.9996613645100483,1
4,0,0.9986214623970614,3
4,0,0.9860836624519144,3
0,1,0.9983683659796535,1
4,0,0.9893162410107527,3
0,1,0.9949302685557999,1
3,1,0.9893086310599872,1
3,1,0.998445703716986,1
0,1,0.9971475883899771,1
2,4,0.9990407306145708,1
2,4,0.999367372166323,1
2,4,0.9995066673531142,1
0,1,0.9984645761927933,1
0,1,0.9832727439299869,1
2,4,0.9998592928538178,1
4,0,0.9571781540166228,3
2,4,0.9977456258953903,1
0,1,0.9975866475417695,1
2,4,0.9993429407193459,1
2,4,0.9999465353422627,1
2,4,0.9990439580083943,1
2,4,0.9997169387088536,1
4,0,0.9873783311663314,3
2,4,0.9999737289503736,1
2,4,0.9998384509151934,1
3,3,1.0,2
2,4,0.9986155134867472,1
4,0,0.9569464953357685,3
4,0,0.8036627272734421,-1
2,4,0.9968674139446702,1
0,1,0.9994770864394351,1
4,0,0.9659816427512268,3
4,0,0.9922343595066564,3
0,1,0.9987193937193591,1
3,0,0.9280079271980304,3
0,1,0.9985424270694259,1
2,4,0.9996361141695231,1
0,1,0.9978260301450904,1
0,0,0.9710599987247791,3
2,4,0.9992876173820441,1
3,1,0.9993829195233849,1
3,1,0.9811534277252578,1
0,1,0.9995637654855286,1
0,1,0.9994224449268397,1
2,4,0.9981201274253205,1
3,1,0.7015615239967777,1
2,4,0.9997679784466188,1
2,4,0.9999866617202345,1
4,3,0.6566187273161589,-1
0,1,0.9991935210437985,1
0,1,0.9873151425526715,1
3,3,0.9999940046026936,-1
4,0,0.9910224319161222,3
0,1,0.998803872683236,1
0,1,0.9967394526933432,1
2,4,0.9992709881579828,1
4,0,0.9944298592766982,3
0,1,0.9989254006646634,1
0,0,0.9731806674036932,3
4,0,0.9969497021840892,3
0,1,0.9978323571469826,1
4,0,0.9958669174469839,3
3,3,0.6876304300038645,1
0,1,0.9983595965474998,1
4,3,0.8732092275650376,-1
2,4,0.9991257587925957,1
2,4,0.9992063177313918,1
2,4,0.9999295756058708,1
0,1,0.9989531437165414,1
4,0,0.8956687699852093,3
4,0,0.9995449521457984,3
1,4,0.9998860242985631,1
2,4,0.9960645451196479,1
0,1,0.996986684780091,1
1,2,0.9999999909250394,0
0,3,0.7852798497340362,-1
2,4,0.9993666318554951,1
2,4,0.9993716491837575,1
0,1,0.9995652768856899,1
3,1,0.9986295751282912,1
0,1,0.9988533218394695,1
2,4,0.9919872981105172,1
0,1,0.9986882056153941,1
2,4,0.999990089500386,1
1,2,0.9999999909250394,0
2,4,0.9920409786266688,1
4,0,0.9971299436467478,3
0,1,0.9992285369977013,1
2,0,0.99539288721767,3
0,1,0.9989176824303003,1
2,4,0.998535093747723,1
2,4,0.9973466932670919,1
2,4,0.9987175599453466,1
2,4,0.9983533902528244,1
4,0,0.9961262426946013,3
2,4,0.9992935554299374,1
0,1,0.9977032992989266,1
2,4,0.9947723562838601,1
4,0,0.9943263409383558,3
0,1,0.9994744036633492,1
4,0,0.9846522437207348,3
2,4,0.9995429555163564,1
4,0,0.9984759059998862,3
2,4,0.9997931737249032,1
4,0,0.9970148463859112,3
2,4,0.999988225697404,1
2,1,0.9818378800809834,1
0,1,0.9974491864040966,1
3,1,0.9681505831866387,1
1,2,0.9999999707691196,0
3,1,0.9967009699268615,1
2,4,0.9998225156872317,1
2,4,0.9999510858341798,1
0,1,0.9983665244974486,1
2,4,0.9981110448106535,1
0,1,0.9990394522021119,1
4,0,0.9945510454144558,3
2,0,0.9224022727095619,3
0,1,0.9964638564093258,1
2,4,0.999346011255616,1
4,0,0.9971565899059354,3
2,4,0.9994284948057992,1
0,1,0.9984458299623686,1
0,1,0.9995094590434339,1
0,1,0.9995715092378614,1
4,0,0.9469455412845121,3
4,0,0.9958871341879875,3
4,0,0.9976114959882834,3
0,1,0.9997003239090094,1
3,3,0.9999675316889005,-1
2,4,0.9999633105159533,1
4,0,0.9803275671071264,3
2,4,0.9996545249149699,1
4,0,0.9966879106214056,3
0,1,0.9996823090246656,1
0,1,0.998735256398664,1
0,1,0.9978745608840759,1
3,3,0.9999942235184762,-1
3,1,0.9996512893990286,1
0,1,0.9986693709169197,1
0,1,0.9968531694583939,1
4,0,0.9981814040770023,3
0,1,0.9906691829727106,1
4,0,0.9956352530178957,3
4,0,0.9809698614308587,3
2,4,0.9999457667926394,1
0,1,0.999582002344122,1
0,1,0.99745700600819,1
2,4,0.9999915489047725,1
1,4,0.9978093745789414,1
2,4,0.9984645440082794,1
0,0,0.971929976065178,-1
2,4,0.9989075731689269,1
4,0,0.9636339391936389,3
3,1,0.7891486783861864,1
2,4,0.9988900702535166,1
2,4,0.9908117483746048,1
2,4,0.9999740960263098,1
1,2,0.9999999909250394,0
4,0,0.995050698761719,3
4,0,0.9867784822475535,3
2,4,0.9967001898885155,1
0,1,0.998667068071044,1
4,0,0.9789974980362491,3
4,0,0.9947110140384746,3
0,1,0.9993256200757409,1
0,1,0.9964036091036647,1
0,1,0.9991909833370425,1
2,4,0.9990137748868708,1
2,4,0.9995065204467936,1
2,4,0.9989247301124381,1
0,1,0.9992631775358027,1
0,1,0.999057460457373,1
4,0,0.9956360338009173,3
2,4,0.99988832650868,1
2,1,0.9960705685977922,1
3,1,0.9969004600162592,1
4,0,0.9625789438056744,3
0,1,0.9995687123186432,1
3,1,0.9978556498311824,1
1,4,0.9272258722504519,1
0,1,0.9983210959964831,1
0,0,0.984662200687758,3
2,4,0.9996396671005338,1
2,4,0.9981580662839602,1
2,4,0.9993082526371451,1
4,0,0.993249104897508,3
0,0,0.9710779826720415,3
0,1,0.9993505806619337,1
2,4,0.9981756738850482,1
3,1,0.9995070344940268,1
0,1,0.9995122590504073,1
2,4,0.9991890055440761,1
2,4,0.9994326718843528,1
0,1,0.9987920890343732,1
3,3,0.6697437469738594,-1
4,0,0.9988313859342974,3
0,1,0.9995143104468369,1
0,1,0.9977883828678631,1
0,1,0.9969700671016307,1
0,1,0.9991704532564749,1
3,1,0.9949693773148285,1
2,4,0.9999875421696508,1
0,1,0.998791519846001,1
1,2,0.9999999909250394,0
0,1,0.9982423876140873,1
4,0,0.9966077859722604,3
0,1,0.9971641301705264,1
0,1,0.9984607705650177,1
2,4,0.9985519745311071,1
2,4,0.9991405415788316,1
0,1,0.9985663046577427,1
2,4,0.9906360574366436,1
0,1,0.9993635662573037,1
4,0,0.9854210418968086,3
4,0,0.9978502808887624,3
2,4,0.9999532174288321,1
2,4,0.9999922343583849,1
4,0,0.9974726740227177,3
0,1,0.9857592173011436,1
2,4,0.9993088596411557,1
4,0,0.9717670144585612,3
1,4,0.9969518181668201,1
3,1,0.99954958263089,1
2,4,0.9973227667824377,1
2,3,0.9904059132444752,-1
0,1,0.9976895531169241,1
4,0,0.9948207649517897,3
0,1,0.9985572756106681,1
4,0,0.8799779011664204,3
3,3,0.9996783355853022,-1
0,1,0.9978682201931135,1
0,1,0.9994381412429532,1
2,4,0.9967087217735761,1
0,1,0.9996725985799669,1
0,3,0.9680208234029162,-1
4,0,0.9946845923810588,3
0,1,0.9989373436873751,1
2,0,0.9953072753029345,3
0,1,0.9996138848136641,1
2,4,0.9995009018351351,1
0,1,0.9988907513099452,1
2,4,0.9979980144606624,1
0,1,0.9980930909134678,1
2,4,0.9975157393581606,1
4,3,0.9485606110840581,-1
2,4,0.999029974756216,1
4,0,0.9754555437745758,3
4,0,0.9942121269391422,3
2,4,0.9998854929867894,1
3,1,0.9821534967835138,1
2,4,0.9999540567539422,1
2,4,0.9988848183268486,1
4,0,0.9819151538635097,3
0,1,0.9995525550791244,1
0,1,0.9967246442405516,1
0,1,0.9991833541113223,1
2,4,0.9970543743980014,1
0,1,0.9987689089521261,1
4,0,0.9957402270503203,3
0,1,0.9982968467062313,1
0,1,0.9987856562502149,1
2,4,0.9992692108963142,1
4,0,0.9941607292314971,3
0,1,0.9984242833146145,1
0,1,0.9985872606301452,1
3,1,0.999482901913834,1
2,4,0.9989776258924901,1
2,4,0.9982368717437933,1
2,4,0.9953670574370184,1
2,4,0.999605863061364,1
4,0,0.9988427999743639,3
4,0,0.9815544841400086,3
0,1,0.9969635946830013,1
2,4,0.9999587467119918,1
0,1,0.9980440834189511,1
0,1,0.9993415970865277,1
0,1,0.9982056287922157,1
0,1,0.9996943393338592,1
2,4,0.999283592315785,1
0,1,0.9977772816888913,1
2,4,0.9977050225947786,1
2,4,0.9993680770519292,1
0,1,0.9989615291875142,1
0,1,0.9996712971756652,1
0,1,0.999195369436109,1
0,1,0.984509901153643,1
2,0,0.5609502950443004,-1
4,0,0.9749833560068392,3
1,2,0.9999999707691196,0
0,1,0.9985930307546085,1
4,0,0.9995940576215467,3
3,1,0.9879012264854221,1
2,4,0.999497949154616,1
0,1,0.9949004572100664,1
3,3,0.9999998556370355,-1
0,1,0.9992241579973542,1
4,0,0.9963852267518277,3
2,4,0.998843273470036,1
0,1,0.9996072721753848,1
1,2,0.9999999909250394,0
0,1,0.9988499009250867,1
2,4,0.9865004322673143,1
4,0,0.9967000300160501,3
3,3,0.999838775157118,4
4,0,0.9967630749721093,3
0,1,0.9965713951478231,1
4,0,0.993062825840427,3
0,1,0.9988214081112576,1
2,4,0.999911855541973,1
0,1,0.9984476402531071,1
4,0,0.9839930715623515,-1
2,4,0.9994568335973323,1
1,4,0.9994572305817861,1
0,1,0.9997236850814996,1
3,1,0.9993982597318832,1
2,4,0.9991573250409477,1
3,0,0.730014896306441,3
2,4,0.9999016363657476,1
0,1,0.9992954692276601,1
2,4,0.9983228048404357,1
4,0,0.9895815634339054,3
2,4,0.9991696228471049,1
2,4,0.9998072005701707,1
0,1,0.9995172837889584,1
0,1,0.9991365046872736,1
0,1,0.9975391837853853,1
4,0,0.8523269646046757,3
4,0,0.998998732020623,3
0,1,0.9985159556479122,1
0,1,0.9992357663881323,1
2,4,0.9999827178890934,1
0,1,0.9977552801230418,1
0,1,0.9990082707096207,1
0,1,0.9986346218677957,1
4,0,0.9950422463134341,3
0,0,0.964590215759149,3
0,1,0.9985841952923451,1
0,1,0.9994582361744184,1
2,4,0.9995894347581897,1
2,4,0.9999875835348621,1
0,1,0.9993513217306831,1
0,1,0.9981464972269101,1
0,1,0.998010253744774,1
3,3,0.9909613933350057,-1
2,4,0.991558966520529,1
2,0,0.9908622034590405,3
2,4,0.9986319056409594,1
2,4,0.997179362116467,1
4,0,0.9832517123105122,-1
0,1,0.9997325376759075,1
3,1,0.9994655375231009,1
4,0,0.9961530872280313,3
2,4,0.9996139129450291,1
0,1,0.9997068773258557,1
1,2,0.9999999909250394,0
2,4,0.9982642869855494,1
2,4,0.999977458934969,1
4,0,0.6436381668784491,-1
2,4,0.9999547113945491,1
2,1,0.9972633214060931,1
4,0,0.9985962726699995,3
0,1,0.9964228825741415,1
2,0,0.9965243614294835,3
0,1,0.9961517257420346,1
2,4,0.9999179645556842,1
2,4,0.9998144274711358,1
2,4,0.999925217353024,1
0,1,0.9982068100743673,1
4,0,0.9982021861437699,3
0,0,0.9881028966267791,3
0,1,0.9997294247995617,1
1,2,0.9999999909250394,0
0,1,0.9986589793454289,1
0,1,0.9995125564926617,1
3,3,0.9999979996440823,-1
0,1,0.9991156119160746,1
0,1,0.9985366920774486,1
0,1,0.9985266336850893,1
2,4,0.9954891653610747,1
0,1,0.9991085567821422,1
3,3,0.8220465589534715,1
3,1,0.9987437657014065,1
0,1,0.9985017385404615,1
4,0,0.9835832624520517,3
0,1,0.9993031229929685,1
0,1,0.9962179661957784,1
4,0,0.9960133597369162,3
0,1,0.9972932533604089,1
2,4,0.9989672470639583,1
4,0,0.9992104082297711,-1
4,0,0.7667535213920812,3
4,0,0.9956068360833245,3
2,1,0.9935559050632504,1
2,4,0.9997638540065434,1
4,0,0.9971481282895452,3
1,2,0.9999999909250394,0
0,1,0.999341093308575,1
4,0,0.5103900594589373,-1
2,4,0.9990243329548675,1
4,0,0.990713633411105,3
3,1,0.9968914117094034,1
2,4,0.9989648796848549,1
0,1,0.999716973666183,1
4,0,0.9924867989795306,3
2,4,0.9898143823739594,1
3,1,0.9994733933736529,1
4,0,0.8404972766796661,3
2,4,0.9999198618082582,1
0,1,0.9976044446023631,1
2,4,0.9999839454625439,1
3,1,0.9996681067484682,1
0,1,0.9992336206626191,1
2,4,0.9989553232619389,1
1,2,0.9999999707691196,0
4,0,0.9921402580964687,3
4,0,0.9925862996446962,3
0,1,0.9995202147370293,1
2,4,0.9929229373794104,1
0,1,0.9948558600042727,1
2,4,0.9999877287986405,1
2,4,0.9959098797687201,1
0,1,0.9977458604521872,1
2,4,0.9988864512923301,1
4,0,0.6655908048890125,-1
0,1,0.9982007923153874,1
4,0,0.9955612867324015,3
2,4,0.9992508855169794,1
4,0,0.9946853015963543,3
4,0,0.9600138869155342,3
0,1,0.9986473076337024,1
0,1,0.9992059525002935,1
4,0,0.9819270520262707,3
0,1,0.9988174736360368,1
3,1,0.8699823886503802,1
2,4,0.9894122319560121,1
2,4,0.9963746471804072,1
0,1,0.9982365200861101,1
3,1,0.9995182703926986,1
3,1,0.9993117715508723,1
0,1,0.9979454806998626,1
2,4,0.9980954949528559,1
0,1,0.9989904710700822,1
0,1,0.9993911319751438,1
0,1,0.9963366538712883,1
3,1,0.9996019904181052,1
0,1,0.9996713316328346,1
0,1,0.9987661683492094,1
0,1,0.9990420879427396,1
2,4,0.9993252487020786,1
4,0,0.9954444493663768,3
2,4,0.999990713927117,1
2,4,0.9992360140025339,1
4,0,0.9841256742630373,3
4,0,0.9983386179888321,3
0,1,0.9974468137307482,1
0,1,0.9975996547298254,1
1,4,0.9981645096290545,1
2,4,0.9996821433170846,1
3,3,0.9348732136445305,-1
0,1,0.998983740671301,1
2,4,0.9994786897227114,1
0,1,0.9972516828164985,1
0,1,0.9996934592378871,1
0,1,0.9980976258361178,1
4,0,0.9300821818017014,3
4,0,0.999489823789096,3
0,1,0.9996518531298583,1
4,0,0.9441122500270936,3
0,1,0.9984921210960472,1
0,1,0.998300680368733,1
2,0,0.9967663854967751,3
0,1,0.9993734373938297,1
4,0,0.9978640257751464,3
3,0,0.6362780616404212,-1
3,1,0.9972126474326359,1
0,1,0.9964801741615528,1
3,3,0.9998722308911763,-1
4,0,0.9725488238348016,3
2,1,0.977483952781768,1
2,1,0.9973643910751855,1
3,3,0.9999984089939273,-1
0,1,0.9972689639031111,1
3,1,0.9983931368188984,1
2,1,0.9968246943595078,1
1,2,0.9999999909250394,0
4,0,0.9694843895845779,3
2,4,0.9463348923825442,1
2,4,0.9977676610086043,1
2,4,0.9982757035017974,1
0,1,0.9976363699835107,1
0,1,0.9990967147308545,1
2,4,0.9993910612238003,1
1,2,0.9999999909250394,0
0,1,0.9976653799819147,1
3,1,0.9995879893626228,1
0,1,0.9987547492335415,1
0,1,0.9992058218142335,1
0,1,0.9990981725420514,1
0,1,0.9972555743303807,1
2,4,0.9999852942423658,1
0,1,0.9988016087799771,1
4,0,0.9866391423101168,3
4,0,0.9918235318168395,3
2,4,0.9999650049471064,1
2,1,0.9880136344701583,1
0,1,0.9992080366043364,1
2,0,0.9955899514431819,3
2,4,0.9992414734398289,1
0,1,0.9979634021330319,1
0,1,0.996656767229046,1
3,1,0.994925304608401,1
2,4,0.9989645608992312,1
4,0,0.9977359644195468,3
3,1,0.9987552018213539,1
3,3,0.9999501152946118,4
1,4,0.9997085235963014,1
4,0,0.8763470217271782,3
3,1,0.9993915588462617,1
2,4,0.9999799449892113,1
0,1,0.9983543652360223,1
4,0,0.9986385757194761,3
3,3,0.9712528200702043,-1
0,1,0.9985742241960817,1
3,1,0.9836896967103871,1
0,1,0.9988290871446719,1
0,1,0.9988555418845682,1
4,0,0.9719486815963019,-1
0,1,0.9966416946529144,1
0,1,0.9991756105465862,1
0,1,0.998950362308595,1
0,1,0.9994903605298591,1
2,4,0.9989500741369408,1
0,1,0.9978998877840037,1
3,1,0.9994203947097648,1
3,1,0.9972537423975386,1
4,0,0.9995336241510031,3
2,4,0.9954771155693557,1
3,1,0.9993777872086892,1
2,4,0.9993713171197782,1
1,4,0.9998571220666627,1
0,1,0.9992025912501876,1
0,1,0.9974464558878101,1
0,1,0.9988750931395407,1
4,0,0.9600765313023949,3
0,1,0.9996179963871279,1
2,4,0.9995235666166985,1
4,0,0.9964789787155146,3
2,4,0.9995687996716077,1
3,3,0.9953810004820651,-1
0,1,0.9989470658064342,1
0,1,0.9959239298775823,1
2,4,0.9997180015439721,1
4,0,0.9951332740798603,3
0,1,0.9992379423320744,1
0,1,0.9977911532735694,1
4,0,0.9763696183567643,-1
4,0,0.9772218466249281,3
2,4,0.9999935840086261,-1
2,4,0.9999153364617395,1
4,0,0.9959585839018433,3
0,0,0.9919399223949456,3
0,1,0.9986552400201618,1
2,4,0.9877164567297451,1
0,1,0.9970649671149876,1
4,3,0.5155650500454709,-1
0,1,0.9985080850132951,1
2,4,0.9999712787260181,1
0,1,0.9990285347178365,1
0,1,0.9974250218551387,1
2,4,0.999988035613899,1
2,4,0.9999684603143122,1
4,0,0.9593029609222438,3
0,1,0.9992889511508797,1
2,4,0.9983342360485564,1
0,1,0.9996784738935414,1
0,1,0.9983835142479015,1
2,4,0.9999783014066181,1
3,1,0.9994512279351814,1
0,1,0.9992374835838986,1
0,1,0.9986245273758527,1
2,4,0.9994608356462354,1
2,4,0.9991306036279393,1
3,1,0.9960895356593021,1
4,0,0.9675371939130752,3
3,1,0.9993656693058824,1
3,3,0.9999470575956756,-1
4,0,0.9981171817216367,3
0,1,0.9984320439125023,1
0,1,0.9963157210070489,1
0,1,0.9985230544490998,1
2,4,0.9986866726737211,1
0,1,0.9992701392406685,1
0,1,0.9983030595993287,1
2,4,0.9998783756837315,1
4,3,0.9950703066438751,-1
4,0,0.9919553883798857,3
2,0,0.6991956217142767,-1
2,1,0.9963952466141678,1
3,1,0.5724381147577291,1
1,2,0.9999984148279829,0
2,4,0.9987479615721125,1
2,4,0.9963725689049558,1
3,1,0.998624528362087,1
4,0,0.9951797646922002,3
4,0,0.8689748549339322,3
0,1,0.9995076675825312,1
2,4,0.9999084418153398,1
4,0,0.9398455194888482,-1
4,0,0.9514370456804163,3
3,1,0.9971586494661626,1
0,1,0.9987725131745798,1
0,1,0.9960629890145413,1
3,1,0.9601488051335048,1
4,0,0.9967443204501253,3
2,4,0.9858319392806835,1
2,4,0.9991570855190753,1
2,4,0.9997244961979586,1
0,1,0.9984972802350192,1
0,1,0.9991979423856763,1
2,4,0.9981029573024486,1
2,4,0.9978775424430769,1
3,1,0.9970459079018126,1
2,4,0.9973108831650829,1
2,4,0.9987671269216531,1
0,1,0.995309564945296,1
0,1,0.9967472578656859,1
2,4,0.9999592587555138,1
0,1,0.9994305632326792,1
2,4,0.999881690557794,1
3,1,0.9456415511885266,1
0,1,0.9988220896840849,1
0,1,0.9978610735189948,1
0,1,0.9986101432177609,1
2,4,0.999042085279335,1
0,1,0.9971279723747274,1
0,1,0.9994876249312185,1
3,1,0.999252141502015,1
4,0,0.9954107171532132,3
2,4,0.9998396286329191,1
2,4,0.9999635403139268,1
3,1,0.9943410905164016,1
2,4,0.9999820817804447,1
0,1,0.999330695490395,1
0,1,0.9991304127054585,1
0,1,0.9989083812315607,1
4,0,0.9977539037898517,3
4,0,0.9980246444250537,3
4,0,0.9947443316190365,3
2,4,0.9993044295680669,1
0,1,0.9983747610504254,1
0,1,0.9993942397485741,1
2,4,0.9990688972929473,1
3,1,0.9682675394736717,1
0,1,0.9988934165628627,1
4,0,0.9833961517654888,3
2,4,0.9986163432291403,1
0,1,0.9984368290110509,1
2,3,0.9994970585936497,-1
2,4,0.9987434691934212,1
0,1,0.9995523679280929,1
0,1,0.9983446321346053,1
4,0,0.9829017007057942,3
0,1,0.9986201675999347,1
2,1,0.9693991671127665,1
2,4,0.9999571259528431,1
2,4,0.9994969678818351,1
2,4,0.9985540463327949,1
4,0,0.994810870785362,3
4,0,0.9945801932335052,3
3,1,0.976579529568097,1
0,1,0.9987794182789179,1
3,3,0.6467875823959468,-1
3,1,0.999569685329088,1
2,4,0.999389005883503,1
3,3,0.7345881586885776,-1
2,4,0.998269398371145,1
0,1,0.9972041547916938,1
0,1,0.9987201422974835,1
0,1,0.9915656604439752,1
0,1,0.9984192196926341,1
0,1,0.9997165773686589,1
4,0,0.7464091621822649,-1
0,1,0.9991308295387855,1
3,3,0.9999997008620628,-1
1,2,0.9999999909250394,0
2,4,0.9993485122967434,1
4,0,0.9986791859496452,3
2,4,0.9996284238785751,1
4,0,0.9961053516573563,3
1,2,0.9999999909250394,0
0,1,0.9984278288319585,1
0,1,0.9975882272354073,1
0,1,0.9981766758565388,1
0,1,0.9957428181204308,1
2,4,0.9996517678682346,1
4,0,0.9196188307623198,3
2,4,0.9999116429182074,1
4,0,0.9976746271676248,3
0,1,0.9990780186325423,1
1,4,0.9971301531411031,1
4,0,0.9946079223776265,3
4,0,0.9949487132247484,3
0,1,0.9992191649997292,1
0,0,0.9944958199593245,3
2,1,0.9953503337788637,1
2,4,0.9999671367947442,1
0,1,0.999251829341262,1
2,4,0.9994127760118376,1
0,1,0.9989944904415077,1
2,4,0.9999867384890956,1
0,1,0.9994845219780458,1
4,0,0.9879094577944828,3
0,1,0.9991019716240086,1
3,3,0.6633100786840517,1
0,1,0.9983958310770069,1
0,1,0.9987652396249496,1
2,4,0.9999912629916823,1
3,3,0.9568915791035866,-1
0,1,0.9991608227396529,1
0,1,0.9994745762310918,1
2,4,0.9994055911737255,1
0,1,0.9973720533869027,1
4,0,0.9955018147256834,3
4,0,0.9153089347307697,3
3,1,0.9985443989380433,1
2,4,0.9993777084588519,1
3,1,0.9938692197690315,1
2,4,0.9952033255750559,1
0,1,0.9993027553673497,1
2,4,0.9999754722074218,1
4,0,0.9938775883728164,3
1,2,0.9999999909250394,0
0,1,0.9983424323378737,1
0,1,0.9989593062780033,1
0,0,0.9877879129015105,3
4,0,0.9966703796591359,3
0,1,0.9993015992777643,1
0,1,0.998849972140327,1
2,0,0.578642658631382,-1
2,4,0.998295924464023,1
2,4,0.9997497202293597,1
0,1,0.9984520515398141,1
0,1,0.9993585065022156,1
2,4,0.9946658844056879,1
3,3,0.9997554396052319,-1
0,1,0.9984809169411353,1
0,1,0.9450123716989025,1
2,4,0.998721950914401,1
2,4,0.9999491314985279,1
0,1,0.9974608231615764,1
4,0,0.9449171698740702,3
0,1,0.9976529577927998,1
0,1,0.9994621507339744,1
3,1,0.9987717782704938,1
3,1,0.999130483418913,1
3,1,0.6271920552555008,1
2,4,0.9997433913389442,1
2,4,0.9990150761050007,1
4,0,0.9986787781356901,3
3,1,0.9862777324555128,1
0,0,0.9307845763160099,3
2,4,0.9980993904318539,1
1,2,0.9999999909250394,0
3,3,0.9999269301813704,4
0,1,0.9966339147511648,1
2,4,0.9841365481246881,1
0,1,0.9995191487610654,1
0,1,0.9980583182438844,1
2,1,0.9892850709221201,1
0,1,0.9985474304150026,1
0,1,0.998526071340523,1
0,1,0.9979524076385914,1
0,1,0.9982879480704814,1
4,3,0.5331754556446886,-1
0,1,0.9963039934158794,1
2,4,0.9998201491426892,1
2,4,0.9960625426456811,1
0,1,0.9986182865781142,1
0,1,0.9991284837664548,1
0,1,0.9994462185113484,1
2,4,0.9993878932385147,1
0,1,0.9994885910408339,1
0,1,0.9992295995296488,1
4,0,0.9965877376651362,3
2,4,0.9991189080686034,1
0,1,0.9992218209208257,1
3,1,0.9845452618545866,1
0,1,0.9969297362130709,1
2,4,0.9977013552636191,1
0,1,0.9977852180583477,1
0,1,0.998260188734191,1
4,0,0.9926213372162469,3
4,0,0.9986607345622208,3
2,4,0.9984562551571117,1
2,4,0.9997990183647152,1
0,1,0.9989693519892738,1
0,1,0.9992070369704497,1
0,1,0.9995546091200924,1
2,4,0.9968396352171769,1
3,1,0.9917004721166002,1
0,1,0.9985245984297054,1
1,2,0.9999995981183906,0
2,4,0.9984427143918285,1
0,1,0.9966393265907586,1
4,0,0.9836946332108668,-1
2,4,0.9988975141985945,1
4,0,0.9365348291169163,3
3,1,0.9991480577138288,1
0,1,0.9972885291521518,1
0,1,0.9976206393530956,1
2,4,0.9977065583428775,1
2,1,0.9708592308931303,1
0,1,0.9983849820894499,1
3,3,0.9999502250531144,-1
4,0,0.9928675283180198,3
0,1,0.9988625206854025,1
0,1,0.9995241582820601,1
3,3,0.5930572377060429,-1
2,4,0.9984767502646958,1
3,3,0.9999806905936989,-1
0,1,0.9987125250573745,1
2,1,0.9846002752096786,1
4,0,0.9758048881304734,3
0,1,0.9986192767879057,1
2,4,0.9999067220583661,1
4,0,0.9995754798847679,-1
0,1,0.9992349660479048,1
4,0,0.9987410220375038,3
0,1,0.998924995801499,1
4,0,0.9832577757140574,3
2,4,0.9994556940694331,1
4,0,0.9989733915074956,3
0,1,0.9987576378970591,1
2,4,0.9995307696555987,1
3,1,0.7215449838001224,1
2,4,0.9999541269741619,1
2,4,0.9937883171161683,1
0,1,0.9993268215511495,1
2,4,0.9901238263479871,1
2,4,0.9998203056895054,1
4,0,0.991292739410717,3
2,4,0.9978947193802887,1
4,3,0.7692829921809013,-1
4,0,0.9977976824746231,3
2,4,0.9947743666387385,1
0,1,0.9980269230409983,1
0,1,0.9980326099188594,1
0,1,0.998253144685499,1
2,4,0.9977281254527642,1
0,1,0.9991214362691906,1
2,4,0.9988218001031312,1
0,0,0.9922493106198987,3
2,4,0.9992127307365996,1
0,1,0.9990911577270892,1
1,2,0.9999999909250394,0
3,3,0.7005522146212206,-1
2,4,0.9999848017767378,1
0,1,0.9994078949461341,1
2,4,0.9995137211218184,1
4,0,0.9869683086612872,3
2,4,0.9999866462957284,1
2,4,0.9988410849288891,1
0,1,0.9979562060202308,1
0,1,0.9993909091759694,1
3,3,0.7131313334937469,-1
4,0,0.9969044423226997,3
3,3,0.5725882023105252,-1
2,4,0.9996779727158467,1
0,1,0.9989738924305785,1
3,3,0.9995618675056549,-1
0,1,0.9993443722163894,1
4,0,0.9751397027863713,3
2,4,0.9983199372118651,1
3,1,0.9406638037870875,1
0,1,0.9972920347588023,1
2,4,0.998662122319512,1
2,4,0.9989576631487281,1
2,4,0.9978866073911586,1
0,1,0.9976460641005732,1
2,4,0.9994073508466058,1
3,3,0.9570292701836842,-1
2,0,0.9067421676585139,3
0,1,0.9984293732938136,1
2,4,0.9988526672780795,1
2,4,0.9999294076327665,1
0,1,0.9991618272858129,1
2,4,0.9960726138727881,1
0,1,0.998894598150586,1
0,1,0.9989563469552541,1
4,0,0.9913018314979392,3
4,0,0.981465636439583,3
3,1,0.9618947885851912,1
2,4,0.9996359617504951,1
1,2,0.9999999909250394,0
0,1,0.9990670562449987,1
4,0,0.993063491135595,3
4,0,0.9485244867982657,3
0,1,0.9971287480635465,1
4,0,0.9995674101867846,-1
0,1,0.9986566214645459,1
2,0,0.9805796101952551,3
2,4,0.9992936509791491,1
3,0,0.7705964769072927,3
2,1,0.992617610818637,1
0,1,0.9994238228370835,1
4,0,0.9939908022834482,3
0,1,0.9986279713741889,1
2,1,0.9960690428502543,1
4,0,0.9992805092911081,3
4,0,0.9667327611847272,3
0,1,0.9356308783379561,1
0,1,0.9995714026883592,1
0,1,0.9995839915041941,1
4,0,0.9990678267172678,3
1,2,0.9999999909250394,0
0,1,0.9980824581570249,1
2,1,0.99520720772504,1
3,1,0.9995853338279188,1
3,1,0.9745135386672908,1
0,1,0.9963377100342817,1
0,1,0.9988103114688174,1
2,0,0.9968634955630036,3
2,0,0.992934473914361,3
3,1,0.9993751612620511,1
1,2,0.9999999909250394,0
2,4,0.9995869609245932,1
2,4,0.9999625413983165,1
0,1,0.9532650771191382,1
2,4,0.9994324839997654,1
2,4,0.9968794470196739,1
0,1,0.998362863366382,1
0,1,0.9997512226009828,1
0,0,0.9943297284873996,3
3,0,0.9048086904522292,3
4,0,0.9949734088589987,3
4,0,0.997202751813233,3
4,0,0.9907793264242662,3
0,1,0.9959852780665919,1
4,0,0.9805596615103399,3
4,0,0.994021844824837,3
2,4,0.9745158237273424,1
2,4,0.9997651646845819,1
1,2,0.9999999909250394,0
4,0,0.9940473796833466,3
2,4,0.9999400936233863,1
2,4,0.9985492249975481,1
0,1,0.999429034132598,1
2,4,0.9991840200908945,1
0,1,0.9989549871986324,1
0,1,0.9996576442264992,1
4,0,0.9949237695362445,3
0,1,0.9958292993846934,1
4,0,0.986386706817472,3
0,1,0.9997001166229966,1
3,3,0.9965868153061486,-1
2,4,0.9984913799529053,1
0,1,0.9972917539573192,1
4,0,0.9939222195262315,3
0,0,0.8833423546805255,3
2,4,0.999288357420979,1
0,1,0.9975416783085486,1
0,1,0.9991384219062556,1
2,4,0.99258165937688,1
3,3,0.9963783007172325,-1
0,1,0.9994561888286858,1
0,1,0.9973988725685543,1
4,0,0.9760329098020968,3
1,2,0.9999999909250394,0
0,1,0.9975570240462733,1
4,3,0.7451478955798834,-1
2,4,0.9984029233796256,1
2,4,0.9992951727563129,1
0,1,0.9996564001348087,1
4,0,0.9664068299844976,3
0,1,0.9975972618462111,1
0,1,0.9987404892008745,1
0,1,0.9955560530314337,1
0,1,0.999516172586441,1
0,0,0.9938587064159117,3
1,2,0.9999999909250394,0
4,0,0.9898711482654126,3
4,0,0.9970475159100958,-1
1,2,0.9999999909250394,0
0,1,0.9981134121609991,1
3,1,0.9978002308002463,1
2,1,0.90935877890363,1
0,1,0.9994024976374021,1
4,0,0.8743525788264873,3
0,1,0.9996888742630754,1
3,1,0.998094714902517,1
0,1,0.9995784254701764,1
0,1,0.9987634229165951,1
2,4,0.999203036200153,1
4,0,0.9943826719722124,3
4,0,0.9987069211868363,3
3,1,0.997955876715866,1
3,1,0.998141888402087,1
3,1,0.9950856160223651,1
2,4,0.9995530408759598,1
0,1,0.9984109712428029,1
0,1,0.9981668011054561,1
0,1,0.9979768584131787,1
3,1,0.9743774244078184,1
4,0,0.992076687532677,-1
0,1,0.9996687524769099,1
3,1,0.9994630823250761,1
0,1,0.9992059638849538,1
2,4,0.9994059289998274,1
1,4,0.9978416470464868,1
4,0,0.8586181084269251,3
0,1,0.9990450422639753,1
0,1,0.9966718995309489,1
3,3,0.9920500142472665,-1
0,1,0.9992480159778051,1
0,1,0.9973163585694675,1
0,1,0.9995835274709515,1
3,1,0.9990381621874226,1
4,0,0.9989718717141113,3
4,0,0.9825317276553721,3
1,2,0.999999989152782,0
2,4,0.9860368033195812,1
4,0,0.9909601208638633,3
4,0,0.9747224220213999,3
3,1,0.8816314359005493,1
0,1,0.9987707501621796,1
2,3,0.885030690405505,-1
3,1,0.9992793410922858,1
0,1,0.9984414468657441,1
0,1,0.998598484730391,1
0,1,0.998901823896495,1
0,1,0.9861344602420361,1
0,1,0.9973453082267218,1
2,4,0.999016721109973,1
4,0,0.9982072446823623,3
1,2,0.9999999909250394,0
4,0,0.9535014046290177,3
2,0,0.9909380325438841,3
2,4,0.9997425658913144,1
2,4,0.9999118582854014,1
3,1,0.9840622294337894,1
3,1,0.9784844396092911,1
4,0,0.9955472008302588,3
2,4,0.9987369232991724,1
2,4,0.8485354077065635,1
0,1,0.9914018459556002,1
2,4,0.9985347500246415,1
3,3,0.9999879814852262,-1
0,1,0.9964952085604191,1
4,0,0.9994180971672179,3
4,0,0.9946610328047948,3
0,1,0.9977051968368507,1
2,4,0.9999783233603833,1
4,0,0.8947946299465849,-1
0,1,0.9955629266344526,1
1,2,0.9999999909250394,0
0,1,0.9994663181692551,1
2,4,0.998281846847923,1
4,0,0.989386700306324,3
4,0,0.9933429440797127,3
0,1,0.9981154438705373,1
4,0,0.9958549876176143,3
4,0,0.9905168310548923,3
4,0,0.9976979974276728,3
2,4,0.9992605925074769,1
2,0,0.9967041169444456,3
0,1,0.9992868212777896,1
0,1,0.9993079946745931,1
0,1,0.9993854130998584,1
3,1,0.9982725871271474,1
4,0,0.99370631805308,3
0,1,0.9990725222355218,1
2,4,0.9998913810279407,1
4,0,0.9925749910077736,3
3,1,0.998104519616258,1
3,1,0.9996393388908598,1
2,3,0.9996286534354732,-1
4,0,0.881188586912624,-1
2,4,0.9981808340796462,1
4,0,0.8188751084765685,3
0,1,0.998419197712726,1
1,2,0.9999999909250394,0
2,4,0.9995331545066174,1
0,1,0.9945304266321556,1
2,4,0.9998826231660656,1
4,0,0.9972126981489742,3
0,1,0.9992109966801854,1
4,0,0.9978609805725281,3
0,1,0.9995754295983847,1
0,1,0.9985045217009947,1
2,4,0.9986510728478485,1
0,1,0.9959622298498206,1
2,4,0.9999188059921614,1
4,0,0.9989011052473784,3
4,0,0.93370468074412,-1
4,0,0.9978299845744084,3
0,1,0.9994446197948075,1
0,1,0.9985870666483114,1
0,1,0.998449551564719,1
2,4,0.9943952650720957,1
0,1,0.9973839674939198,1
0,1,0.9978443128946106,1
3,1,0.9994242910043534,1
0,1,0.9993274890846404,1
2,4,0.9999258636700272,1
2,1,0.9962887335398506,1
2,1,0.9959168571023408,1
3,0,0.6689006735152622,-1
0,1,0.999156954884029,1
0,1,0.9994884678684854,1
4,0,0.9954593175576398,3
4,0,0.9968825197092263,3
2,1,0.996365226050613,1
3,1,0.7783176016250193,1
0,1,0.9984163028507985,1
3,1,0.7457138963411734,1
0,1,0.9975062574592194,1
0,1,0.9997387003565206,1
0,1,0.9995437961891058,1
0,1,0.9989023581533658,1
2,4,0.9996563624540128,1
0,1,0.9971150215964822,1
3,1,0.9992831374213262,1
4,0,0.9983185564629049,3
4,0,0.9935302659283287,3
4,0,0.9624506079168553,3
3,1,0.9596812414652117,1
0,1,0.9995472939627013,1
2,1,0.9858754873986578,1
3,1,0.9982703988729349,1
4,0,0.9963983953029965,3
4,0,0.9833091032728232,3
3,1,0.9989726239188513,1
2,0,0.9962319859338642,3
3,3,0.6335197953216296,-1
0,1,0.9973186622390973,1
3,1,0.9976874840305904,1
0,1,0.9946624403904275,1
0,1,0.9712007434671366,1
4,0,0.9949087256756926,3
4,0,0.9829005000079466,3
2,4,0.9992803085708214,1
2,1,0.9954347995868966,1
0,1,0.9990250751995493,1
0,1,0.9985424665230371,1
2,4,0.9987123885547124,1
4,0,0.9973015956863627,3
2,4,0.9992025022071701,1
1,2,0.999999896419749,0
4,0,0.9924724071447301,3
3,1,0.9893392979089182,1
2,4,0.9998968175930075,1
0,1,0.99936790421323,1
2,4,0.9964468440800398,1
1,2,0.9999999909250394,0
4,0,0.9972973483443687,3
2,4,0.9901677890928345,1
0,1,0.9992854392186556,1
0,1,0.9996448436836364,1
4,0,0.9966463975367646,3
3,3,0.9999720609992124,4
4,0,0.9986853119363132,3
0,1,0.9993114669284446,1
0,1,0.9989621648358786,1
0,1,0.999591198127168,1
2,4,0.9989053097879027,1
4,0,0.9968707960448611,3
3,1,0.9934586574007567,1
2,4,0.9986564795168994,1
0,1,0.9992437872800993,1
0,1,0.9976366261694747,1
2,4,0.9985853239536961,1
2,4,0.9999928226018282,1
4,0,0.9966764836601022,3
0,1,0.9986375480013521,1
0,1,0.9995566846617833,1
0,1,0.9981652175053446,1
2,4,0.9958333971813562,1
2,4,0.9971175237672153,1
0,1,0.9990806665595346,1
2,4,0.9987272273794852,1
4,0,0.9984952903666108,3
0,1,0.9990790157569749,1
4,0,0.9575337888537316,3
0,1,0.993161912206904,1
0,1,0.999189556415089,1
4,0,0.9959317489256033,3
3,3,0.9999809555920068,-1
0,1,0.9990042500871809,1
4,0,0.9956067484409533,3
3,1,0.9928721234657101,1
0,1,0.8261501058496721,1
0,1,0.9984322998582381,1
0,1,0.997245770528463,1
0,1,0.9975629389087581,1
2,1,0.9961610310837133,1
0,1,0.999499197844468,1
4,0,0.9935536543459209,3
2,1,0.9953585383849413,1
2,0,0.9252843144612131,3
2,4,0.9999932417456668,1
2,4,0.9998243530985962,1
2,4,0.9993645517218473,1
2,4,0.9988743919441571,1
4,0,0.9982903670119874,3
2,4,0.9977827360651456,1
3,3,0.7404165842318625,1
0,1,0.9996387371865887,1
0,1,0.9994984555896764,1
3,1,0.9962065394404951,1
0,1,0.9991979171964268,1
2,4,0.9974283336842342,1
4,0,0.99135344843501,3
2,4,0.997995855368257,1
0,1,0.9992237043976904,1
2,4,0.999952001525048,1
3,1,0.9992749955035347,1
0,1,0.9963780458169799,1
0,0,0.9924130659978441,3
1,2,0.9999999909250394,0
0,1,0.9989317181416982,1
3,1,0.9963249190554901,1
4,0,0.9953167953659597,3
4,0,0.9990231554813022,3
3,3,0.9982501034910711,-1
2,4,0.9999281766085852,1
2,4,0.9994438792802742,1
2,4,0.9977668337021403,1
3,3,0.848143708299522,-1
2,1,0.9859993932646696,1
1,2,0.999999989152782,0
3,1,0.9648501487554992,1
4,0,0.9889228958918634,3
2,4,0.9983357079511463,1
0,1,0.9985717047871508,1
4,3,0.9304318179098507,-1
0,1,0.9994412880132193,1
2,4,0.9993842471979658,1
0,1,0.9955161174146214,1
2,4,0.9983718534866824,1
4,0,0.9944939478601936,3
2,4,0.999985165062253,1
0,1,0.9979066277403004,1
0,1,0.9988575256679116,1
2,4,0.9999592630767135,1
0,1,0.9982678662610965,1
2,4,0.997633486276089,1
0,1,0.9996682501850926,1
4,0,0.9728716729630202,3
0,1,0.9966127734565677,1
2,4,0.9937723188050823,1
0,1,0.9989552386844411,1
4,0,0.9769084419295436,3
2,1,0.5411518309745628,-1
3,1,0.989864231336697,1
4,0,0.983300969008285,3
2,4,0.9998886742448647,1
0,1,0.9817283095856599,1
3,1,0.9990515313052033,1
2,4,0.9990596362289261,1
2,4,0.9909569683013884,1
0,1,0.9975093833893354,1
0,1,0.999305414298114,1
3,1,0.9727857128524492,1
4,0,0.9974356888935677,3
3,1,0.9934096252309358,1
3,1,0.9986898116060129,1
2,4,0.9999302685818651,1
1,2,0.9999999707691196,0
0,1,0.9981357105755607,1
4,0,0.9969955934615292,3
2,4,0.9985700784672239,1
4,0,0.9803843943142851,3
3,1,0.9990500003829809,1
0,1,0.9981754749258474,1
2,4,0.9963506414827442,1
2,4,0.9998164859930819,1
0,1,0.998946907092086,1
0,0,0.961913927726026,-1
4,0,0.9944669108120364,3
0,1,0.9989775274734395,1
3,3,0.9999138761204478,-1
4,0,0.9885296365905729,3
0,1,0.9987197424668178,1
0,1,0.9973354704159951,1
2,4,0.9992619876371087,1
0,1,0.9989943137428959,1
2,4,0.9985905068159153,1
0,1,0.993646212211932,1
2,4,0.9788317732670281,1
3,3,0.963637003537804,-1
0,1,0.9974748783033405,1
0,1,0.9993279826286324,1
0,1,0.9979914690846605,1
0,1,0.9996385983493249,1
2,4,0.9988520890879767,1
3,3,0.9999999965143402,-1
0,1,0.977987031111059,1
4,0,0.9993349507818357,3
4,0,0.9843872425937952,3
2,4,0.9972158352053035,1
2,4,0.9994564161190869,1
2,4,0.9974771813645428,1
2,4,0.9999882605374137,1
4,0,0.9961333514060325,3
0,1,0.9994493619163218,1
0,1,0.9990589550852293,1
0,1,0.9997205458930467,1
2,4,0.9998803914507806,1
2,4,0.9996846006917826,1
2,4,0.9970999873518406,1
4,0,0.9913194867321069,3
4,0,0.9075037135665889,3
0,1,0.9991644835084585,1
0,1,0.9979035460592048,1
0,0,0.9923888047030206,3
4,0,0.9974278928162144,3
0,1,0.9990948913668238,1
4,0,0.9153475956301204,3
4,0,0.9985345038805863,3
2,4,0.999694765974699,1
3,1,0.6657162486518815,1
0,1,0.9983525036295583,1
4,0,0.9438861307049321,-1
2,4,0.9954157215198507,1
0,1,0.9978309725291775,1
0,1,0.999129453476944,1
2,4,0.9999579562955564,1
0,0,0.9630695209961265,3
2,4,0.9999878655350855,1
2,4,0.9887998077703197,1
4,0,0.9965081719509297,3
2,4,0.9945970313574248,1
2,4,0.9998110820794435,1
0,1,0.9980194425414604,1
3,3,0.9975465740448467,-1
2,4,0.9976097397828588,1
0,1,0.9995700846731461,1
0,1,0.999534361348837,1
4,0,0.9945515632533644,3
0,1,0.9994260078720494,1
2,4,0.9976835268186567,1
0,1,0.9975666495406194,1
0,1,0.9995066816856176,1
0,1,0.9993767929067449,1
2,4,0.9966432860089438,1
4,0,0.9980870947484793,3
4,0,0.9967099754595273,3
2,1,0.9850719844218002,1
4,0,0.9907031012829791,3
2,4,0.9973001368476008,1
0,1,0.9981102806969425,1
0,1,0.9983761005535666,1
0,1,0.9989016634141421,1
0,1,0.9993820474891651,1
4,0,0.9923803800981948,3
0,1,0.9992183739889723,1
2,4,0.9958846418556643,1
0,1,0.9982638334993521,1
4,0,0.9924747118972163,3
0,1,0.999732939358001,1
3,3,0.8322107241767348,1
2,4,0.9996662926516288,1
3,1,0.9983650156213165,1
0,1,0.9985563087926287,1
4,0,0.9965581372857691,3
1,2,0.9999999909250394,0
4,0,0.9451188193298761,3
0,1,0.9982652223010572,1
3,3,0.995728176109456,-1
0,0,0.9830616136947334,3
0,1,0.998449884337314,1
0,1,0.999287929071827,1
0,1,0.9967455931097012,1
0,1,0.9982433931620533,1
0,1,0.998314033970788,1
1,2,0.9999999909250394,0
0,1,0.9992095930470944,1
3,1,0.997754835298767,1
3,3,0.9999887056555018,-1
0,1,0.9975121996613506,1
3,1,0.9993293799944025,1
2,4,0.9988614000905149,1
0,0,0.9874601307166333,3
2,0,0.9831734420699807,3
3,1,0.9990622085089662,1
1,2,0.9999999909250394,0
0,1,0.9982435770367235,1
2,4,0.9998376005322883,1
0,1,0.9968149802429374,1
0,1,0.9985833127683118,1
0,1,0.9962758027817958,1
0,1,0.9997691528946548,1
4,0,0.9978579624159152,3
0,1,0.9972900528600285,1
0,1,0.9969628084544554,1
2,4,0.9951033583963955,1
0,1,0.9984040834259811,1
0,1,0.998212228582921,1
4,0,0.9783194309334657,3
0,1,0.99887652241747,1
0,1,0.9990813213488082,1
0,1,0.9984072671871494,1
3,1,0.9961014243120792,1
3,1,0.9992579718330085,1
2,4,0.999824573045174,1
4,0,0.9923677384977087,3
0,1,0.9996710045235986,1
0,1,0.998904197030859,1
2,4,0.9994734187948748,1
1,2,0.999999896419749,0
4,0,0.9735253113423799,3
0,1,0.9986187739219431,1
0,1,0.9968104027510246,1
0,1,0.999440285669377,1
2,4,0.998576188784304,1
2,4,0.9999207432803441,1
3,1,0.986187838764514,1
0,1,0.9988596395544385,1
0,1,0.9997435126002467,1
0,1,0.998201708442029,1
0,1,0.9994349052799023,1
4,0,0.9973789607324627,3
4,0,0.9943714883696464,3
2,4,0.9910757405913563,1
0,1,0.9976019078138519,1
0,1,0.9970558316885302,1
0,1,0.996900134412909,1
0,1,0.9992080631325985,1
0,1,0.9984015533442974,1
2,0,0.6295661202799211,3
4,0,0.9986642952189159,3
0,1,0.9992797335173201,1
2,1,0.9857465506263228,1
4,0,0.9282929344950142,-1
1,2,0.999999989152782,0
3,1,0.999411783148464,1
2,4,0.9901611346154839,1
2,4,0.9990912486969538,1
2,1,0.9955526031089801,1
4,0,0.9947741797379737,3
2,4,0.9997728853339815,1
2,4,0.9992207761965834,1
2,4,0.986319477268937,1
0,1,0.9993995351200774,1
0,1,0.9980466463587172,1
0,1,0.9989899151573043,1
4,0,0.6070984863052469,-1
3,1,0.9254296852059047,1
4,0,0.9956598739245325,3
3,1,0.9996125455912779,1
3,1,0.9994912849713031,1
4,0,0.9905272846713793,3
2,4,0.9994066626793162,1
0,1,0.9988243052807123,1
3,1,0.9743387633883143,1
2,4,0.9994052550196859,1
2,4,0.9944384416182462,1
0,1,0.9996883104926719,1
0,1,0.9968392027591308,1
4,0,0.9980866440150978,3
4,0,0.9881119729841115,3
2,4,0.9981712748950365,1
2,4,0.9995245515771712,1
2,4,0.984528916711419,1
0,1,0.9950084280014907,1
2,4,0.9988910524370588,1
2,4,0.9991991465815393,1
0,1,0.998234656701625,1
3,3,0.9910032706868429,-1
0,1,0.9973826203970316,1
0,1,0.9988851919894208,1
4,0,0.9927351307690417,3
0,1,0.9983035446617377,1
0,1,0.999241083626466,1
2,4,0.9998990734158474,1
3,1,0.9861890516206413,1
0,1,0.9992039583286806,1
2,4,0.9999878655350855,1
0,1,0.9993847366699592,1
2,4,0.9999043111160404,1
0,1,0.9990157265089125,1
0,1,0.9979113707131435,1
3,0,0.9140828737265839,3
0,1,0.9987373200755304,1
0,1,0.9983447639003152,1
0,1,0.9990023230138364,1
2,4,0.9973011119619946,1
4,0,0.8834831135244248,-1
4,0,0.9865441256777532,3
1,2,0.9999999909250394,0
1,2,0.9999999909250394,0
0,1,0.9995845746142028,1
0,1,0.9997276902442842,1
2,4,0.9986490941247016,1
3,1,0.9993479441801782,1
2,4,0.9989341995531091,1
4,0,0.9988415111073256,3
0,1,0.9978903970193551,1
0,1,0.9969664257907849,1
1,2,0.999999989152782,0
1,2,0.9999999909250394,0
2,3,0.9948605048819212,-1
2,4,0.9982224046770928,1
2,4,0.9996856280033148,1
4,0,0.9953429107247526,3
4,0,0.992894519784264,3
0,1,0.9987714482129786,1
0,1,0.9996982553483664,1
3,1,0.9994339163745586,1
3,3,0.9999542253603577,-1
4,0,0.9898915757976403,3
3,1,0.8703662797140862,1
1,2,0.9999999909250394,0
3,1,0.9859766153452421,1
4,0,0.9982669333728793,3
3,1,0.9974047733159354,1
4,0,0.9979338059081142,3
3,1,0.9994360577934075,1
3,1,0.9993991314199722,1
3,1,0.7772932651970789,1
0,1,0.9971727942133357,1
2,4,0.9996899013987666,1
2,4,0.9998924010187669,1
0,1,0.9988760420983388,1
4,0,0.8633519317129565,-1
0,1,0.9975958743879259,1
2,4,0.9997929314965642,1
3,1,0.9984859204251978,1
0,1,0.9989341706829722,1
0,1,0.9994832034407546,1
0,1,0.9985372275964106,1
4,0,0.9979443477993509,3
0,1,0.9989982318748868,1
4,0,0.997616103953265,3
0,1,0.9984868182821242,1
3,3,0.9242933725247523,-1
4,0,0.9955368154998155,3
0,1,0.9985993866481274,1
0,1,0.9991960591891141,1
4,0,0.997589309393441,3
0,1,0.9986568455349746,1
2,4,0.9992265698953412,1
1,2,0.999999989152782,0
0,1,0.998978695686512,1
3,1,0.9983261173125187,1
4,0,0.9986542430255828,3
0,1,0.9981953660081049,1
0,1,0.9992660420545418,1
0,1,0.9968814535811658,1
3,3,0.8405117236448896,1
0,1,0.9967660135617415,1
4,0,0.9910958294818397,3
3,3,0.586260358356417,-1
4,0,0.9790266712764468,3
3,3,0.9529361212044922,-1
0,1,0.9991166719370026,1
2,4,0.9992953520875083,1
2,4,0.9996596958182957,1
0,1,0.9992019450785331,1
0,0,0.9903966278157516,3
2,1,0.9907092051416202,1
2,4,0.9962713177353152,1
0,1,0.9981947793850059,1
3,1,0.8840019915013958,1
4,0,0.9981445381542079,3
4,0,0.996881715687608,3
2,4,0.9999384214414502,1
0,1,0.9983429953240421,1
2,4,0.9848527540739842,1
0,1,0.9985015863839429,1
2,4,0.9989786717460146,1
4,0,0.995185950839436,3
2,4,0.9999154594746734,1
4,0,0.9233785727413295,3
0,1,0.9996563015911756,1
0,1,0.9988424013252226,1
2,4,0.99998518142629,1
4,0,0.9904421474683227,3
0,1,0.9970239896760302,1
0,1,0.9992097757633583,1
2,4,0.9997888410602045,1
4,0,0.887566389751999,-1
4,0,0.9858110824336189,3
0,1,0.9967485055084654,1
1,2,0.999999989152782,0
0,1,0.9993955694052941,1
4,0,0.9992019863176167,3
4,0,0.9921307611708643,3
0,1,0.9990539712599126,1
2,4,0.9991492048004029,1
0,1,0.9991113950053636,1
2,4,0.9993613547127385,1
2,1,0.9323236979840623,1
0,1,0.9982290977719084,1
4,0,0.9969366947873928,3
4,0,0.9895748638259191,3
3,1,0.7849529190351581,1
0,1,0.9990860615980324,1
0,1,0.9987059195519159,1
0,1,0.9989824241245603,1
0,1,0.9978493332208217,1
4,0,0.9992537365969203,3
0,1,0.9988169504639967,1
2,3,0.9999940206388384,-1
0,1,0.9981269555114484,1
3,1,0.9262796999382357,1
0,1,0.9981285465478634,1
3,1,0.9953750366972415,1
4,0,0.9980508684028173,3
1,4,0.9974843233084227,1
2,4,0.9998319778513122,1
4,0,0.9981197115595336,3
0,1,0.999522920847193,1
0,1,0.998752964315814,1
3,3,0.9999354335474812,-1
4,0,0.9968502411434056,3
0,1,0.9986252996874534,1
4,0,0.9952368506444813,3
0,1,0.9996495945617703,1
3,1,0.9994281036151893,1
3,3,0.9999397091763225,-1
3,3,0.6151980143912937,-1
0,1,0.9993645104084778,1
0,1,0.9989246116840509,1
3,1,0.900930605054967,1
2,4,0.9991236357513997,1
4,0,0.7516556611983592,3
0,1,0.9973903613382454,1
2,4,0.9986262371033886,1
0,1,0.9980305600139514,1
2,4,0.9992230553997142,1
0,1,0.9992536683393027,1
4,0,0.9390826858969125,-1
1,2,0.999999989152782,0
4,0,0.9944625471660576,3
0,1,0.999449040462486,1
0,1,0.9993560208284261,1
3,1,0.9988604792334106,1
4,0,0.9992736284450555,3
2,1,0.9940768720746717,1
3,1,0.9985984252262821,1
0,1,0.9978000141860278,1
2,1,0.9944076349449943,1
0,1,0.9992027405409102,1
2,4,0.9988106798159619,1
0,1,0.9989973230273438,1
3,1,0.9969805781324201,1
3,1,0.9995976406702812,1
4,0,0.9991317427762149,3
0,1,0.9991930148116253,1
2,4,0.9995849498782362,1
2,4,0.9954349680962723,1
0,1,0.997901092873785,1
1,2,0.999999896419749,0
0,1,0.9979202547988066,1
0,1,0.9996846542724888,1
4,0,0.9878136472303276,3
0,1,0.9986158747121143,1
4,0,0.9936185677233971,3
1,2,0.999999989152782,0
3,3,0.9996685742336272,-1
3,1,0.8816516423909229,1
4,0,0.993645682164565,3
2,4,0.9999842256497496,1
3,3,0.9999483885264928,4
3,1,0.9995815491463541,1
4,0,0.9919642589158718,3
4,0,0.9267193731689942,-1
1,2,0.999999989152782,0
0,1,0.999692296056903,1
3,1,0.9811594775142016,1
3,1,0.670826033490246,1
3,1,0.9993697476168689,1
4,0,0.9980184743395952,3
2,4,0.9998905376355728,1
4,0,0.9698734525729181,3
0,0,0.9043655490730624,3
2,1,0.9969082512311249,1
0,1,0.9981531236184068,1
0,1,0.9982603019070424,1
2,1,0.9946946917574663,1
0,1,0.9944454006460558,1
3,1,0.9906569480387178,1
3,1,0.9978689672986562,1
0,1,0.9991795992636657,1
0,1,0.9978532738337279,1
0,1,0.9988267855276164,1
1,2,0.9999999909250394,0
2,4,0.9993142580072386,1
3,1,0.9976681859992518,1
0,1,0.9972527064160404,1
0,1,0.9984432062328181,1
4,0,0.9217143629040573,3
0,1,0.9988299871396439,1
2,4,0.9993324776946279,1
3,1,0.9932665677440895,1
3,3,0.9286451712608111,-1
4,0,0.995020318108692,3
2,4,0.9932925159755976,1
2,4,0.9987154650960199,1
1,2,0.9999999909250394,0
2,4,0.9993636725541712,1
3,3,0.9915657621121909,-1
3,1,0.9724035862352535,1
4,0,0.9968639246971214,3
1,2,0.9999999909250394,0
4,0,0.862008704284121,3
2,4,0.9974463181570756,1
4,0,0.9971938564401566,3
0,1,0.9993120242817529,1
0,1,0.9985436755773379,1
0,1,0.9970629402650234,1
0,1,0.9958224752400644,1
2,4,0.999974980405545,1
4,0,0.9883930500270122,3
2,4,0.9994346528220748,1
4,0,0.8098997197431892,-1
0,1,0.9996805700009446,1
4,0,0.9907890150139943,3
2,4,0.9987701015709284,1
2,4,0.9973852782516115,1
2,4,0.9997809220785229,1
0,0,0.9900284510803484,3
0,1,0.9980695654316495,1
0,1,0.9980816290970033,1
0,0,0.9888292619145796,3
0,1,0.9991695277068305,1
4,0,0.9692477141850341,3
4,0,0.9982206528273726,-1
3,1,0.9899170814082895,1
0,1,0.9989951254484166,1
2,1,0.9979905977269842,1
3,3,0.5809026024156775,-1
0,1,0.9990939528983857,1
3,1,0.9941443096982474,1
0,1,0.9996126215255546,1
2,4,0.9990019075194148,1
2,4,0.9998992315117509,1
2,4,0.999209441351632,1
3,1,0.9666929850780288,1
2,4,0.9973694505016305,1
4,0,0.9923367674671003,3
0,1,0.9996185988153046,1
0,1,0.9978253957177701,1
0,1,0.9992559549485531,1
2,4,0.9940874697188411,1
0,1,0.9987165822903962,1
4,0,0.9992386573019784,3
0,1,0.9967579240319494,1
2,3,0.5100816643105307,-1
0,1,0.9994320251482712,1
0,1,0.999098831146308,1
3,1,0.9995186775742845,1
2,4,0.9989337467417795,1
2,4,0.9976486395117947,1
0,1,0.9990012547653725,1
4,0,0.9928026577244289,3
4,0,0.723443007468813,-1
2,1,0.992863323055032,1
0,1,0.9995384830997319,1
2,4,0.9993454773299354,1
0,1,0.9993789842496354,1
4,0,0.9942379535533817,3
0,1,0.9995510949447949,1
2,4,0.998804984535235,1
0,1,0.9993527229300498,1
0,1,0.9994651999658838,1
3,1,0.653383016093205,1
0,1,0.9971862487823486,1
3,1,0.9473746755821179,1
0,1,0.9991329550131209,1
0,1,0.9992880736180273,1
2,4,0.9999891592891108,1
4,0,0.9837992443311896,3
0,1,0.9988570887056832,1
4,0,0.6555211221181544,-1
0,1,0.9976124423271776,1
4,0,0.9964537500999371,3
2,4,0.9999834380077447,1
2,4,0.9996896531063393,1
0,0,0.9853523953975771,3
3,1,0.9961440486050572,1
0,1,0.9996078979045665,1
4,0,0.9688529226247351,3
2,0,0.9115350332218879,-1
3,1,0.9302538395005385,1
2,4,0.9977977596801757,1
0,1,0.9982530234879224,1
2,4,0.9999137948898456,1
2,4,0.9988127309067931,1
0,1,0.9976349457873523,1
1,2,0.9999999909250394,0
2,4,0.9999220649650986,1
0,1,0.9987834705796879,1
3,1,0.9486766157339811,1
0,1,0.9994177520585572,1
4,0,0.9970225421475437,3
0,1,0.9996450536867925,1
4,0,0.9985057692214268,3
4,0,0.99317070323518,3
4,0,0.7018239730351554,-1
4,0,0.9972793745225028,3
2,4,0.9986381690781947,1
3,1,0.9994812731521554,1
2,4,0.9989199053163736,1
0,1,0.9995184254244115,1
2,4,0.9990937486971674,1
4,0,0.9628870092704781,3
0,1,0.9988681745392992,1
0,1,0.9970278705197387,1
2,4,0.9994070523148325,1
0,1,0.9982864170140557,1
0,1,0.9983721951131429,1
4,0,0.9984893552904301,3
3,1,0.8566491071087103,1
2,4,0.9999421922980414,1
0,1,0.9975356524413295,1
2,4,0.9993166228581447,1
4,0,0.9080047720690212,3
2,4,0.9999258131722346,1
3,1,0.9991103484726225,1
0,1,0.998873589748031,1
4,0,0.758484553588738,3
3,1,0.9991350850664733,1
1,2,0.9999999707691196,0
1,2,0.9999999909250394,0
1,2,0.9999999909250394,0
4,0,0.9948716955059788,3
0,1,0.9981675886523536,1
2,4,0.9720177003576226,1
0,1,0.9993313937270544,1
0,1,0.9970842484889977,1
2,4,0.9993785182359619,1
0,1,0.9979095494509643,1
0,3,0.5451760300655492,-1
4,0,0.9982469698211891,3
3,1,0.9992344375569623,1
0,1,0.9986148967933701,1
0,1,0.9994201843893038,1
0,1,0.9980247519751027,1
4,0,0.9976727553863798,3
4,0,0.9890688554912739,3
2,0,0.9827224885703923,-1
0,1,0.9988241117604256,1
2,4,0.9880407153421027,1
4,0,0.9907081521119964,3
4,0,0.9924222892996125,3
0,1,0.9982974054083384,1
0,3,0.9982708591034732,-1
0,1,0.9985803554592293,1
0,1,0.9984344011447139,1
0,1,0.9990416189131964,1
0,1,0.9990610020822047,1
0,1,0.9993400972181334,1
3,1,0.9984429257735505,1
0,1,0.9995140658474494,1
0,1,0.9983918023648078,1
4,0,0.7213530670911293,-1
2,4,0.9988281384278085,1
1,2,0.9999999909250394,0
2,4,0.9963761743739425,1
0,1,0.9985764607165313,1
2,4,0.9984934870482108,1
2,4,0.9974617131629531,1
0,1,0.9990152291438326,1
2,4,0.9942712929250902,1
1,2,0.999993848704791,0
4,0,0.9978176961199051,3
2,4,0.9969850971880918,1
0,1,0.991910650306354,1
0,1,0.9992447984918854,1
0,0,0.9675372852867652,-1
3,3,0.999996012117031,-1
0,1,0.9996713077747252,1
0,1,0.997987438008641,1
0,1,0.9997119695790057,1
0,1,0.9976292367433873,1
2,0,0.9942929791066681,3
4,0,0.9950612138759073,3
0,1,0.9985406937872602,1
2,4,0.9998780189640121,1
2,1,0.9957530397525551,1
3,1,0.9888580389909409,1
2,4,0.9999821282048356,1
0,1,0.9992509805238198,1
0,1,0.9993504078576447,1
4,0,0.9992132395086804,3
0,1,0.9984200368246061,1
4,0,0.9938508681092739,3
2,4,0.9999864190539675,1
4,0,0.9426888042061213,3
1,2,0.9999999909250394,0
3,1,0.9994796271745833,1
4,0,0.9984402665949507,3
4,0,0.9935233548653275,3
4,0,0.5834075112412437,-1
3,1,0.9991761484702139,1
0,1,0.9981409184715452,1
2,4,0.9996726310982749,1
2,4,0.9995803945339419,1
3,1,0.9993515385384223,1
4,3,0.9947559746690376,-1
0,1,0.9987428951514976,1
0,0,0.9945393094523309,-1
0,1,0.998598472486421,1
0,1,0.9972682327968269,1
2,4,0.9999877741635202,1
2,4,0.9998842641323967,1
2,0,0.9951688411620851,3
2,4,0.9999273394780774,1
3,0,0.8278903312130845,3
0,1,0.9983574339435098,1
2,4,0.9999143206271013,1
0,1,0.9997129832852214,1
4,0,0.9079254675904446,-1
3,3,0.9999481606971987,4
0,1,0.9990450465678012,1
2,1,0.992793084009605,1
2,4,0.9931651311359453,1
3,1,0.9949859994686909,1
2,4,0.9996069271484772,1
0,1,0.9992810394706979,1
3,1,0.9994218428495626,1
4,0,0.9927420353956219,3
2,4,0.9996902854636958,1
4,0,0.9939037449569933,3
2,4,0.9990058737309899,1
0,1,0.9995329852638776,1
1,2,0.9999999909250394,0
0,1,0.9978812359165251,1
0,1,0.9995132712553444,1
4,0,0.9963527959434739,3
0,1,0.9994084221356742,1
0,1,0.999601238269777,1
2,4,0.9994140488959986,1
2,0,0.9962953438850378,3
2,4,0.9991886541202103,1
3,1,0.9987438590639047,1
4,0,0.9925425600444469,3
2,0,0.9968825038451161,3
2,4,0.9997949009542659,1
2,4,0.9999374551376533,1
4,0,0.9955775293108913,3
0,1,0.9981463123987895,1
0,1,0.9992237109277758,1
2,4,0.9813931546167214,1
2,3,0.886353415952837,3
3,3,0.9564940684313223,-1
0,1,0.9992815940139488,1
3,3,0.994479475136906,-1
0,1,0.9956374006114318,1
3,1,0.9990711719072923,1
4,0,0.9973308181515907,3
3,1,0.9988061227785625,1
3,1,0.9949657646675244,1
0,1,0.9995246429239208,1
0,1,0.99766840604868,1
1,2,0.9999999909250394,0
4,0,0.994644675230094,3
0,1,0.9997255771531328,1
3,1,0.998971910107298,1
0,1,0.9971694535480086,1
3,1,0.9992409976931734,1
0,1,0.9988508306028541,1
2,4,0.9995944973797625,1
2,4,0.9986269226053948,1
2,4,0.9999576906948219,1
4,0,0.9931916658238945,3
3,1,0.8778094433142576,-1
1,2,0.9999999909250394,0
4,0,0.9994581975669612,3
3,3,0.9998573180942203,-1
0,1,0.9992506194429638,1
0,1,0.9986115319864137,1
0,1,0.9996287381096628,1
0,3,0.842061843743833,-1
2,4,0.9965907795519567,1
2,4,0.9993928148913819,1
2,4,0.9990211407975474,1
2,4,0.9987354377336662,1
4,0,0.9903243432764504,3
3,1,0.9992086321077432,1
0,1,0.9987139479687793,1
0,1,0.9969524858354097,1
2,4,0.9973070691840139,1
2,3,0.7584108832225976,-1
0,1,0.9990405953949345,1
0,1,0.9943469186408859,1
2,4,0.9994243612531359,1
0,1,0.9985570685294979,1
3,1,0.998918759619707,1
0,1,0.9990252868843567,1
4,0,0.9983493455447027,3
0,1,0.9988624815666639,1
0,1,0.998646202538526,1
1,2,0.9999999707691196,0
2,4,0.9892704440149674,1
0,1,0.9992730512175845,1
3,1,0.9823745852324588,1
0,1,0.9993950193553978,1
0,1,0.9991287912522532,1
2,4,0.9993192552056489,1
0,1,0.9995924941993029,1
0,1,0.9980824124526324,1
4,0,0.9946500648511308,3
2,1,0.9975351719738146,1
0,1,0.9989277210520567,1
2,4,0.9998320116383104,1
0,1,0.9982938072815941,1
4,0,0.9921391312550332,3
3,1,0.9952731662176975,1
3,1,0.9990026403402451,1
0,1,0.9994809204325672,1
3,1,0.9987476584515341,1
3,1,0.9982961492588867,1
4,0,0.9807705031137338,3
0,1,0.9992961822956626,1
0,1,0.999402742272548,1
0,1,0.9988736556583225,1
2,1,0.9856492480406871,1
0,1,0.9981819409821414,1
4,0,0.9676181381852538,3
4,0,0.9984750638793352,3
3,1,0.945775560960623,1
2,4,0.9987059444072457,1
0,1,0.99732823342648,1
3,1,0.5766706978335375,-1
3,3,0.9538144150332832,-1
4,0,0.9973403492866876,3
2,4,0.999568637217439,1
2,4,0.9999322630182603,1
4,0,0.9731265604330406,3
2,4,0.9844178328484162,1
0,1,0.999599558835757,1
2,1,0.9968686745541657,1
4,0,0.9838699449013204,3
4,0,0.906586978929481,3
0,1,0.9981521622223517,1
0,1,0.999012339914379,1
3,3,0.9385189941265882,-1
1,4,0.995562779315307,1
2,4,0.9996670357350586,1
0,1,0.9979690698844577,1
4,0,0.7386834899266502,-1
0,1,0.9984918673036133,1
3,3,0.6165680260428317,-1
0,1,0.9989455248952808,1
2,4,0.9999638508302408,1
0,1,0.9972726206146106,1
3,1,0.9810343676188492,1
1,2,0.9999999909250394,0
2,4,0.9994959419138023,1
4,0,0.9996754899288269,3
0,1,0.9997299158949685,1
4,0,0.9975030173429119,3
2,4,0.9886611781160805,1
0,1,0.9996393344457575,1
0,1,0.998850993272619,1
0,1,0.9989209632534343,1
0,1,0.9993606333921785,1
0,1,0.9980064758356142,1
2,4,0.9999080369281539,1
3,3,0.8140778074559952,-1
2,1,0.9894994930260435,1
3,1,0.9931675719984029,1
3,1,0.993842779679489,1
0,1,0.9986067860344843,1
0,1,0.9987695581504057,1
2,4,0.9999051802623757,1
2,4,0.9997000732711581,1
3,3,0.675385776614941,-1
1,2,0.999999989152782,0
0,1,0.9981459191777351,1
0,1,0.9991877758118086,1
4,0,0.9950946376219856,3
0,1,0.9984109254760934,1
4,0,0.9933769207856961,3
0,1,0.9987718410029878,1
4,0,0.9812911270481717,3
3,1,0.9844150018401925,1
4,0,0.9930631717054432,3
0,1,0.9984672894786643,1
4,0,0.9895196534975693,3
0,1,0.9995480319973032,1
4,3,0.529249735666923,3
0,1,0.9994368747127164,1
0,1,0.9992091704604849,1
1,2,0.999999989152782,0
4,0,0.9978160090952097,3
1,2,0.9999999909250394,0
0,1,0.9989209911392467,1
2,4,0.9989078093305356,1
2,4,0.9956503026579048,1
0,1,0.9985582392258009,1
0,1,0.9994554608579043,1
4,0,0.9593082101670384,3
0,1,0.9991585155492736,1
0,1,0.9990239581004349,1
4,0,0.9984811009309972,3
4,0,0.9930164853343502,3
3,1,0.9987448302585382,1
3,1,0.9936866469652282,1
3,3,0.9748707837532037,-1
2,4,0.9999698920534911,1
2,4,0.9996416270314747,1
2,1,0.9945137474757335,1
3,3,0.6416006073910723,1
0,1,0.9993617436290794,1
4,0,0.9896028526707075,3
2,4,0.9999331196531706,1
1,2,0.9999999909250394,0
2,4,0.9997623218595715,1
0,1,0.9990495290524836,1
3,3,0.9996946178517073,-1
4,0,0.9718788746157188,-1
2,4,0.9997025330979035,1
4,0,0.9969500917541004,3
4,0,0.9986008173340104,3
0,1,0.9990716587631788,1
3,1,0.9971626889701548,1
2,4,0.9618907706915617,1
0,1,0.9985346228661947,1
0,1,0.9987734195674077,1
0,1,0.9994525151978995,1
4,0,0.9981365268458089,3
2,4,0.998729970711949,1
4,3,0.9956752105101111,-1
3,1,0.5371804230097132,1
4,3,0.6544455277494189,3
0,1,0.9988433986949119,1
2,4,0.9994877971489188,1
2,4,0.9988983875070092,1
0,1,0.9993718567446136,1
2,4,0.9975996041228876,1
0,1,0.9994678801199283,1
0,1,0.9989274468623415,1
2,4,0.9991318668722117,1
2,4,0.9978903277566439,1
0,1,0.9986447413856053,1
0,0,0.9839483063225332,3
4,0,0.9846234561389895,3
2,0,0.9972808792640311,3
0,1,0.9987221362383273,1
3,1,0.9980838787869617,1
3,1,0.9732555471837733,1
1,2,0.9999999707691196,0
2,4,0.9976407336784916,1
2,4,0.9855012322919131,1
3,1,0.9800921836745404,1
4,0,0.9995130324632776,3
4,0,0.9049477553307388,3
4,0,0.9949261731552901,3
1,2,0.9999999909250394,0
0,1,0.9979099176757077,1
0,1,0.995116947487887,1
2,4,0.9994358754581002,1
0,1,0.9985798327748042,1
0,3,0.879503356448887,1
2,4,0.9999788535514244,1
0,1,0.9988931351649505,1
0,1,0.9994509770180879,1
0,1,0.9954149335500879,1
4,0,0.9978474066624856,3
2,4,0.998227222519456,1
0,1,0.9982095077338631,1
0,1,0.9994029682468406,1
4,0,0.9775862019759799,3
2,4,0.9985948800298851,1
4,0,0.9827974775847492,3
2,4,0.9997918692749665,1
0,1,0.999119847031987,1
2,4,0.9999743181564633,1
0,1,0.9986345186363705,1
2,4,0.9993945543359118,1
0,1,0.9995466782080211,1
2,1,0.9928264295540401,1
2,4,0.9999791687561179,1
0,1,0.9969198083430304,1
2,4,0.9982968285022293,1
0,1,0.997523017050117,1
0,1,0.9995778234119626,1
4,3,0.999999995529592,-1
4,0,0.9885061367813414,-1
0,1,0.9980374013060598,1
3,0,0.8092202405505713,3
3,1,0.9965684379525416,1
2,4,0.9996466142087111,1
0,1,0.9985859139561561,1
4,0,0.9929184095891871,3
4,0,0.7300163508428494,-1
0,1,0.9982619478085366,1
3,3,0.9978923760939328,-1
0,1,0.9991025422443374,1
2,0,0.9273939164443096,3
4,0,0.7834979032271819,3
0,1,0.9947810455978927,1
2,4,0.9991446514703461,1
0,1,0.9977762668654427,1
0,1,0.9985086108658856,1
3,1,0.9995334353373175,1
4,0,0.9975867755678552,3
3,0,0.8647340816599488,3
3,1,0.9924872319373763,1
0,1,0.9983481667237156,1
0,1,0.9995664025840741,1
0,1,0.9971998908273721,1
1,2,0.9999999909250394,0
4,0,0.9828245989991655,-1
0,1,0.9977923254562401,1
2,4,0.9990115199995538,1
2,4,0.9991311929910194,1
2,4,0.9989731687759978,1
4,0,0.9472165136101371,-1
0,1,0.9994897709586917,1
2,4,0.998605342407,1
4,0,0.9980653972270322,3
0,1,0.9975049800484543,1
2,4,0.9996894064721052,1
4,0,0.9651880050102998,3
2,0,0.9967296578520225,3
2,4,0.9984246767680547,1
1,4,0.9974942213440494,1
0,1,0.9989713446296242,1
0,1,0.9977827858171614,1
2,4,0.9983313272078905,1
2,4,0.9989657610889378,1
2,4,0.9989420456829478,1
4,0,0.9936173478904444,3
0,1,0.9987951662107607,1
2,4,0.9979806890511653,1
0,1,0.9997382015219725,1
2,4,0.9995010849615382,1
2,4,0.9992273055651804,1
4,0,0.996282773975988,3
2,4,0.9943693564354066,1
1,2,0.9999999909250394,0
2,1,0.993645344965155,1
2,1,0.9941570783743877,1
2,4,0.9989116513075157,1
2,1,0.9951772638607904,1
4,0,0.9935639474164834,3
4,0,0.9969939927545773,3
2,4,0.9975821751363959,1
2,4,0.9999821231486801,1
2,4,0.9973303175621157,1
1,2,0.9999999909250394,0
4,0,0.9755902298379915,3
2,1,0.9231958224751448,1
2,4,0.9980689210577135,1
2,4,0.9995756043045099,1
0,1,0.9974386997118914,1
4,0,0.9915861049443968,3
4,0,0.9303962769906953,3
2,4,0.9994014059597711,1
0,1,0.9986600340021666,1
2,4,0.9984572856405276,1
2,4,0.9965030472672463,1
4,0,0.8925565131909454,3
2,4,0.9993578779551506,1
0,1,0.9981964813032076,1
3,1,0.9991019997634676,1
2,4,0.9944456197821813,1
0,1,0.9986050804560372,1
2,4,0.9999867592531673,1
4,0,0.9981847086166665,3
4,0,0.895248126404134,3
2,4,0.999420024408504,1
2,4,0.9985530937073228,1
0,1,0.999169726704639,1
3,1,0.9990906696032559,1
0,1,0.9959201902724336,1
2,4,0.9995719930535257,1
2,4,0.9966594588908995,1
0,1,0.9982244580299808,1
4,0,0.9951334495898312,3
0,1,0.9975851418026601,1
3,3,1.0,2
0,1,0.9989224540137064,1
0,1,0.9984501096600149,1
2,4,0.9998749956259267,1
4,0,0.9967075234103482,3
2,4,0.999427158746708,1
2,4,0.9950690018345454,1
3,1,0.9989961267826728,1
2,4,0.9974153163421372,1
2,4,0.9911476797721658,1
0,1,0.9976419820096372,1
2,4,0.9988950353543494,1
1,2,0.9999999909250394,0
2,4,0.9995753099583521,1
4,0,0.999435357103683,3
2,4,0.9999492210034784,1
0,1,0.9973872440334266,1
1,2,0.9999999909250394,0
0,1,0.997350096391879,1
4,0,0.9534913824047451,-1
2,4,0.9987187583270376,1
0,1,0.999099565190988,1
1,2,0.9999999707691196,0
2,4,0.9985564248656676,1
0,1,0.998643419330256,1
2,4,0.9999527563259573,1
0,1,0.9991948422001302,1
1,2,0.9999999909250394,0
0,1,0.9969646026604636,1
2,4,0.9898143145478473,1
2,4,0.9988364358544269,1
2,4,0.999876204622297,1
2,4,0.9997745598366232,1
2,4,0.9999915911534701,1
2,4,0.9999400342631255,1
0,1,0.9988653351410458,1
0,1,0.9987443016265045,1
2,4,0.9994017155381958,1
2,4,0.9995186995947246,1
4,0,0.9933480574676327,3
0,0,0.9758254322832952,3
4,0,0.9983510199902748,3
4,0,0.9968045265776727,3
4,0,0.9868826897741773,3
0,1,0.9986167059559053,1
3,1,0.9805245311022256,1
0,1,0.9994291932465523,1
2,4,0.9994474097040977,1
2,4,0.9994457336606808,1
2,4,0.9987866146991714,1
0,1,0.9988545867557478,1
0,1,0.998408680239237,1
2,4,0.9995696109816481,1
2,4,0.9993592333257763,1
3,3,0.9997581203899955,-1
0,1,0.9966227886754065,1
2,4,0.998617977846018,1
2,0,0.9957659953856866,3
3,1,0.9521513681757224,1
0,1,0.9982407431402557,1
2,4,0.9992572735157468,1
0,1,0.9981326646014582,1
2,4,0.9994996887749816,1
2,4,0.9994585893635196,1
0,1,0.998851259691488,1
4,0,0.9986219522951535,3
0,1,0.9972703379206201,1
4,0,0.998815687835364,3
4,0,0.9949361045548906,3
2,4,0.9985821369750283,1
4,0,0.998147041597531,3
2,4,0.9983495443356033,1
2,4,0.9996033253795272,1
4,0,0.9991333170073674,3
2,4,0.999257626071886,1
4,0,0.9960899873133687,3
3,1,0.9461083138881066,1
0,1,0.9987871485533028,1
2,4,0.9985965938291381,1
0,1,0.9985918006305183,1
2,4,0.9990163101737624,1
1,2,0.9999999707691196,0
4,0,0.9912532438542778,3
2,4,0.9996580417488264,1
0,1,0.998442828454404,1
0,1,0.9877478383021587,1
4,0,0.9965833298198414,3
0,1,0.9933785013590685,1
2,4,0.9987856273163015,1
2,4,0.9993679877135794,1
4,0,0.9968206976346824,3
2,4,0.9993156616303663,1
0,1,0.9989443071512556,1
0,1,0.9988568980563859,1
3,1,0.9953041195128717,1
2,4,0.999783880564734,1
0,1,0.9983132477936638,1
2,4,0.9993435457677182,1
4,0,0.9576897971329967,-1
0,1,0.9980806883845612,1
2,4,0.9993672923732125,1
2,4,0.9933978321030156,1
2,4,0.9979919976195504,1
0,1,0.998604258518969,1
2,4,0.9997892599899195,1
3,1,0.9895505513375403,1
2,4,0.9989805327190714,1
0,1,0.9990219356290503,1
0,1,0.9930743205638755,1
0,1,0.9988894486142522,1
2,4,0.9999773940463031,1
2,4,0.9982690169792241,1
2,4,0.9996072326871939,1
2,4,0.998124183078429,1
1,2,0.9999999909250394,0
0,1,0.9965652169991087,1
0,1,0.9984738634173838,1
2,4,0.9999747314134838,1
2,4,0.9994127744938792,1
2,4,0.9942974954839472,1
4,0,0.9975694116268509,3
0,1,0.9986272050329544,1
2,4,0.999686257193458,1
0,0,0.9842974242371736,3
3,1,0.9995924163021759,1
2,4,0.9999882628225906,1
2,4,0.9988703856077344,1
0,1,0.9980403319981261,1
2,4,0.999813385346662,1
2,4,0.9984028746130402,1
3,1,0.9933410362176479,1
2,4,0.9995450252054923,1
2,4,0.9999510806649167,1
3,1,0.9995056571512957,1
4,0,0.993685585052803,3
2,4,0.9995392043722342,1
4,0,0.9977479389619754,3
2,4,0.9799673712896737,1
0,1,0.9990765316624541,1
0,1,0.9992058503463686,1
2,4,0.9980074434770367,1
4,3,0.7471193868996068,-1
0,1,0.9995804067819316,1
1,2,0.9999999909250394,0
2,4,0.9976686137189682,1
4,0,0.9935814827849063,3
2,4,0.9991732905638651,1
0,1,0.9979299108278151,1
0,1,0.9981110649827739,1
2,4,0.9969056617385991,1
2,4,0.9971035626520308,1
0,1,0.9988461312517332,1
0,1,0.9988889172020556,1
2,4,0.9996672609958075,1
0,1,0.9987346164440373,1
2,4,0.9990103125014183,1
2,4,0.9996789986269085,1
2,4,0.9997673776582161,1
2,4,0.999989903587159,1
0,1,0.9983410203264106,1
4,0,0.9651773785175244,3
2,4,0.999993411508276,1
2,4,0.9996592578996658,1
2,4,0.9993696814247682,1
0,1,0.9989278446084946,1
0,1,0.9987528663920237,1
0,1,0.9980842162315181,1
0,1,0.9971507618151477,1
2,4,0.9993137807478327,1
1,2,0.999999989152782,0
2,4,0.9995034401822765,1
4,0,0.9956516395919157,3
1,2,0.9999999909250394,0
0,1,0.9994925873840195,1
0,1,0.9991487680534058,1
1,2,0.9999999909250394,0
4,0,0.997312313094347,3
0,1,0.9991873017594659,1
4,0,0.9966616710229554,3
2,0,0.9951342919365632,3
0,1,0.9984937432673561,1
0,1,0.9982076239735732,1
4,0,0.9930439573418863,3
3,1,0.9313700549971411,1
2,4,0.9997930911688664,1
2,4,0.9981871347841804,1
4,0,0.9994577790722372,3
2,4,0.9999595281651913,1
3,1,0.9996569692926172,1
2,4,0.9998300712220483,1
1,2,0.9999999909250394,0
2,4,0.999092894993306,1
0,1,0.99894090543216,1
4,0,0.9957236128850592,3
4,0,0.9901758986663073,3
1,2,0.9999999909250394,0
0,1,0.9979487106042285,1
2,4,0.9999856843961058,1
2,4,0.9946725939822185,1
2,4,0.9996465625020776,1
4,3,0.6051693233695163,-1
0,1,0.9980752898190498,1
0,1,0.9995340089782854,1
0,1,0.9977964282514957,1
0,1,0.9991956678154517,1
2,4,0.9975562347676242,1
2,4,0.9986342000974434,1
2,4,0.9999062898395873,1
4,0,0.9965236798065749,3
1,4,0.9983817728838487,1
0,1,0.9984995760971223,1
2,4,0.9982622305897588,1
4,0,0.9940941251841849,3
2,4,0.9992753901652344,1
0,1,0.9994167840924892,1
2,4,0.9997991380067383,1
2,4,0.9991015117260854,1
4,0,0.9992957085163514,3
4,0,0.9971433787547509,3
2,4,0.9989184291396916,1
2,3,0.9845030942005759,3
3,3,0.9981440866631424,-1
0,1,0.9984664208870052,1
2,4,0.9994678748318839,1
2,4,0.999826162675092,1
4,0,0.9981739258490103,3
0,1,0.9985065610010382,1
4,0,0.9964992364103257,3
0,1,0.9991164925201633,1
4,0,0.9992570407176354,3
4,0,0.9974924985536738,3
2,4,0.9998861496749604,1
4,0,0.9989772854550858,3
2,4,0.9999807677208477,1
2,4,0.9923114377044316,1
3,1,0.9987794034449413,1
2,4,0.9999927687205629,1
2,4,0.9988776793007147,1
0,1,0.9988174033179522,1
4,0,0.9970447509862773,3
2,4,0.9984327578225898,1
2,4,0.9982060035732181,1
3,3,0.9999999999999467,-1
2,4,0.9983918549167332,1
0,1,0.9981391042378196,1
0,1,0.9987900879900956,1
2,4,0.998824247454191,1
2,4,0.9993177434709386,1
4,0,0.9956996853089959,3
4,0,0.9979173244319326,3
0,1,0.9988618814850377,1
4,0,0.9957525327529444,3
2,4,0.9992997561994273,1
2,4,0.9970778008633729,1
4,0,0.9944088222706151,3
1,2,0.9999999909250394,0
4,0,0.9997372479981054,-1
0,1,0.9994244842135669,1
2,4,0.9999699174058867,1
4,0,0.9947672444972252,3
0,1,0.9985232666984782,1
0,1,0.9989905531229373,1
2,4,0.9991449353300678,1
1,2,0.9999999909250394,0
1,2,0.9999999909250394,0
2,1,0.99147567359592,1
1,2,0.999999989152782,0
2,4,0.9998873080923919,1
0,1,0.9989276412810033,1
0,1,0.9989713782896223,1
2,4,0.9995251004991699,1
0,1,0.9954812169740476,1
2,4,0.999656404196053,1
2,4,0.9990156471876904,1
2,1,0.9939097420856114,1
0,1,0.9993991615037716,1
3,1,0.9936038272319514,1
0,1,0.9979542982723707,1
0,1,0.9986853056333523,1
2,4,0.9984039532731934,1
4,0,0.9978965205805583,3
0,1,0.9983725797267913,1
2,4,0.9989335295725118,1
2,4,0.9986312796831013,1
0,1,0.9986639760074919,1
4,0,0.9932526410049323,3
4,0,0.9950221440585565,3
0,1,0.9987349804794792,1
2,4,0.9981696039508527,1
0,1,0.9974539679673146,1
2,4,0.9992339301115734,1
4,0,0.9956830644152422,3
0,1,0.9995147001158227,1
0,1,0.9990035318952475,1
0,1,0.9990074760356615,1
2,4,0.9998334867054869,1
2,4,0.9969079738833001,1
4,0,0.9997003155764839,3
2,4,0.9961658704017587,1
0,1,0.9988184405801983,1
0,1,0.9980782706535439,1
2,4,0.9998096983031347,1
0,1,0.9996403448677841,1
2,0,0.9910955469424054,3
0,1,0.9990502471398595,1
2,0,0.9482531391367222,3
0,1,0.9985613994051692,1
2,4,0.9984909755190188,1
0,1,0.9981855594678112,1
0,1,0.9990820609024909,1
2,4,0.9987600474693584,1
2,4,0.9925121733338101,1
2,4,0.9968491641645385,1
2,4,0.9980180812367118,1
0,1,0.9986215902427147,1
1,2,0.9999999909250394,0
3,1,0.9715303349409079,-1
2,4,0.99857377877741,1
2,4,0.9985016434680632,1
4,0,0.9988471486089059,3
4,0,0.5344046829308361,3
2,1,0.9937585771352614,1
4,0,0.9900983737286482,3
4,0,0.9983445939114823,3
4,0,0.9831062515979581,3
0,1,0.9994901079015868,1
2,4,0.9996732284939543,1
0,1,0.9990623265475072,1
2,4,0.9978636335743161,1
0,1,0.9993455697596987,1
4,0,0.9774004126616728,3
0,1,0.9997744414811629,1
2,4,0.9997657666900486,1
3,1,0.5084973775309405,1
0,1,0.9978636604157703,1
2,4,0.9993787119313302,1
2,4,0.9984611961400314,1
0,1,0.9990592296689441,1
4,0,0.9977954943411997,3
2,4,0.9917420507697339,1
4,0,0.9875265576766632,3
2,4,0.9992576786567616,1
2,4,0.999326257736838,1
2,4,0.9967991144570656,1
2,4,0.9969083543849893,1
4,0,0.9784883910946374,3
0,1,0.9994330104497344,1
0,1,0.9973158152420336,1
2,4,0.9992094360990995,1
2,4,0.9994050179393393,1
2,4,0.9979742014061943,1
2,4,0.9980227047294066,1
2,4,0.9978701420086162,1
2,4,0.9959143618493586,1
4,0,0.998701050309865,3
2,4,0.9986061315072167,1
0,1,0.998620901900984,1
2,4,0.9998995661321242,1
2,4,0.9999873232286108,1
2,4,0.9999864190539675,1
0,1,0.9960863886518123,1
2,1,0.9914176978082806,1
2,4,0.9998673384629023,1
4,0,0.9947843214637995,3
0,1,0.9994215612481336,1
4,0,0.9984895098405643,3
0,1,0.9991733662882852,1
2,4,0.999245735159752,1
2,4,0.9991849128690169,1
0,1,0.998049286165596,1
2,4,0.9930049836909765,1
0,1,0.9977970284700196,1
2,4,0.9578271852465506,1
2,4,0.9996634182908546,1
2,4,0.9972208843739649,1
2,4,0.9981973277415462,1
0,1,0.9986660986795803,1
0,1,0.9981373212501155,1
1,2,0.9999999909250394,0
2,4,0.997319802875036,1
2,4,0.9999569979968401,1
0,1,0.9982350167077204,1
3,3,1.0,2
4,0,0.9989949781375403,3
0,1,0.998378277913054,1
2,4,0.9991067175267019,1
4,0,0.9978916292138527,3
2,4,0.9999841766287589,1
2,4,0.9999698957524341,1
2,4,0.9992983053136609,1
2,1,0.9774632779034848,1
2,4,0.9999918989158059,1
3,1,0.882172931642959,1
2,4,0.9883793866519084,1
4,0,0.9942379981557276,3
4,0,0.9911779550289309,3
2,4,0.9986294796669101,1
0,1,0.9978409531550946,1
0,1,0.9983442568421733,1
0,1,0.9989333323251222,1
0,1,0.9984657207058727,1
0,1,0.9995467265473621,1
0,1,0.9974719131318116,1
3,1,0.9992827688498863,1
2,4,0.9978192095194705,1
2,4,0.9988846522181957,1
4,0,0.9890737376136806,3
0,1,0.9975509160037201,1
0,1,0.999343376474607,1
2,4,0.9862126231251929,1
2,4,0.9999653895509713,1
2,4,0.9993580754827606,1
2,4,0.9992409208077851,1
2,4,0.9994920755665304,1
0,1,0.998349566529311,1
3,3,0.9999951274361272,-1
2,0,0.9973365112074575,3
2,4,0.9993717603096663,1
2,4,0.9998053786645633,1
2,4,0.9960440773380763,1
2,4,0.9962074991080402,1
2,4,0.9982940023955628,1
0,1,0.9978717631582461,1
2,4,0.9998746240522041,1
4,0,0.9697189477333126,-1
2,4,0.9959279120591243,1
0,1,0.9991340525548486,1
4,0,0.9976622132133119,3
0,1,0.9973807433904736,1
0,1,0.9994529976397476,1
4,0,0.9855924479740248,3
2,4,0.9999877835734967,1
1,2,0.999999989152782,0
4,0,0.9979578610980702,3
0,1,0.9976553223589052,1
0,1,0.9997891264605614,1
3,1,0.9994381886887617,1
2,4,0.9996888487230557,1
0,1,0.9984192546409505,1
1,2,0.9999999909250394,0
2,4,0.9956523916873995,1
2,4,0.9999864190539675,1
2,4,0.9999324240463044,1
2,4,0.999897461818102,1
4,0,0.9962284249179273,3
4,0,0.9944089788708669,3
0,1,0.9986464877759048,1
0,1,0.9967602015452002,1
4,0,0.9948016484161122,3
2,4,0.999804403128355,1
0,1,0.9989598915004111,1
4,0,0.9951994300854821,3
0,1,0.9866701129584742,1
4,0,0.9924748543243065,3
0,1,0.999154197575687,1
3,1,0.9990439647985565,1
2,4,0.998885174173451,1
3,1,0.9985665250718578,1
4,0,0.9950291220885327,3
0,1,0.9972918428177513,1
2,4,0.999971172951067,1
2,4,0.9990065796501825,1
0,1,0.9982358838244025,1
0,1,0.9995197361724898,1
4,0,0.9959250793124503,3
0,1,0.9981610870578838,1
2,4,0.9999191780158937,1
0,1,0.9997686704608507,1
2,4,0.999404400809213,1
4,0,0.9989297100691918,3
2,4,0.9962136539356051,1
0,1,0.9973170642028705,1
2,4,0.9976174530273868,1
2,0,0.9975445393345959,3
2,4,0.9971987196542009,1
0,1,0.9983337798254179,1
2,4,0.999396790729555,1
3,1,0.7193979258764992,1
2,0,0.9964626339877422,3
1,2,0.9999999909250394,0
0,1,0.9981184871867576,1
0,1,0.9992091698429032,1
2,4,0.9988966833969357,1
0,0,0.9953330739798932,3
1,2,0.9999999909250394,0
2,4,0.999989903587159,1
2,4,0.9994306315868672,1
0,1,0.9962986193962372,1
0,1,0.998750232892217,1
3,3,1.0,-1
4,0,0.9966350796839742,3
0,1,0.9976940767696598,1
1,2,0.9999999909250394,0
2,4,0.998691200691848,1
2,4,0.9948304757178482,1
0,1,0.9990592166340126,1
4,0,0.9989569600549867,-1
1,2,0.9999999909250394,0
0,1,0.9988360777088025,1
2,1,0.9188771690149915,1
2,4,0.9947687253461733,1
2,4,0.9992830076090614,1
2,4,0.9985342409975387,1
2,4,0.9991341937572388,1
2,4,0.9979893605276512,1
0,1,0.9959916882397927,1
4,3,0.7588743777425639,3
4,0,0.9944088584168813,3
4,0,0.9982358215530795,3
2,4,0.9998725310312755,1
2,1,0.9544107045100761,1
4,0,0.9956647774777699,3
2,0,0.9913407225040628,3
2,4,0.9999004112746744,1
2,4,0.99810699315264,1
0,1,0.998290338675825,1
2,4,0.9983933019216491,1
2,4,0.9942103032133416,1
0,1,0.9989313892315637,1
2,4,0.9997849685917762,1
2,4,0.9989712084753462,1
0,1,0.9967077224130604,1
0,1,0.999704294094917,1
2,4,0.999164104170934,1
2,4,0.9991503538382428,1
3,1,0.9823699155811162,1
2,4,0.9998982856087199,1
0,1,0.999277022024566,1
2,1,0.9301824535865124,1
0,1,0.9984800670460809,1
0,1,0.9986584657879048,1
2,4,0.9961551116066306,1
3,3,0.7511322914051872,-1
0,1,0.9969476040043511,1
0,1,0.9993533815293283,1
4,0,0.9766648940820171,3
0,1,0.9996872165545556,1
2,4,0.9983971148117899,1
2,1,0.9809713643091049,1
2,4,0.9999743181564633,1
2,4,0.9996496873072909,1
4,0,0.9975623213324437,3
4,0,0.9977652614616502,3
2,0,0.9923720203573111,3
4,0,0.9957137222389048,3
2,4,0.9988883066964337,1
2,4,0.9976592829851604,1
2,4,0.9999858031115829,1
4,0,0.9983283288592205,3
2,4,0.9969400554886609,1
4,0,0.998725277924158,3
2,4,0.999892083748008,1
2,4,0.9992905862538504,1
2,4,0.9991752003694729,1
2,4,0.999073239847274,1
4,0,0.9956353158789675,3
4,0,0.9989321435130616,3
0,1,0.9992143685637938,1
2,4,0.9997181783063462,1
2,1,0.9955434164116072,1
0,1,0.9993020201397517,1
4,0,0.9952330802745251,3
3,1,0.9932785374648558,1
2,4,0.9966751241196531,1
2,4,0.9987862099590407,1
2,4,0.9997633075069544,1
4,0,0.9980595948383424,3
0,1,0.9995021135318013,1
2,4,0.9984392990633171,1
2,1,0.9964916230981057,1
3,3,0.84505842605808,-1
4,0,0.998288822305782,3
2,4,0.9997671474921866,1
4,0,0.9942013824480541,3
2,4,0.9997552714956323,1
0,1,0.9989650082848321,1
2,4,0.9994456545489567,1
0,1,0.9958700565120341,1
4,0,0.9971660032012813,3
4,0,0.9956164790276827,3
4,0,0.9969461505176629,-1
3,0,0.6964202192978223,-1
0,1,0.9971509040778842,1
2,4,0.9915822333155786,1
1,2,0.9999999909250394,0
0,1,0.9984923704229188,1
2,4,0.9994674959284932,1
0,1,0.9967566625956342,1
2,4,0.9959075651565388,1
1,2,0.9999999909250394,0
2,4,0.9999919024006722,1
1,4,0.9947657116410016,1
0,1,0.9992006190261727,1
4,0,0.9807955130068201,3
4,3,0.69094289223012,3
0,1,0.9990417100198272,1
4,0,0.9858506464971256,3
0,1,0.9987383555266367,1
2,4,0.999982979940329,1
1,2,0.9999999707691196,0
3,1,0.9996504137450142,1
2,4,0.9995744637840085,1
1,2,0.9999999909250394,0
4,0,0.9996068208720554,3
1,2,0.9999999909250394,0
2,4,0.9993375966870414,1
0,1,0.9993741159474048,1
0,0,0.9913088798433985,3
4,0,0.9973672037098428,3
1,2,0.999999989152782,0
0,1,0.9996789369281445,1
2,4,0.9977334035399918,1
0,1,0.9989199193777755,1
0,1,0.998982729387104,1
0,1,0.9994007815713173,1
2,4,0.9938660698432084,1
1,2,0.999999989152782,0
2,4,0.9995662475397508,1
0,1,0.9994360364241307,1
2,4,0.9996693701865906,1
4,0,0.9949445759845811,3
0,1,0.9989241801370455,1
2,4,0.9979487674936979,1
2,4,0.9993813509443151,1
0,0,0.9935214777530981,3
0,1,0.9974390884858163,1
0,1,0.9997225245625757,1
2,4,0.9995345093429593,1
2,4,0.9910651336039367,1
0,1,0.9974304390429952,1
2,4,0.9928235111948707,1
0,1,0.9987522710785579,1
1,2,0.9999999909250394,0
0,1,0.9997425708083594,1
2,4,0.9990634195925037,1
0,0,0.9939712711187442,3
3,3,0.8300206569743716,-1
2,0,0.9944133571701428,3
2,4,0.9973141594976727,1
0,1,0.9982562986373655,1
0,0,0.9905284650109366,3
1,2,0.9999999909250394,0
3,1,0.9990681962825421,1
0,1,0.9975773606674748,1
0,1,0.9981422672245113,1
0,1,0.9986558118473444,1
2,4,0.9999135885452719,1
4,0,0.9581246383181371,3
1,2,0.9999999909250394,0
4,0,0.9972033853119718,3
2,4,0.9994521920915251,1
2,0,0.9946075378261492,3
2,4,0.9998606741961067,1
2,4,0.9997364815174351,1
0,1,0.9993386945210114,1
3,1,0.9914160676518186,1
2,4,0.9988493066936265,1
4,0,0.9945137073314888,3
2,4,0.9991742348722001,1
2,4,0.9987163878820073,1
2,4,0.9997461070491399,1
2,4,0.9996537366933417,1
0,1,0.9994659906863604,1
2,4,0.9996683082066705,1
2,4,0.9998976444247525,1
2,4,0.9996113782707441,1
0,1,0.9976098896044302,1
2,4,0.9955917732584125,1
2,4,0.9988839604640036,1
0,1,0.9991493220763205,1
2,4,0.9993227577522696,1
4,0,0.9966687206210001,3
2,4,0.9994050628837066,1
4,0,0.994895863577183,-1
2,4,0.9888020573981628,1
0,1,0.9933754660026332,1
0,1,0.9982275020688504,1
2,4,0.9992272840797789,1
2,4,0.9947987019063457,1
2,4,0.9995399938492625,1
1,2,0.9999999909250394,0
0,1,0.9989826870840478,1
0,1,0.9986719522588675,1
0,1,0.9969288398582045,1
2,4,0.9988741731498171,1
0,1,0.9976167180560872,1
0,0,0.8315028979965261,-1
0,1,0.9994359473009118,1
4,0,0.9939772423121251,3
0,1,0.9992296387098168,1
1,2,0.9999999909250394,0
4,0,0.9977065473420758,3
1,4,0.999427603928943,1
2,4,0.9990541362787667,1
2,4,0.9982882823458279,1
0,1,0.999495345602197,1
2,4,0.9998963980807313,1
0,1,0.9989704487080908,1
0,1,0.9984282378799588,1
2,4,0.9991628230652049,1
1,4,0.9995771578685924,1
2,4,0.9998921559017884,1
2,4,0.998826575313927,1
2,4,0.998237063680302,1
4,0,0.9984364597084691,3
3,1,0.9963058732352679,1
0,1,0.9991574553431387,1
1,2,0.9999999909250394,0
2,4,0.9939800217418939,1
0,1,0.9979994720176836,1
2,4,0.9988494558296047,1
4,0,0.9947409480367929,3
4,0,0.9921535577035272,3
3,1,0.9991143226326923,1
1,2,0.999999989152782,0
1,4,0.9993795413430404,1
4,0,0.9861659469205644,3
4,0,0.9961664053688969,3
4,0,0.9982286829104093,3
2,4,0.9999873232286108,1
2,0,0.9908193127955344,3
2,4,0.9998454108216719,1
0,3,0.5883987958277317,1
2,4,0.9994739199814042,1
2,4,0.9985369082346837,1
4,3,0.5378265624693214,3
0,1,0.9988237951298613,1
4,0,0.9210119787007774,3
3,1,0.6553661883158128,1
2,4,0.9999845588729604,1
2,4,0.9987113375483802,1
2,4,0.9993541396890152,1
4,0,0.9996548961809552,-1
0,1,0.9990442794624013,1
2,4,0.9985359202245703,1
4,0,0.9980993947013886,3
0,1,0.9991903607712568,1
0,1,0.9995742726075973,1
1,2,0.9999999909250394,0
0,1,0.9986146743010462,1
4,0,0.9856022400660089,3
2,4,0.9991432467768339,1
0,1,0.997398677715727,1
2,1,0.9801497732564021,1
2,4,0.9999632613702197,1
0,1,0.9988258645922597,1
0,1,0.9997601462012637,1
4,0,0.9967786399274037,3
0,1,0.9990656040035749,1
1,3,1.0,-1
4,0,0.9942446121143468,3
0,1,0.9997340464627389,1
0,1,0.9995553278798062,1
0,1,0.9989192389731175,1
2,4,0.9993421857472495,1
2,4,0.999670395286843,1
0,1,0.999469000798226,1
2,4,0.9993144821819072,1
2,4,0.9997574003132943,1
2,4,0.9998790502177036,1
2,4,0.9998192550103957,1
2,4,0.9977947694667253,1
0,0,0.9261889878696423,3
4,0,0.9938815190371749,3
4,0,0.9985948521817779,3
2,4,0.9983739975880215,1
2,4,0.997764711302609,1
2,0,0.9964093879635393,3
3,3,0.6411148423793862,-1
2,4,0.9992724305756703,1
0,1,0.9983339007857737,1
2,4,0.9998645745945199,1
4,0,0.994253666550717,3
0,1,0.9984973544430781,1
0,1,0.9994788250482346,1
3,3,0.9848963123909386,-1
1,2,0.9999999909250394,0
2,4,0.9992852026879663,1
4,0,0.9994973160568128,3
4,0,0.9928281545711501,3
0,1,0.9982324499300763,1
4,0,0.9994531669657104,3
0,1,0.9994190321057792,1
2,4,0.9999788597367508,1
4,0,0.9984588021934413,3
2,4,0.9996951918875712,1
2,4,0.9987455233566249,1
3,1,0.9991158172274904,1
0,1,0.9993247772008106,1
2,4,0.9993768933341841,1
3,1,0.8731712574603024,-1
0,1,0.9990887142347212,1
2,4,0.9912149470609248,1
2,4,0.9994435095452541,1
4,0,0.9467057549143655,-1
2,4,0.9999010607805594,1
1,2,0.999999989152782,0
2,4,0.9989913102851781,1
4,0,0.9974489616686034,3
2,4,0.9999395254718202,1
0,1,0.9890592304774175,1
2,4,0.9993523246281474,1
2,4,0.9986580675689091,1
0,1,0.9996622118757932,1
2,4,0.9975519624945449,1
4,0,0.9967029937400771,3
0,1,0.9986999541249136,1
2,4,0.9992393020376751,1
2,4,0.9983034497742936,1
0,1,0.9979347946662245,1
2,4,0.9997662118463286,1
2,4,0.9952050066142564,1
2,1,0.9305048415687551,1
2,4,0.9999260241823528,1
0,1,0.9992978744639333,1
0,3,0.5217479129167555,-1
1,2,0.9999999909250394,0
4,0,0.9966130557140128,3
4,0,0.9983783665953543,3
2,4,0.9987413592941997,1
4,0,0.9867302128288796,3
1,2,0.9999999909250394,0
4,0,0.9989154962276025,3
2,4,0.9992526609268978,1
2,4,0.999349148982245,1
4,0,0.9980778434179246,3
4,0,0.9980753859219169,3
0,1,0.9997512175384137,1
2,4,0.9999798429369402,1
2,4,0.9999868972425073,1
1,2,0.9999999909250394,0
4,0,0.9785735721244622,3
2,4,0.9993147022691674,1
4,0,0.9984820340977439,3
2,4,0.9990631758993437,1
2,4,0.9996768815358179,1
2,4,0.9982483432100352,1
0,1,0.998160838160083,1
4,0,0.9871790647068295,3
2,4,0.9976601699020565,1
3,1,0.9985580058513863,1
0,1,0.99836200233806,1
0,1,0.9990844473842901,1
0,1,0.9980716470795413,1
2,4,0.9980803894690664,1
2,1,0.9848856705901392,1
2,4,0.999295583380494,1
4,0,0.9929697542067091,3
0,1,0.9991568826931617,1
0,0,0.9881880528093834,3
4,0,0.9941413742404904,3
1,2,0.9999999909250394,0
4,0,0.9960936391910326,3
2,0,0.9929739528902183,3
4,0,0.9973245739656197,3
4,0,0.9976918864180362,3
0,1,0.9994329051053057,1
2,4,0.9983563266836437,1
2,4,0.9976285206628849,1
2,4,0.9996368125778278,1
1,2,0.9999999909250394,0
0,0,0.9743901792798938,3
1,2,0.9999999909250394,0
3,1,0.9688213111555903,1
0,1,0.9986360336257855,1
4,0,0.9956494035621019,3
2,4,0.9984298209975035,1
4,0,0.9964306083769697,3
2,4,0.99979716125568,1
0,1,0.9991274913442068,1
2,4,0.9994650957240313,1
2,4,0.9998342872385091,1
2,4,0.9991656404497646,1
0,1,0.9974125720643534,1
2,4,0.9940229011042901,1
2,4,0.9867873109082121,1
0,1,0.9980088287608727,1
4,0,0.9979986286236542,3
2,4,0.9992826607533601,1
2,4,0.9978796017164882,1
3,3,0.9999995732973965,-1
3,1,0.9988166394613679,1
2,4,0.9991808519609541,1
2,0,0.9965861733102291,3
2,4,0.9989831518687564,1
3,3,0.9999986698110278,-1
1,3,1.0,-1
2,4,0.9994495918124481,1
2,4,0.9967677961548896,1
2,4,0.99997297470231,1
0,1,0.9997091250738349,1
1,2,0.9999999909250394,0
2,1,0.9975374611743311,1
2,4,0.9999824308248529,1
2,4,0.9902923140378779,1
0,1,0.9969926280434922,1
4,0,0.986391205970582,3
2,4,0.9999877835734967,1
2,4,0.9998127412873595,1
4,0,0.9975639506730466,3
0,1,0.9991257995592597,1
2,4,0.9991892501534904,1
4,0,0.9953537633403173,3
2,4,0.9997184774436663,1
2,1,0.9953060712904105,1
0,1,0.9996382255610953,1
2,4,0.9983218866991868,1
2,4,0.9999870905077055,1
2,4,0.9978111140249306,1
2,4,0.9995438410410299,1
2,4,0.9997631838878935,1
2,4,0.9998952803962531,1
2,4,0.9999714255100527,1
4,0,0.9991043288339307,3
2,4,0.9968288746900252,1
1,2,0.9999999909250394,0
2,4,0.9993983360449306,1
4,0,0.9989331436565326,3
1,4,0.9974843233084227,1
1,2,0.9999999909250394,0
4,0,0.9989286085178044,3
2,4,0.9966037062638115,1
4,0,0.9959728150620366,3
4,0,0.9977455969775523,3
4,0,0.9977506113378084,3
0,1,0.998085174004258,1
1,2,0.9999999707691196,0
1,2,0.9999999909250394,0
3,1,0.9931733186268001,1
2,4,0.999887529075479,1
2,4,0.9973869376327122,1
2,4,0.9997412899322863,1
4,0,0.9965343554703353,3
0,1,0.9989020974619959,1
2,4,0.998940719646644,1
2,4,0.999817550131678,1
2,4,0.9988744368096616,1
0,1,0.9989548677533792,1
2,1,0.9960104391708833,1
2,4,0.9959299389202938,1
1,2,0.9999999909250394,0
0,1,0.9985990859621415,1
2,4,0.9993533856883555,1
0,1,0.9988880458171114,1
0,1,0.9994713864177441,1
2,4,0.993514334797308,1
2,4,0.9998807289517884,1
0,0,0.9888208917147192,3
1,2,0.999999989152782,0
4,0,0.8594637137915672,-1
1,2,0.9999999909250394,0
4,0,0.9946489562113332,3
2,4,0.9963189063778681,1
4,0,0.9984578754631298,3
2,4,0.9990563519498833,1
1,2,0.9999999707691196,0
2,4,0.999124527438825,1
2,4,0.9991408897256271,1
2,4,0.9956166121125838,1
0,1,0.9988852265073384,1
2,4,0.9997453059764076,1
2,4,0.9991610804602742,1
0,1,0.9987348201465239,1
4,0,0.998626085926597,3
0,1,0.9984260376145917,1
0,1,0.9997761150983668,1
4,0,0.9980533092523386,3
4,0,0.9987709242507861,3
0,1,0.9962800566997309,1
0,1,0.995732181456807,1
4,0,0.9988274000292959,-1
2,4,0.9985262674488314,1
2,4,0.9997042902458232,1
2,4,0.9991185696662334,1
2,4,0.99835418206479,1
0,1,0.9982279138555266,1
4,0,0.9958994682775605,3
2,4,0.9985864487075405,1
0,1,0.9992713526546358,1
4,0,0.9985612579083144,3
3,1,0.9993989465119074,1
2,4,0.9982354675450216,1
2,4,0.9986915424998266,1
4,0,0.9981396431183621,3
2,4,0.9916148502568287,1
0,1,0.9983564449670753,1
2,4,0.9998892956153641,1
2,1,0.9835213509912167,1
4,0,0.9886285731339371,3
4,0,0.9969241683096912,3
3,1,0.9993504909398193,1
4,0,0.9982300229833803,3
4,0,0.9966861550237005,3
0,1,0.9978095280410639,1
1,2,0.999999989152782,0
2,1,0.9974685300125103,1
2,4,0.9999558890080342,1
1,2,0.9999999909250394,0
4,0,0.9821177167784775,3
2,4,0.999596952762147,1
4,0,0.9983235462572262,3
2,4,0.9972211508898028,1
4,0,0.9720958364486195,3
2,4,0.999959669891966,1
4,0,0.9821310088320151,3
0,1,0.998439409823242,1
4,0,0.9979848760951489,3
4,0,0.9972181061767029,3
1,2,0.9999999909250394,0
0,1,0.9985078822229424,1
2,4,0.9998201948578516,1
2,4,0.9988900666957233,1
2,4,0.990334995509396,1
3,1,0.8618247489595978,1
4,0,0.9927159361731057,3
3,0,0.500336239035343,-1
2,4,0.9999921041130163,1
4,0,0.9995831006777752,3
4,0,0.9956100683583095,3
0,1,0.9965755841436615,1
4,0,0.9944332391242422,3
3,1,0.9246213515107243,1
0,1,0.9977091196465502,1
3,1,0.9994506335198232,1
2,4,0.9997579396418167,1
0,1,0.9967633265134181,1
0,1,0.9985343177218255,1
2,4,0.9998876049639244,1
0,1,0.9989008834665712,1
2,1,0.9972368008197393,1
4,0,0.996325470380666,3
2,4,0.9987544687438384,1
0,1,0.9974122225464807,1
2,4,0.9992655098602228,1
2,0,0.9958323702482343,3
2,4,0.9995239215946571,1
2,1,0.9951477382430408,1
0,1,0.9991248083932579,1
3,1,0.8035936494047391,1
0,1,0.9989519007112773,1
2,4,0.9999929554609338,1
0,1,0.9983531447516342,1
2,4,0.999394516436486,1
0,1,0.9994738876363239,1
0,0,0.9605011167811429,3
2,4,0.9952315104352052,1
2,4,0.9998602976187518,1
0,1,0.9994856604285091,1
2,4,0.9995544467540994,1
4,0,0.9949481615547625,3
4,0,0.9993730393588006,3
2,4,0.9999915911534701,1
0,1,0.9986847355945053,1
2,4,0.9998548723992228,1
0,0,0.9952608175366358,3
0,1,0.9976535760189792,1
4,0,0.7706881068671118,3
0,1,0.9926753895118254,1
0,1,0.9989926834751623,1
2,4,0.9997710654448918,1
0,1,0.9991741977969866,1
4,0,0.9850094459635611,3
0,1,0.9997244604848649,1
0,1,0.9997976164940786,1
2,4,0.9999902262921095,1
2,4,0.998433292191314,1
2,0,0.9968203201331538,3
2,4,0.9992243210874754,1
2,4,0.9990307503310778,1
2,4,0.9990860195480962,1
4,0,0.9994101802073798,3
2,0,0.9845627198941556,3
4,0,0.9969803575042753,3
0,1,0.9993283116215832,1
2,4,0.9999890328281835,1
2,4,0.9995938364118866,1
0,1,0.99923148676168,1
1,4,0.9997742184875876,1
4,0,0.9972988258153896,3
2,4,0.9996811959271779,1
2,4,0.9999048022643405,1
2,4,0.9993124498897668,1
2,4,0.9999919190837854,1
0,1,0.9989287034194292,1
2,4,0.999719309756777,1
0,1,0.9974588432519924,1
2,4,0.9995065109169523,1
2,4,0.9997999120521148,1
0,1,0.9992222607095879,1
2,4,0.9977942129471558,1
3,1,0.9532919350064205,1
2,4,0.9996531976615889,1
2,4,0.9993844744258981,1
2,4,0.9988067701966419,1
3,3,0.9973946303622446,-1
4,0,0.9962990128726535,3
2,4,0.9999494481484997,1
2,4,0.9993085806421678,1
0,1,0.9996381735364067,1
4,0,0.996751195673868,3
0,1,0.9976000383038185,1
0,1,0.9988847559341766,1
3,3,0.998125675373745,-1
2,4,0.9985061227498061,1
0,1,0.999331546771032,1
0,1,0.9964427995901771,1
0,1,0.9978111008287417,1
4,0,0.9957870866963316,3
4,0,0.9983857793955497,3
2,4,0.9974576684278941,1
2,4,0.9998575185865115,1
4,0,0.9978444796290354,3
4,0,0.9978588211112165,3
0,1,0.9983548100317898,1
3,3,0.9999485410350963,4
1,2,0.999999989152782,0
4,0,0.9973697863632834,3
2,4,0.9905736528146483,1
2,4,0.9989429834696356,1
2,4,0.9983429440588925,1
0,1,0.9988031258666503,1
3,1,0.6066911585563063,1
2,4,0.999476743384202,1
2,4,0.9992663094865296,1
2,4,0.9998331729267592,1
0,1,0.9974109405024552,1
0,1,0.9982989714400838,1
4,0,0.9958620592940327,3
1,2,0.9999999909250394,0
0,1,0.9996718202414024,1
4,0,0.9944451585579386,3
2,4,0.9991954161924747,1
2,4,0.9993625242382328,1
2,3,0.9992127832723179,-1
2,4,0.9991610329610322,1
1,2,0.9999999707691196,0
2,4,0.999862006602494,1
2,4,0.9994682649953371,1
2,4,0.9966351671639769,1
2,1,0.9936658822848025,1
0,1,0.9995430592069737,1
2,4,0.9991143419447023,1
2,4,0.9969408274400048,1
4,0,0.9992725228720436,3
0,1,0.9997214846171373,1
4,0,0.9939833415651648,3
2,4,0.9999926198508083,1
0,1,0.9991445547398271,1
2,4,0.9990580504044825,1
2,4,0.9974512276213018,1
4,0,0.9972288640663683,3
2,4,0.9991161484020967,1
3,3,0.6295032907350042,-1
2,4,0.9981610160582011,1
0,1,0.9991254257627846,1
2,4,0.9979969487716712,1
4,0,0.9974250976234407,3
3,1,0.9983142522307114,1
4,0,0.9922643368695401,3
4,0,0.995848673965054,3
2,4,0.9998414910390938,1
0,1,0.9995607739477748,1
0,1,0.9994289309638963,1
0,1,0.998727909354481,1
0,1,0.9997326621636947,1
2,4,0.9989212205597882,1
0,1,0.9990403653307343,1
2,4,0.9999890586592446,1
3,1,0.9990015792857848,1
2,4,0.9962638143580188,1
2,4,0.9994812203164716,1
4,0,0.9989672398629691,3
0,1,0.9988304191733027,1
0,1,0.9986958468665299,1
2,4,0.9993888233840529,1
2,4,0.9999697435664098,1
2,4,0.9921670204206277,1
4,0,0.9891654980811052,3
2,4,0.9999838898645329,1
2,4,0.9994274720753964,1
2,4,0.9996015550117142,1
4,0,0.9940020992905639,3
2,1,0.996701574481493,1
0,1,0.9971342122851323,1
0,1,0.9988790450503795,1
0,1,0.9996556582673589,1
4,0,0.9983774947253732,-1
0,1,0.9988360236176829,1
2,4,0.9999506535920748,1
2,4,0.9997203875198687,1
4,0,0.9981948557226616,3
2,4,0.9984397701624508,1
2,4,0.9980117780318942,1
2,0,0.9964709446813574,3
2,4,0.99968737412295,1
1,2,0.9999999909250394,0
4,0,0.9981745750064253,3
4,0,0.9994887213476216,3
0,1,0.9990391366797522,1
4,0,0.9964112716860604,3
4,0,0.9963459700507982,3
0,1,0.9991220559521131,1
0,1,0.9996749446445788,1
2,4,0.996860719737012,1
2,4,0.9992084993866608,1
3,0,0.5645441707615109,3
0,1,0.9992937325947818,1
2,4,0.9997623345682178,1
4,0,0.9950244733902845,3
2,4,0.9978135006338066,1
3,1,0.9967543158142554,1
0,1,0.9961843130132872,1
4,0,0.9667537502081585,3
2,4,0.9999547916586766,1
0,1,0.9979802836545423,1
0,0,0.9853766138503868,3
2,4,0.9918058854843347,1
2,4,0.9954962796761775,1
2,4,0.9970451719077654,1
3,1,0.9968224767733346,1
0,1,0.9980330072898528,1
3,3,0.9995022170237395,-1
2,4,0.9991009573034731,1
0,1,0.9924328689212913,1
1,2,0.9999999909250394,0
4,0,0.9937391509385931,3
2,4,0.9995752024427823,1
0,0,0.9791539986903564,3
0,1,0.9990470301665336,1
2,4,0.9991066892586267,1
2,4,0.9974818039055753,1
0,1,0.9995476098467093,1
2,0,0.9957757516211961,3
0,1,0.9984351372975496,1
2,4,0.9991171459733141,1
2,4,0.9991420362693199,1
2,4,0.99954131925794,1
2,4,0.9993299660007335,1
2,4,0.9995007865521041,1
4,0,0.9989815175078178,3
3,1,0.9996053631291443,1
4,0,0.9835507774408944,3
0,1,0.9976414295965802,1
1,2,0.9999999909250394,0
2,4,0.9995048594412881,1
0,1,0.9996667834284955,1
4,0,0.9988077831453561,3
0,1,0.9991454324409546,1
2,4,0.9897896112309554,1
0,1,0.9989724339402003,1
2,4,0.9998706631354533,1
0,1,0.9983347760630317,1
2,4,0.9927262165602347,1
2,4,0.9999840627098611,1
1,2,0.9999999909250394,0
0,1,0.9978028089119833,1
2,4,0.9998793915737751,1
2,4,0.9989764900961177,1
2,4,0.997780211014282,1
4,0,0.9966933516138445,3
2,4,0.9995630898044037,1
2,4,0.9980638866998034,1
3,1,0.8721784315048765,1
2,4,0.9974187995117716,1
4,0,0.9954510226319662,3
2,4,0.9948613581915223,1
0,1,0.9989053500684206,1
0,1,0.9961811417846241,1
1,2,0.9999999909250394,0
2,4,0.9830731045931153,1
0,1,0.99801095430712,1
0,1,0.9974076260557773,1
0,1,0.9981684451355549,1
2,4,0.999591147233452,1
2,4,0.9985070473845661,1
0,1,0.9971486496085812,1
2,4,0.9995541353719611,1
0,1,0.9978093045148025,1
4,0,0.9938125101868607,3
2,4,0.9962392322500228,1
4,0,0.998549308150944,3
0,1,0.9977111822946553,1
4,0,0.9944299065412753,3
0,1,0.999792155249317,1
4,0,0.9986931604362893,3
2,4,0.99945183710758,1
2,4,0.999305261826313,1
0,1,0.9989699686183894,1
0,1,0.9988597484830096,1
4,0,0.9928837899864921,3
2,4,0.999951621917015,1
2,4,0.9998697081708909,1
4,0,0.9927577337769898,3
1,2,0.9999999909250394,0
0,1,0.998367018948405,1
0,1,0.9980917896265838,1
3,1,0.9988262976973894,1
2,4,0.9980477776386074,1
4,0,0.991049724955691,3
0,1,0.9986529242611097,1
2,4,0.9999901892225664,1
4,0,0.9942399897911502,3
2,4,0.9986801365924685,1
4,0,0.9979415499316222,3
2,4,0.9999190762176446,1
2,4,0.999924894759578,1
2,4,0.9991925441008518,1
2,4,0.9986825788693636,1
0,1,0.9987208989297414,1
3,1,0.9989584920235632,1
4,0,0.9777200894339495,3
2,4,0.9981360874741336,1
0,0,0.9429624159715747,3
1,2,0.9999999909250394,0
0,1,0.999183664541286,1
3,1,0.9986728443668261,1
4,0,0.9989585564712002,3
2,4,0.9999906139948073,1
4,0,0.9947905955994902,3
4,0,0.998638399312858,3
0,1,0.996526756830394,1
2,4,0.9996809375977228,1
0,1,0.9985948355184135,1
2,4,0.9982967889459506,1
0,1,0.9993677135177425,1
4,0,0.9964592649992221,3
0,1,0.9983988108845508,1
2,4,0.9994734321343656,1
2,4,0.9983338473001476,1
4,0,0.9836077293252827,3
0,1,0.996866348257552,1
0,1,0.9990331270925137,1
1,2,0.9999999909250394,0
2,4,0.999769863009167,1
0,1,0.996581095930846,1
2,4,0.9999755953212602,1
2,4,0.9999810477496377,1
4,0,0.9946450505056281,3
0,1,0.9972641773594761,1
2,4,0.9998952803962531,1
2,1,0.9839110557104638,1
2,4,0.9994405643289979,1
4,0,0.9989366340447081,3
2,4,0.9999410550210616,1
2,4,0.9997372756151734,1
2,4,0.9997262319103138,1
0,1,0.9979046182311613,1
4,0,0.9904379326877121,3
4,0,0.9990409075165576,3
2,4,0.9985288893757295,1
0,1,0.9973518756144951,1
4,0,0.9944089498367423,3
1,2,0.9999999909250394,0
2,4,0.9998291103728711,1
1,2,0.9999999909250394,0
0,1,0.9945538580099023,1
2,4,0.9921723292890484,1
2,4,0.9994684564295523,1
2,4,0.9993705170798499,1
2,4,0.9998505586683543,1
0,1,0.9989558671654248,1
0,1,0.9970716317924322,1
2,4,0.9994213289618997,1
0,1,0.9986806746786466,1
1,2,0.9999999909250394,0
2,4,0.9997075698827378,1
0,1,0.999579697282966,1
0,0,0.9908289054799683,3
2,4,0.9992648105920083,1
3,3,0.7592870265916652,-1
3,1,0.8419822711521686,1
2,4,0.9994091183128606,1
0,1,0.9987609487563871,1
2,4,0.9992022093882326,1
2,4,0.9999843778080073,1
2,4,0.9999536860790483,1
2,4,0.9967692408178872,1
2,4,0.9999831592771535,1
2,1,0.9937939401439462,1
0,1,0.9979566169567377,1
4,0,0.9930439068454121,3
0,1,0.998621337551433,1
2,4,0.9999168856590384,1
1,2,0.9999999909250394,0
0,1,0.9945394369681859,1
0,1,0.9982946157640787,1
0,1,0.9980559765998192,1
2,4,0.998679177913615,1
2,4,0.999874156621434,1
4,0,0.9957496625776214,3
2,4,0.9996361270791395,1
2,4,0.9994860057398808,1
2,4,0.9996033454238525,1
2,4,0.9999871864192643,1
4,0,0.9936043112370525,3
1,2,0.9999999909250394,0
0,1,0.9994901479918222,1
2,4,0.9994634774903984,1
2,4,0.9988546310393669,1
2,4,0.9981043346047506,1
0,1,0.999288641113237,1
2,4,0.9991192965688619,1
2,4,0.9999543212381262,1
4,0,0.9956720635009833,3
4,0,0.9903874636681183,3
0,0,0.9942899759531347,3
4,0,0.9972278825712609,3
1,2,0.9999999909250394,0
0,0,0.8388289498007389,-1
2,4,0.9974730725683043,1
0,1,0.9993386259747956,1
2,4,0.9959390202359741,1
1,2,0.9999999909250394,0
0,1,0.9995859327152758,1
0,1,0.9997808275338504,1
4,0,0.9978692545696621,3
2,4,0.9999277048323735,1
2,4,0.9988152743981448,1
3,3,0.7056458774617014,-1
2,4,0.9993113270414103,1
0,1,0.9988617657847491,1
1,4,0.9993673226422478,1
2,4,0.9995763435596144,1
4,0,0.9973081013212234,3
4,0,0.9979495448355888,3
2,4,0.9993476182086476,1
2,4,0.999990970636909,1
2,4,0.9999921807259307,1
2,4,0.9990841907096354,1
4,0,0.9969510012870875,3
2,4,0.999902500936642,1
4,0,0.9986338716202396,3
4,0,0.9969839204365973,3
3,3,0.928513195018003,-1
0,1,0.9989265294335041,1
4,0,0.995279398099286,3
4,0,0.9938950520871985,3
2,4,0.9995827225716363,1
4,0,0.995481707081792,3
4,0,0.9965129830206327,3
0,1,0.9981796679998928,1
0,1,0.9971695662447411,1
1,2,0.9999999909250394,0
2,4,0.9986908710535263,1
2,4,0.999625507518528,1
2,4,0.9975908537861321,1
2,4,0.9987531601025454,1
0,1,0.999669669264116,1
2,4,0.9999818681020363,1
2,1,0.8859341394923436,1
2,4,0.9976877849271282,1
0,1,0.9994124883243015,1
1,2,0.999999989152782,0
4,0,0.9954508310823592,3
2,4,0.9947481873154651,1
4,0,0.9938253300607737,3
2,4,0.9984503516335187,1
0,0,0.996408474968271,3
2,4,0.9978616562416718,1
3,1,0.8923337031120961,1
2,4,0.9994426406705721,1
2,4,0.9995506712361151,1
4,0,0.955647250952982,-1
2,4,0.9968507974463736,1
2,4,0.9998233865515535,1
0,1,0.9984036257718484,1
2,4,0.9915211942934982,1
1,2,0.9999999909250394,0
4,0,0.8160951683394531,-1
2,4,0.9986225387433876,1
2,4,0.987166002806463,1
2,4,0.9996438687087192,1
4,0,0.9952478349356086,3
0,1,0.9990597101271288,1
4,0,0.9933957861906242,3
4,0,0.9929475313127132,3
0,0,0.994449776340686,3
2,4,0.9816784711454143,1
0,1,0.9995501395987914,1
0,1,0.9991074460068703,1
2,4,0.9964717268580335,1
2,4,0.9984786954113143,1
2,4,0.9988153516287949,1
2,4,0.9932331847780489,1
4,0,0.9952749177104044,3
4,0,0.9939043669022048,3
0,1,0.9989005894672578,1
0,1,0.9995483445803638,1
0,1,0.9982448947608569,1
4,0,0.9954178199791506,3
3,3,0.9999531299806431,-1
0,1,0.99936249953443,1
2,4,0.9999898456149748,1
4,0,0.9978677032253442,3
1,2,0.9999999909250394,0
2,4,0.9998631151835395,1
4,0,0.9966888497017045,3
0,1,0.999475989987413,1
0,1,0.996204323319497,1
1,2,0.9999999909250394,0
1,2,0.9999999909250394,0
2,1,0.993458393957931,1
2,4,0.9995784104314194,1
3,1,0.9885685003648074,1
2,4,0.9956084841675258,1
1,2,0.9999995981183906,0
4,0,0.9991333960835025,3
0,1,0.9983655310387533,1
2,4,0.9998278410326008,1
2,4,0.9998489781475898,1
0,1,0.9995898536835525,1
0,1,0.997529674445218,1
4,0,0.996883306103052,3
2,4,0.9992034507508605,1
2,4,0.9993639753143019,1
2,4,0.9975189161833413,1
1,2,0.9999999909250394,0
2,4,0.9998419144338186,1
3,1,0.7910848519392696,1
0,1,0.9991562926635679,1
4,0,0.9976564571487154,3
0,1,0.9996862144950976,1
2,4,0.9994620888062429,1
0,1,0.9989560268645349,1
4,0,0.9989823367943651,3
1,2,0.9999999909250394,0
0,1,0.9993037065937593,1
1,4,0.9943782421208524,1
3,3,0.9999712857171896,-1
1,2,0.9999999909250394,0
0,1,0.999120249186293,1
2,4,0.9981251690364413,1
0,1,0.9992051687760548,1
3,1,0.9989520992793376,1
3,3,0.6835314685208853,-1
0,1,0.998007041690548,1
2,4,0.9994061422109739,1
3,1,0.9994815654143568,1
2,4,0.990513061590025,1
2,4,0.9996390711104943,1
4,0,0.9886920863471224,3
4,0,0.9968287552198805,3
4,0,0.9990223816844447,3
4,0,0.9954936871714567,3
0,1,0.9989615055061474,1
4,0,0.9934048633925285,3
4,0,0.9978338975812423,3
0,1,0.9981710536391376,1
1,2,0.9999999909250394,0
0,1,0.9994106381611912,1
2,4,0.9989548397375697,1
0,1,0.9974646143974314,1
4,0,0.9937945719175748,3
4,0,0.9954908923828281,3
4,0,0.9554458149278954,3
0,1,0.9981296424014228,1
3,1,0.8077994627055284,1
2,4,0.9995640278424338,1
0,1,0.9991040902082765,1
0,1,0.9988561537815404,1
2,4,0.9993742627405953,1
2,4,0.9996861153282061,1
3,1,0.998838364552162,1
4,0,0.9892363221330076,3
4,0,0.9973994434542974,3
2,4,0.9980736092679634,1
2,4,0.9991135760365049,1
0,1,0.998379283595859,1
2,4,0.999806867887075,1
2,4,0.9995340371683081,1
3,3,0.8943383358647548,-1
2,1,0.9942037172595709,1
2,4,0.9878663967960328,1
2,4,0.9998227124355502,1
0,1,0.9929378300552508,1
2,4,0.999453236641671,1
0,1,0.9981167531988516,1
0,1,0.998448843714512,1
0,1,0.9982222175745209,1
1,2,0.9999999909250394,0
2,4,0.9971450742863933,1
4,3,0.7508384423195851,3
2,0,0.9974931963002096,3
4,0,0.9973273723803427,3
2,4,0.9953975250005186,1
2,4,0.9994901454070634,1
2,4,0.9944981973984539,1
4,0,0.87505978424794,3
0,0,0.9885324496062395,3
2,4,0.9986907819340166,1
3,1,0.998953303617873,1
2,1,0.9036592734278001,1
0,1,0.9988829699057203,1
2,1,0.9957820200024832,1
4,0,0.9963453982772071,3
2,4,0.9956743077835413,1
2,4,0.9994439065777216,1
4,0,0.9960849266217224,3
2,4,0.9979821353810774,1
0,1,0.9997276350214928,1
0,1,0.9996287398727891,1
0,1,0.9982289938736256,1
4,0,0.9974492399004132,3
2,4,0.9999082187533719,1
3,1,0.9995071682715376,1
2,4,0.9983285321456441,1
4,0,0.9961487474221846,3
2,4,0.9994302951949562,1
3,3,0.999999997668338,-1
2,4,0.9993369645640405,1
3,1,0.9974362233904921,1
2,4,0.9986940418216155,1
4,0,0.9946026354963654,3
2,1,0.9963371406108316,1
2,3,0.9999999999998455,-1
0,1,0.9987923805968867,1
2,4,0.9997720423957213,1
0,1,0.999187090705174,1
0,1,0.9990547015974316,1
2,4,0.988086785401257,1
2,4,0.9993632602169389,1
1,2,0.999999989152782,0
0,1,0.9992936435893388,1
2,4,0.9961814808092809,1
0,1,0.9977786826158838,1
2,4,0.9993287817549487,1
2,4,0.9989050157509628,1
2,4,0.999482887729092,1
2,4,0.9997480583790006,1
2,4,0.9989757345212209,1
4,0,0.9897963024710072,3
0,1,0.9981461350521191,1
2,4,0.9981870247385987,1
2,4,0.9994931881140735,1
2,4,0.9669411467319224,1
2,4,0.9999321840182027,1
4,0,0.997602305825039,3
4,0,0.995529808373406,3
4,0,0.9985708530520855,3
2,4,0.9978544058932495,1
0,1,0.9979547224156023,1
2,4,0.9986247645455575,1
1,2,0.9999999909250394,0
3,3,0.9891029417169351,-1
4,0,0.9966174947107493,3
3,1,0.9966765799269116,1
0,1,0.9988809966241688,1
2,4,0.9992986642932009,1
2,4,0.999501001969098,1
0,1,0.9962793235156545,1
2,4,0.9993686022856806,1
2,4,0.9987465617404598,1
4,0,0.998908840350063,3
4,0,0.9988475471180167,3
2,4,0.9984576805034314,1
0,1,0.9993977695596598,1
3,1,0.9988905030538746,1
4,0,0.9969410391934025,3
2,4,0.9996058062861205,1
1,2,0.9999999909250394,0
4,0,0.9806767869317017,-1
4,0,0.9952036392504491,3
4,0,0.9966652111578401,3
1,2,0.999999989152782,0
0,1,0.9993150255778477,1
0,1,0.9993796811038728,1
1,2,0.9999999909250394,0
0,1,0.998399229755995,1
0,1,0.998782618240347,1
0,1,0.9993425676333254,1
3,1,0.9962961605639704,1
0,1,0.998607574381186,1
2,4,0.9992491006951416,1
3,1,0.933123501860896,1
4,0,0.9948730652406268,3
4,0,0.9958198002059303,-1
2,4,0.9995700528660538,1
2,1,0.9918519165353885,1
4,0,0.9936178615075802,3
0,1,0.9985577552580407,1
0,1,0.9994366525789441,1
0,1,0.9997163766997942,1
2,4,0.9991509485168116,1
2,4,0.9972875114241994,1
4,0,0.9876260950590092,3
0,1,0.9989292362805079,1
2,4,0.9999399514801507,1
4,0,0.9981728253771571,3
0,1,0.9993432028164171,1
2,4,0.9946700847180858,1
0,1,0.9987782492968196,1
2,4,0.9992234654131567,1
3,1,0.9608977772655345,1
0,1,0.9984736633417587,1
4,0,0.9980389818445075,3
2,4,0.9992000359221217,1
4,0,0.995229409021206,3
4,0,0.9806468425905442,3
0,1,0.9983637156064291,1
3,1,0.9987857952888186,1
2,4,0.9990542989102931,1
2,4,0.9986645769616844,1
2,4,0.9992700556380779,1
4,0,0.9992958639374112,3
0,1,0.999599173007416,1
2,4,0.9993347555307918,1
2,4,0.9987326104524716,1
4,0,0.9962528076814327,3
2,4,0.9983009095607459,1
3,1,0.9992300927661312,1
0,1,0.9988703906910344,1
4,0,0.9915500402676327,3
4,0,0.9988324456751528,3
2,1,0.9976988534505762,1
0,1,0.9969749483827186,1
2,4,0.9966326574831348,1
0,1,0.9992903357681939,1
1,2,0.9999999909250394,0
2,4,0.9994063603778198,1
4,0,0.5075452104474917,-1
2,4,0.9993838444491546,1
0,1,0.9949604144304391,1
3,1,0.995962821251365,1
2,4,0.9973544778829021,1
1,2,0.9999999909250394,0
0,1,0.9995121933016137,1
2,4,0.999759954055957,1
2,4,0.9960951796432744,1
4,0,0.9993559219076646,3
1,2,0.9999999909250394,0
2,4,0.9990414327824528,1
4,0,0.9902816194796284,3
3,1,0.9968226634719323,1
3,1,0.973257453291642,1
2,4,0.99999205660022,1
2,4,0.9996750338681069,1
0,1,0.99875227531655,1
0,1,0.9891997424248027,1
4,0,0.98278291678795,3
2,4,0.9999798903606615,1
2,4,0.9987414604184152,1
0,0,0.9739388455021492,-1
2,4,0.999590588015237,1
2,4,0.9995686506923376,1
0,1,0.9994076568021948,1
2,4,0.9996452208218742,1
2,4,0.9995152196842845,1
2,4,0.9998004945054897,1
2,4,0.9987237545011668,1
2,4,0.9993649622815568,1
4,3,0.869253352592668,-1
0,1,0.9981966063203045,1
0,1,0.9982598537335834,1
1,2,0.9999999909250394,0
4,0,0.9987376253597657,3
0,1,0.9970027887435305,1
0,1,0.9996960259191158,1
0,1,0.9985341541137601,1
4,0,0.9974856946299997,3
0,1,0.9997339851522787,1
2,4,0.9990839652762398,1
3,1,0.9990851456442232,1
0,1,0.998339671090674,1
2,4,0.9966651090868172,1
0,1,0.9984788037533007,1
2,4,0.9970476426292483,1
4,0,0.9942308253427299,3
1,2,0.9999999909250394,0
0,1,0.998957456793666,1
4,0,0.9968193453973495,3
2,4,0.9998594196630775,1
2,4,0.9991554112979518,1
0,1,0.9989962303202558,1
4,0,0.9737093474769148,-1
2,4,0.998196345267558,1
2,4,0.9991437597518374,1
2,4,0.9999844444884421,1
4,0,0.9970992230697285,3
1,2,0.9999999909250394,0
0,0,0.9929819040681165,3
3,1,0.9991387109027557,1
0,1,0.9984210374205706,1
1,2,0.9999999909250394,0
0,1,0.999327831651255,1
2,1,0.9845374932081323,1
0,1,0.9987014568995395,1
4,0,0.9546372883789116,3
4,0,0.9943395216758778,3
2,4,0.9982586921208871,1
2,4,0.999905097357654,1
0,1,0.9984822988327672,1
0,1,0.9941763081147073,1
2,4,0.9971633281080813,1
4,0,0.9993180680267656,3
4,0,0.958575621829119,3
0,1,0.9994230405618113,1
0,1,0.9996791847852156,1
4,0,0.9966156982333696,3
2,4,0.999430400436042,1
4,0,0.995556227767039,3
4,0,0.9936591772346527,3
0,1,0.9983435704713172,1
2,4,0.9956304403170572,1
4,0,0.9859578113191858,3
2,4,0.9999911371236545,1
0,0,0.9917399877076063,3
0,1,0.9975050226985827,1
4,0,0.98843945151384,3
4,0,0.9951071754227969,3
2,4,0.9996494145215458,1
0,0,0.9823849808980162,3
3,3,0.8988823573373144,-1
1,2,0.9999999909250394,0
2,1,0.9961863481966303,1
2,4,0.9996515302050636,1
2,4,0.994281688528459,1
0,1,0.99686766293703,1
0,1,0.9982738581691045,1
2,4,0.9999915911534701,1
3,3,0.9999999999936708,-1
0,1,0.9996371474443583,1
4,0,0.999351555462917,3
2,4,0.9997689152117182,1
0,0,0.9380256501384988,-1
2,4,0.9997371008120396,1
3,3,0.9958181855420143,-1
1,2,0.9999999909250394,0
0,1,0.9988308644756678,1
4,0,0.9978523168765687,3
4,0,0.9879997935017423,3
0,1,0.998050227948498,1
0,1,0.9985802341271178,1
0,1,0.9976487530175235,1
0,0,0.9534902936307753,3
3,1,0.8801446599136152,1
0,0,0.9857270202931767,3
2,4,0.9982285248484876,1
2,4,0.9932014776078744,1
2,4,0.9919913391355948,1
2,4,0.998385789412377,1
3,1,0.6508176284785645,1
2,4,0.9995797394016207,1
0,1,0.9982089055016417,1
0,1,0.9975129279931242,1
1,2,0.9999999707691196,0
2,0,0.996382024119354,3
2,4,0.9982808416524884,1
2,4,0.9996714554663712,1
2,4,0.9999878655350855,1
4,0,0.967669012075947,-1
0,1,0.9982329554143828,1
2,4,0.9990269041986994,1
4,0,0.9958195783873963,3
0,1,0.9994542512651128,1
2,4,0.9980831358583682,1
1,2,0.9999999909250394,0
0,1,0.997099328311396,1
2,4,0.9986030730025551,1
2,4,0.9995796545295519,1
3,1,0.9988108329724731,1
2,4,0.9997534285904011,1
4,0,0.9982124669928717,3
4,0,0.9971234023283108,3
0,1,0.9993758222193254,1
0,1,0.9982351575431845,1
2,4,0.9999864190539675,1
4,0,0.9921315742720962,3
0,1,0.9996990673232372,1
0,1,0.9983058497220192,1
0,1,0.9988010789976265,1
4,0,0.9949243747451587,3
0,1,0.9981554659925082,1
2,4,0.9967187816079531,1
2,4,0.9993813359551991,1
3,1,0.9986356082892742,1
2,4,0.9998672946966504,1
1,2,0.9999999909250394,0
2,4,0.9991691858410144,1
4,0,0.9991438231178941,3
2,4,0.9991629488514437,1
2,4,0.9999787371940988,1
0,1,0.9976827142948483,1
3,1,0.9874767078598811,1
4,0,0.9890964948539841,3
2,4,0.9999658897806728,1
1,2,0.9999999909250394,0
2,4,0.9994845741381686,1
4,0,0.9986937151960353,3
0,1,0.9995529892679462,1
2,4,0.9965555245419307,1
2,4,0.9999878713759153,1
1,2,0.9999999909250394,0
2,4,0.9999705109409351,1
2,4,0.9977603691891429,1
2,4,0.9996677937389783,1
2,4,0.9959701571562614,1
1,2,0.9999999707691196,0
1,2,0.9999999909250394,0
2,4,0.9999923206034561,1
0,1,0.9971865337983384,1
0,1,0.9986404474592,1
2,4,0.9994574442384591,1
2,4,0.9986285489010842,1
2,4,0.9972004414510026,1
4,0,0.998484153970702,3
0,1,0.997000936868766,1
4,0,0.9989828134829579,3
4,0,0.9979528150035755,-1
2,4,0.9998124350377451,1
4,0,0.9855568483779351,3
4,0,0.9939175545954178,3
0,0,0.9966164722776598,3
0,1,0.9988756688449681,1
2,4,0.9994711405755936,1
0,1,0.9990495700819847,1
2,4,0.9994018660328238,1
3,1,0.9991224171332125,1
4,0,0.998591602494368,3
3,3,1.0,-1
4,0,0.9996206616385245,-1
2,4,0.9914309463928707,1
4,0,0.99561946775349,3
2,4,0.999847769715197,1
0,1,0.9995922129458616,1
0,1,0.9987634083548349,1
0,1,0.999719785363726,1
0,0,0.9839089334117669,3
4,0,0.7572796278891797,3
1,2,0.9999999909250394,0
0,1,0.9979090683763528,1
4,0,0.9980386119069159,3
2,4,0.9980048491563349,1
2,4,0.9999851774160781,1
0,1,0.9989338601923572,1
0,1,0.9984610011424717,1
2,1,0.9843617160720333,1
2,4,0.9999030775000062,1
2,4,0.9998188751034659,1
2,4,0.9991948283588904,1
2,4,0.9999855414314257,1
4,0,0.9981430055308125,3
1,2,0.999999989152782,0
4,0,0.9841463620992038,3
2,0,0.9833198087226187,3
2,4,0.9990347273441426,1
2,4,0.9999647620269634,1
4,0,0.9991188576772628,3
0,1,0.9981145094339786,1
0,1,0.9997436789355972,1
4,0,0.9914814269174999,3
2,4,0.9994758650671145,1
3,3,0.9937368784450095,-1
0,1,0.9989210499050588,1
0,1,0.9995587609867659,1
2,4,0.9999834742998591,1
2,4,0.9996235188185375,1
2,4,0.9999002578250825,1
1,2,0.9999999909250394,0
4,0,0.9957419585007236,3
2,4,0.9986507812565337,1
3,1,0.9869648962426572,1
0,1,0.9991277787299557,1
0,1,0.9992423039864029,1
2,4,0.9992919076635958,1
2,4,0.9986316175807615,1
2,4,0.9997181783063462,1
2,4,0.9980540156608132,1
2,4,0.9994010359309135,1
2,1,0.9763043907482349,1
4,0,0.9962272911863469,3
2,4,0.9993269169157226,1
2,4,0.9938943874725976,1
0,1,0.9995502718327733,1
2,4,0.9990895684747351,1
4,0,0.9959705299248074,3
2,4,0.9999596272320911,1
2,4,0.9999904709590915,1
2,4,0.9989689627747981,1
2,4,0.9997902787469202,1
0,1,0.996626207371403,1
4,0,0.9821043382568242,3
4,0,0.996934361178742,3
0,1,0.9987416050692306,1
0,1,0.9989531459095441,1
4,0,0.9961424013256972,3
1,2,0.9999999909250394,0
2,4,0.9967037854553102,1
4,0,0.9969903576856387,3
0,1,0.9987056395597946,1
2,4,0.9990485213285951,1
0,1,0.9985638756433787,1
2,4,0.9977774422590324,1
4,0,0.9939017080385111,3
2,4,0.9996502641446692,1
4,0,0.9953065246552858,-1
2,4,0.9997143030849137,1
0,1,0.9980347886577948,1
2,4,0.9976026153077107,1
3,1,0.9993149673246022,1
0,1,0.998629095780839,1
3,3,0.622771383613189,1
0,1,0.9985651967399206,1
2,4,0.9998947522893037,1
3,3,0.5017121292503707,-1
4,0,0.9940775658682772,3
0,1,0.9989805207356883,1
4,0,0.9869121634917374,3
3,1,0.9994196457530207,1
1,2,0.9999999909250394,0
1,4,0.9991069499868298,1
2,4,0.9988881954537154,1
0,1,0.9986348806009301,1
2,4,0.9994592873585356,1
2,4,0.9995585770861225,1
4,0,0.998111494367681,3
4,0,0.9847456921862824,3
2,1,0.9921912988639379,1
2,4,0.9977195455269394,1
0,1,0.9980718143608711,1
3,1,0.9945237340464257,1
4,0,0.9943606314153481,3
4,0,0.9953711423203796,3
2,4,0.9999922155739428,1
0,1,0.9991479636356967,1
4,0,0.9925123451737112,3
4,0,0.9907831225668549,3
2,4,0.9981024124710909,1
2,0,0.9890610748220253,3
4,0,0.9729985551637539,3
0,1,0.9995240450697935,1
0,0,0.9879103639983665,-1
3,0,0.6207285910199694,-1
0,1,0.999282711001646,1
3,3,0.980824998455129,-1
1,2,0.9999999707691196,0
4,0,0.9986309593979689,3
2,4,0.9997642264658565,1
4,0,0.9982544032702612,3
4,0,0.963148190073393,3
2,4,0.9998309580754774,1
2,4,0.999991330202566,1
1,2,0.9999999909250394,0
2,4,0.993360251342797,1
2,4,0.9999223964353144,1
2,4,0.9989207161253075,1
0,1,0.9978393596775523,1
2,4,0.9992023046845405,1
0,1,0.9983453584462852,1
0,1,0.9980534139019304,1
0,1,0.9997058579948059,1
4,0,0.9973915307423484,3
3,3,0.9999996173657472,-1
2,0,0.9948076698367526,3
4,0,0.9994755528409006,3
0,1,0.9984183083553934,1
0,1,0.9979756901718292,1
2,0,0.9842091495440662,-1
2,4,0.9990481297200925,1
0,0,0.9878112125279789,3
2,4,0.9993637038562735,1
2,4,0.9999921807259307,1
4,0,0.9964493147813106,3
3,1,0.9977101075256649,1
1,2,0.9999999909250394,0
2,4,0.9992169114635494,1
4,0,0.9914183319191932,3
0,1,0.9995983100505624,1
0,1,0.9996372314216805,1
0,1,0.9991971095730356,1
4,0,0.9950313678071042,3
0,1,0.998574223915406,1
4,0,0.9412228187861188,3
2,4,0.9994376190533253,1
2,4,0.9995633711303561,1
2,4,0.9979080097906745,1
0,1,0.9983076266444779,1
2,1,0.9924865262821881,1
0,1,0.9990593238599753,1
0,1,0.9996707151927421,1
0,1,0.9991026500524821,1
2,4,0.9978740181087428,1
0,1,0.9991870330499042,1
4,0,0.9990422500192514,-1
4,0,0.9916015729841264,3
3,1,0.9987071744174538,1
0,1,0.9994531053680827,1
2,4,0.9994699533689109,1
4,0,0.9978352645540266,3
0,1,0.9962447176960886,1
2,4,0.9992513893121817,1
2,4,0.9985301455823568,1
2,4,0.9974650755906962,1
0,1,0.9990193916614788,1
0,1,0.9984410107957711,1
1,2,0.9999999909250394,0
2,4,0.9983250603059645,1
2,4,0.99874634200686,1
2,4,0.9987540361391013,1
2,4,0.9951949980481927,1
2,1,0.996928586785149,1
4,0,0.9805044808435661,3
2,4,0.9964655468049614,1
0,1,0.9987715637948631,1
0,1,0.9988516317477291,1
2,4,0.9997930215618636,1
2,4,0.9979156762953324,1
0,1,0.9988383516538194,1
0,0,0.9857345686865242,-1
0,1,0.9995861750107347,1
2,1,0.9438194087420051,1
2,4,0.9979762670236072,1
0,1,0.9994850858548124,1
0,1,0.9994618565684046,1
1,2,0.9999999909250394,0
1,2,0.9999999909250394,0
0,1,0.9978887587707357,1
4,0,0.9980923740943126,3
0,1,0.9988981315555867,1
4,0,0.9944175273212417,3
4,0,0.9929193558223491,3
4,0,0.9938295643791433,3
4,0,0.9798700838026446,3
0,1,0.9981168613481419,1
2,4,0.9903739707745863,1
0,1,0.9960246047164419,1
2,1,0.9838978780502833,1
2,4,0.998898659875661,1
0,1,0.9982461531904334,1
4,3,0.5046264555081917,3
2,1,0.9943352011767898,1
4,0,0.7714087783511877,-1
3,1,0.9959846148101781,1
0,1,0.9977223715206611,1
2,4,0.999167027104351,1
0,1,0.9996019652592879,1
2,3,0.549792934538701,3
0,1,0.9976149397909553,1
0,1,0.9984814171662103,1
2,4,0.9997463182735918,1
2,4,0.9979694388921532,1
2,4,0.9999017296834735,1
4,0,0.9897725822175719,3
3,1,0.99961297490634,1
0,0,0.9964445033238081,3
0,1,0.996174902092376,1
4,0,0.9720226934707749,3
4,0,0.9975381300491589,3
4,0,0.9943330490133727,3
2,4,0.9982615288886787,1
2,4,0.9979191596602316,1
4,0,0.9982974761074915,3
3,0,0.5286927054200488,3
2,4,0.9998535256019873,1
0,1,0.9983705502031189,1
2,4,0.9990132534148534,1
2,0,0.9972213350809823,3
0,1,0.998322745785295,1
2,4,0.9999906139948073,1
2,4,0.9993698479777845,1
2,4,0.9996575781945121,1
0,0,0.9919736030093754,3
2,4,0.9987397248879515,1
2,4,0.9995259399917924,1
3,1,0.9871447730635436,1
2,4,0.9981172801648703,1
2,4,0.9999727754097475,1
2,4,0.9990790277839843,1
0,1,0.9976920914286417,1
4,0,0.9951776290244251,3
0,1,0.998344824386598,1
1,2,0.999999989152782,0
0,1,0.9984766597770726,1
2,4,0.9989050405075242,1
4,0,0.9934919378935922,3
3,1,0.6539622633694673,1
2,4,0.9931900305810164,1
4,0,0.9899341753283415,3
2,4,0.9974795358567216,1
0,1,0.9992401311390529,1
2,4,0.9999246113505381,1
2,1,0.9930556996295602,1
0,1,0.9965790488103475,1
2,4,0.9984417961864781,1
3,1,0.9995781787687852,1
2,4,0.9997954317349881,1
2,4,0.9984525954005529,1
0,1,0.9970130123627535,1
1,4,0.9974102101557608,1
2,0,0.9962673379976089,3
0,1,0.9996163424056321,1
2,4,0.9902919852111003,1
2,4,0.9999849818398782,1
4,0,0.9987301371575579,3
0,1,0.9991315109036685,1
2,4,0.9978532635077517,1
0,1,0.9997186376488851,1
2,4,0.9997561918620449,1
2,4,0.9999682140682944,1
1,2,0.9999999909250394,0
4,0,0.9937210483068273,3
2,4,0.9958818879956295,1
2,4,0.9979027720806167,1
4,0,0.9956891673111815,3
3,1,0.9373230611777138,1
0,0,0.9911641957309515,3
2,4,0.9989542242207308,1
0,1,0.9990319346433227,1
3,1,0.9951828241657404,1
2,4,0.9984858097690246,1
1,2,0.9999999909250394,0
2,4,0.9993353033111433,1
0,1,0.9969219808626142,1
2,4,0.9993883923087893,1
4,0,0.9955457507036437,3
3,1,0.9995678853694365,1
2,4,0.9997429536886417,1
2,4,0.998664075842958,1
1,2,0.9999999909250394,0
2,4,0.9991941744017072,1
4,0,0.9777587573721541,3
2,4,0.9935963667246387,1
2,4,0.9976145869427949,1
4,0,0.9829209874815809,3
2,4,0.9997229058188823,1
2,4,0.9996345388952863,1
0,1,0.997659814761844,1
2,4,0.9983390191867885,1
4,0,0.9888573681555362,3
4,0,0.9956091837479539,3
4,0,0.9764344964054469,3
2,4,0.9978296491573618,1
1,2,0.9999999909250394,0
4,0,0.9951319550940156,3
0,1,0.9971256282124176,1
2,4,0.9975334137117474,1
2,1,0.9730737475001078,1
4,0,0.9976369284692956,3
0,1,0.9983034491401273,1
3,3,0.973700060529742,-1
2,4,0.9999310835124181,1
2,4,0.9942857598513275,1
0,0,0.9686388829885609,3
4,0,0.9985521221608374,3
2,4,0.9998256674038632,1
4,0,0.997306471650969,3
0,1,0.9991502592955018,1
0,1,0.9988472661780838,1
0,3,0.6210595894264478,-1
4,0,0.9489391302757848,-1
4,0,0.9924060567518979,-1
4,0,0.9842827965097104,3
0,1,0.9990087433387904,1
0,1,0.9969084774639142,1
0,1,0.9978099506658835,1
0,1,0.9984556991850556,1
0,1,0.9991874574560902,1
2,4,0.9946046868369421,1
2,4,0.9993835386579568,1
0,1,0.9991443780359848,1
2,4,0.9982054188714989,1
3,1,0.9987402611221482,1
4,0,0.999478401488037,3
2,4,0.9991638349195234,1
2,4,0.9991111445757006,1
2,4,0.9994240135985464,1
2,0,0.9963885797096673,3
0,1,0.9913182494855111,1
0,1,0.999233958161377,1
2,4,0.9996282849022334,1
4,0,0.9837780258290185,3
2,4,0.9975353132145567,1
4,0,0.9955202198100935,3
4,0,0.9947847070572092,3
2,4,0.9994859613974668,1
2,4,0.999050186751619,1
0,1,0.9994028104485259,1
2,4,0.9990568124173447,1
0,1,0.9993236818057616,1
2,4,0.9998854779103594,1
4,0,0.9930506769952383,3
2,4,0.9990494822212105,1
0,1,0.9996528281221224,1
3,1,0.9995989513414346,1
2,4,0.9938651880019697,1
2,4,0.9997257403627936,1
1,2,0.999999896419749,0
2,1,0.9801959742021185,1
2,4,0.9926641318667978,1
4,0,0.9968934559920526,3
1,2,0.9999999909250394,0
2,4,0.9985037458704172,1
2,4,0.9999730047026284,1
2,4,0.9999633808077548,1
2,4,0.9982344747640611,1
0,1,0.999106363317113,1
2,4,0.9986004407491842,1
0,1,0.9992708710285442,1
2,4,0.999180376891138,1
0,1,0.9983673864073057,1
4,0,0.9853012058484641,3
4,0,0.9906379301931162,3
2,4,0.9999720184790681,1
0,1,0.9984493225921459,1
2,4,0.997958760473369,1
2,4,0.9991884788983745,1
4,0,0.9979547277299355,3
3,3,0.9996538050367719,-1
2,4,0.9994360533783864,1
4,0,0.9924066238301711,3
0,1,0.9992965362820031,1
0,1,0.9979211717819552,1
0,1,0.9986400743966856,1
0,1,0.9992362647300888,1
4,0,0.9972918959273588,3
4,0,0.9942869450401406,3
0,0,0.9903663765193762,3
2,4,0.9999931456339176,1
2,4,0.9993387134263638,1
4,0,0.9943686427124775,3
2,4,0.9999157804696484,1
0,1,0.9966625690411463,1
0,1,0.9963563483065268,1
2,1,0.9964893944595242,1
2,4,0.9999714374926318,1
2,4,0.99887231983833,1
0,1,0.9986558219973808,1
0,1,0.9992666461424106,1
2,4,0.9991980236967016,1
2,4,0.9988215034877727,1
0,0,0.9919452980832666,3
3,1,0.9564871540771356,1
4,0,0.9954417578893716,3
4,0,0.9963273544274219,3
4,0,0.9934609438120781,3
0,1,0.9987786190675587,1
4,0,0.9932119340295364,3
2,4,0.9992346027088423,1
2,4,0.99990343784277,1
3,1,0.9681323120202252,1
2,4,0.9989570304756159,1
4,0,0.9979286439095421,3
2,4,0.9985099076994743,1
0,1,0.9976163657429659,1
0,1,0.9977146558554846,1
2,4,0.9993984700787842,1
2,4,0.9987373136820097,1
2,4,0.9992791448791112,1
4,0,0.9959051418792618,3
0,1,0.9989968845071715,1
4,0,0.9867485188433957,3
4,0,0.9956774821615705,3
2,4,0.9968865347973288,1
3,3,0.9999999517815834,-1
4,0,0.9964226350592774,3
0,1,0.9985574507088656,1
0,1,0.9973929261562409,1
0,1,0.9915115127578094,1
4,0,0.9958028864797785,3
2,4,0.999330706013342,1
2,4,0.9959899850494176,1
4,0,0.9975700357641041,3
2,4,0.9987376305411275,1
0,0,0.9923257846895198,3
0,1,0.9992723804277222,1
2,4,0.9990644187951023,1
2,4,0.9993747097761578,1
0,1,0.9953833651293836,1
0,1,0.9995797896070309,1
4,0,0.9986517773468596,3
0,1,0.9993242334799801,1
2,4,0.9964563506251658,1
2,4,0.9991274514049746,1
0,1,0.9990426565099073,1
2,1,0.9971071809498572,1
2,4,0.9996905068846361,1
0,1,0.9954336546986213,1
2,4,0.9990671262705729,1
2,4,0.998771520498552,1
0,0,0.9470729180141821,3
3,1,0.9541900418737397,1
0,1,0.998880704956031,1
3,3,0.9709476550807271,-1
3,1,0.97431086061675,1
0,1,0.9987661119130671,1
0,1,0.9970889811066452,1
4,0,0.9653239031220895,3
0,1,0.9995238717537718,1
2,4,0.9992517973271215,1
4,0,0.9979503793523652,3
2,4,0.9989981954061644,1
0,1,0.998574298970968,1
2,4,0.9999781420648423,1
2,4,0.999201350351944,1
2,4,0.9989324841242526,1
0,1,0.9996499487457365,1
2,4,0.9996567849222295,1
2,4,0.9989633426545361,1
2,4,0.9967670218186894,1
0,1,0.9984789588635242,1
0,0,0.9941428225323743,3
2,4,0.9969131003912671,1
2,4,0.9995014605958685,1
0,1,0.9983759082998805,1
4,0,0.9970791553428419,3
3,1,0.9990087134443422,1
2,4,0.9993018196081289,1
2,4,0.9996242277838785,1
4,0,0.9984479346068703,3
0,0,0.9542060914512409,3
2,4,0.9992357421211742,1
2,0,0.9954878307638682,3
0,1,0.9960544704291721,1
2,4,0.9992385767586491,1
0,1,0.9991901588920068,1
0,1,0.9988325944422849,1
1,2,0.9999999909250394,0
2,4,0.998557689612509,1
0,1,0.9997044226242203,1
2,4,0.9986488250653973,1
2,4,0.997877328131524,1
4,0,0.9899531210364125,3
1,2,0.999999989152782,0
2,4,0.9982015741255761,1
2,4,0.9934916963531358,1
1,2,0.9999999909250394,0
2,4,0.9988339709919443,1
0,1,0.996505839587996,1
2,4,0.9999857822699632,1
2,4,0.9993721213972748,1
0,1,0.9979249891110588,1
2,4,0.9991472941569461,1
2,4,0.9914880265345253,1
0,1,0.9963405662848324,1
0,1,0.999381358945815,1
2,4,0.9987987080651992,1
0,1,0.9978448172220574,1
2,4,0.9971202982137932,1
2,4,0.9994818059204633,1
2,4,0.9997656913017433,1
0,1,0.9988094822909775,1
3,1,0.9986801639351953,1
2,4,0.9936082006882989,1
2,4,0.9979182179587915,1
4,0,0.9947344722257051,3
2,4,0.9992902341189323,1
2,4,0.999348171515207,1
0,1,0.9973102604973834,1
0,1,0.998888924655196,1
2,4,0.9974853252239267,1
1,2,0.9999999909250394,0
4,0,0.9357749575919242,3
2,4,0.9988904281931005,1
0,1,0.9991630652145675,1
0,1,0.9980515684460947,1
3,3,1.0,-1
0,1,0.9994091169332914,1
1,2,0.9999999909250394,0
0,1,0.999689839004706,1
4,0,0.9973213750491621,3
0,0,0.9939102784784665,3
2,4,0.9998699771110745,1
0,1,0.9969126026072609,1
0,1,0.9991619199162077,1
0,1,0.9997578247567809,1
2,0,0.9956163791905627,3
4,0,0.9961554770832335,3
2,4,0.9994822311743625,1
0,1,0.9959111618237053,1
2,4,0.999331097699639,1
0,1,0.9997256465110497,1
4,0,0.9901130324915153,3
2,4,0.9996584505521098,1
2,4,0.9980376937773078,1
0,1,0.9993731743007522,1
2,4,0.9953076852117481,1
2,4,0.9999049771529956,1
2,4,0.9981515309410322,1
2,4,0.9994648255747567,1
4,0,0.9561078892316022,3
2,4,0.9999809655221961,1
2,4,0.9983273038748753,1
2,0,0.9972619275676995,3
2,4,0.9999852037233863,1
0,1,0.9994364697086926,1
0,1,0.9984493507780462,1
2,4,0.9996274516390498,1
0,0,0.9955528871226905,3
0,1,0.9989878024798743,1
0,1,0.992535594567378,1
2,4,0.9994308317253747,1
0,1,0.9991280725250786,1
2,0,0.9972412185780473,3
2,4,0.9985519904540641,1
0,1,0.9980998922431185,1
4,0,0.9920179581065334,3
0,1,0.9995673782247751,1
0,1,0.9978254822154071,1
3,1,0.5510456324623457,1
3,3,0.9939223071332386,-1
2,0,0.9974485195852415,3
4,0,0.9963852772661872,3
0,1,0.9994502985081968,1
0,0,0.9928749514680659,3
4,0,0.8910984160145228,3
3,1,0.9995296585064639,1
2,4,0.9999928122749892,1
4,0,0.9914117039700668,3
2,4,0.9984764135026162,1
2,1,0.9627304237915284,1
0,1,0.9993030545273466,1
0,1,0.9985508309930682,1
2,4,0.9990433327911727,1
2,4,0.9991243797281764,1
2,4,0.9999885148833173,1
2,1,0.9945460439388227,1
4,0,0.9956134352506814,3
0,1,0.9981494479289964,1
1,2,0.9999999909250394,0
3,1,0.9729764565482545,1
0,1,0.9981231614836894,1
1,2,0.9999999909250394,0
2,4,0.9994284181087604,1
2,4,0.999982444258384,1
2,4,0.998832317211759,1
4,0,0.992957450561623,3
3,3,1.0,2
2,4,0.9913581406968236,1
4,0,0.9873426464965783,3
1,2,0.9999999707691196,0
2,4,0.9983090495208571,1
3,1,0.9946371602016831,1
0,1,0.9960276274979548,1
2,4,0.9982812801593902,1
2,4,0.9998410237918975,1
2,4,0.9973854525569306,1
4,0,0.9976792315492303,3
0,1,0.997146579293953,1
2,4,0.9988634044737357,1
2,4,0.9994506700767329,1
2,4,0.9978833247728423,1
4,0,0.9935572781832789,3
0,1,0.9993056351279831,1
2,4,0.9972468756764553,1
2,4,0.999054111453938,1
2,4,0.9996617393970885,1
2,4,0.9993410051596139,1
2,4,0.999742311117743,1
2,4,0.9996393804265085,1
2,4,0.9989088671581905,1
0,1,0.9992235949057965,1
4,0,0.9544709163300784,3
2,4,0.999564866719301,1
4,0,0.9950091371530048,3
1,4,0.9996331822742458,1
4,0,0.9986426220372109,3
2,4,0.9994872311239095,1
3,0,0.6003683581550706,-1
2,4,0.9993256409784019,1
0,1,0.9979164627246455,1
2,4,0.9988370656958165,1
0,1,0.9994128780519191,1
2,4,0.997472572986123,1
2,4,0.9991730612284498,1
2,4,0.9999936147436331,1
4,0,0.9959035214704176,3
2,4,0.9982627220636078,1
2,4,0.9990082487066047,1
4,0,0.9945178802036609,3
4,0,0.9981372921835585,3
4,0,0.9975207657116887,3
0,1,0.9982143150853996,1
4,0,0.9970881502857678,3
2,4,0.9981057133215976,1
2,4,0.9989008289153565,1
3,1,0.540625625364811,1
2,4,0.9999195380601568,1
0,1,0.9992665798353874,1
2,4,0.992806299848958,1
4,0,0.9969693440951433,3
1,2,0.9999999909250394,0
3,1,0.9967431268374086,1
2,4,0.9999871804018153,1
2,4,0.9999881928710386,1
4,0,0.9742591995224968,3
3,1,0.9966371687455011,1
3,1,0.9992546581497396,1
4,0,0.9983230359947632,3
2,4,0.9999917865623793,1
4,0,0.9998333363916099,-1
0,1,0.9995137437822764,1
4,0,0.9892599513559835,3
0,1,0.9979908219522128,1
4,0,0.9973605764242305,3
2,4,0.9999588602233475,1
2,4,0.9953139226057586,1
0,1,0.9972562656370614,1
4,0,0.9901485922925473,3
2,4,0.9992742437700907,1
2,4,0.9970785457889997,1
0,1,0.9977545922742851,1
2,4,0.9996215990156675,1
2,4,0.9999622510253774,1
2,4,0.9997171301727528,1
2,4,0.9989829235271602,1
2,4,0.999831517287381,1
4,0,0.9971827491564966,3
4,3,0.7883425402684431,-1
2,4,0.9979811170231221,1
4,0,0.9841950719269048,3
0,1,0.997913097116757,1
2,0,0.9011541759352253,-1
4,0,0.9987425843071615,3
0,1,0.999701177387823,1
0,1,0.9987579429163695,1
0,1,0.9990377974809509,1
2,4,0.9970844522769552,1
4,0,0.9953440634364881,-1
2,4,0.9987992036740115,1
2,4,0.999011232851083,1
2,4,0.9960424492849025,1
0,1,0.9993638756840308,1
0,1,0.9984324814520229,1
0,1,0.9978558982701343,1
1,2,0.999999989152782,0
2,4,0.9994021696120754,1
2,4,0.9999265086272988,1
0,1,0.9984591082866375,1
0,1,0.9993861512273063,1
2,4,0.9993504323484415,1
1,2,0.9999999909250394,0
4,0,0.999373263009087,3
4,0,0.9975663546240643,3
2,4,0.9992470544316207,1
2,4,0.9990019189307764,1
0,1,0.9987029481762506,1
2,4,0.9993184384679525,1
2,4,0.9995931443625643,1
4,0,0.9953664437660872,3
2,4,0.9993416841549604,1
1,4,0.9987111905466689,1
0,1,0.9983565153741107,1
2,4,0.9999818025826882,1
2,4,0.997937230674689,1
1,2,0.999999896419749,0
0,1,0.999380978992795,1
2,4,0.9999906273117679,1
2,4,0.997523228486741,1
2,4,0.9981343053438436,1
2,4,0.9995682951627315,1
2,4,0.9993394481634416,1
0,1,0.9985182161057198,1
0,1,0.9990447970051239,1
2,4,0.9994308677923064,1
4,0,0.9978603518972362,3
2,4,0.9998160723283945,1
4,0,0.8200147219184505,-1
0,1,0.9981657647160423,1
0,1,0.9991544900241441,1
2,4,0.998919900980889,1
2,1,0.9941188721404732,1
4,0,0.9976006983340221,3
2,4,0.9918954620462344,1
4,0,0.9969260143043467,3
0,0,0.9963553657877461,3
2,4,0.9995517296286804,1
0,1,0.9988905294588782,1
2,4,0.9998406746584289,1
2,4,0.9996100787327886,1
0,1,0.9995885193122984,1
3,3,0.999495769662405,-1
3,1,0.9994537851339379,1
0,1,0.9992741925252514,1
2,4,0.9995242325083522,1
2,4,0.999028333509632,1
2,4,0.999934224106556,1
2,4,0.9982298699499293,1
2,4,0.9999823198956613,1
2,4,0.9979987668383649,1
2,4,0.9992609538240562,1
0,1,0.9985270990404697,1
0,1,0.9979464017323334,1
2,4,0.9993237498213635,1
0,1,0.9985942041399689,1
3,1,0.9952756682091586,1
3,1,0.9922039097304263,1
2,4,0.9996053697024792,1
2,0,0.9940100662214734,3
2,4,0.9976913326568873,1
2,4,0.9954479153763658,1
2,4,0.9991328164895324,1
2,4,0.9992599139452594,1
4,0,0.9182526687053467,3
2,4,0.9999270637905896,1
0,1,0.9982366245333925,1
4,0,0.9406346237405397,3
2,4,0.9984438675705549,1
3,3,0.9915693153690034,-1
3,1,0.9522430423359433,1
2,4,0.9994266039289973,1
1,2,0.9999999909250394,0
0,1,0.997858670367223,1
4,0,0.9948554416695046,3
0,1,0.9983645142506444,1
2,4,0.9985523337381957,1
0,1,0.9983986556094405,1
2,4,0.9985011060473943,1
4,0,0.9952253126210527,3
2,4,0.9998110217975709,1
3,1,0.9970009795592575,1
2,4,0.9981741724800873,1
0,1,0.9995983644752299,1
1,2,0.9999999909250394,0
0,1,0.9991123241494393,1
2,4,0.9997044788595894,1
3,3,0.9668880747797677,1
0,1,0.9987627263298915,1
2,4,0.9974063216438639,1
0,1,0.9982287717585018,1
2,4,0.9968959923071452,1
2,4,0.9968531433367875,1
3,1,0.9992783116657324,1
0,0,0.9921382069807456,3
4,0,0.998350172154494,3
0,1,0.9995639345904603,1
0,0,0.9909201536374992,3
4,0,0.9967766433398673,3
0,1,0.9983011522132582,1
3,3,0.7055431967921527,-1
0,1,0.9987660596913147,1
1,2,0.9999999909250394,0
2,4,0.9990217655371733,1
1,2,0.9999999909250394,0
2,4,0.9991449182673987,1
2,4,0.9999122916639502,1
2,4,0.9992982284064323,1
2,4,0.9981235195835612,1
4,0,0.9369682987780424,3
1,3,1.0,-1
2,4,0.9983105831902257,1
2,4,0.9992308170769673,1
1,2,0.9999999909250394,0
2,4,0.9998492501346481,1
1,2,0.9999999909250394,0
1,2,0.9999999909250394,0
2,4,0.9995741891872277,1
2,4,0.9976129758691026,1
2,1,0.9891173881736443,1
2,4,0.9956167030351946,1
4,0,0.9707647780714129,3
4,0,0.9947984734576047,3
0,1,0.9980644078215458,1
0,1,0.9996759463243322,1
0,1,0.9983442259918224,1
2,4,0.99975381635487,1
2,4,0.9987088695451909,1
0,1,0.9990633681417422,1
2,0,0.9972669994655038,3
2,4,0.9994074804927099,1
3,1,0.9879747518385702,1
3,1,0.9730149329686396,1
0,1,0.9973634219845419,1
2,4,0.9999788535514244,1
2,4,0.9999852216802487,1
4,0,0.9970226969554808,3
4,0,0.9978936262397871,3
4,3,0.9154715295102818,-1
2,4,0.9969742523190198,1
2,4,0.9970467602270825,1
2,4,0.9997074258081398,1
4,0,0.9845443941610338,3
2,4,0.9996315289462259,1
0,1,0.9952878925897668,1
0,1,0.9984808661151285,1
4,0,0.9855910912736139,3
2,0,0.9939849513351205,3
4,0,0.998210383148115,3
2,4,0.9994634188474969,1
2,4,0.9956703298297935,1
2,4,0.9996727699094524,1
1,2,0.999999989152782,0
2,0,0.9933327768162608,3
4,0,0.9994959134876022,3
2,4,0.9998390270157508,1
4,0,0.9981537180146814,3
2,4,0.999624024317484,1
2,4,0.9960664817552535,1
0,1,0.99960345485588,1
0,1,0.9994614267816604,1
2,4,0.9996300075996738,1
1,2,0.9999999909250394,0
1,2,0.9999999909250394,0
2,4,0.9996366352161189,1
2,4,0.9977957545695639,1
2,4,0.9997674723673445,1
2,4,0.9988640832683547,1
4,0,0.9875285065663332,3
2,4,0.9995482369818194,1
2,4,0.9969618654892212,1
2,4,0.9992975504041876,1
2,4,0.999271980423543,1
0,1,0.9982629648599584,1
2,4,0.9987798873543888,1
2,4,0.9988328668124457,1
2,4,0.9920180668175895,1
4,3,0.9395473363860113,-1
0,1,0.9983399267648996,1
4,0,0.996367812301319,3
2,4,0.9997845800598992,1
2,4,0.9990746629125228,1
2,4,0.9929111098645095,1
4,0,0.9966556371321647,3
0,1,0.9987849587289529,1
2,4,0.9983412101866354,1
2,0,0.9955760420848437,3
3,1,0.9974928745830042,1
2,0,0.9950712684929567,3
1,2,0.9999999909250394,0
4,0,0.98388268054113,-1
2,4,0.9974834293652504,1
2,4,0.9991245080890583,1
2,4,0.9992330302400244,1
0,1,0.9977342434574527,1
2,4,0.9987511516314337,1
4,0,0.9986619207177349,3
2,4,0.9992227584958887,1
4,0,0.997206210429475,3
3,1,0.9995189802161305,1
2,4,0.999102860804984,1
2,1,0.9974698190475151,1
0,1,0.9990711229913674,1
0,1,0.9997488956169099,1
3,1,0.9986096620415009,1
0,1,0.9993475360144634,1
0,0,0.9909637983487847,-1
0,1,0.9967778250528022,1
3,1,0.998105456860229,1
0,1,0.9987475070339207,1
0,1,0.9985654328020772,1
2,4,0.995458702611546,1
2,1,0.9925518330456276,1
0,1,0.9991504589550677,1
2,4,0.9995608384269715,1
0,1,0.9992015075690457,1
0,1,0.9983656341523272,1
0,1,0.9968393181440356,1
4,0,0.9951879563428406,3
3,1,0.9989933506658677,1
2,4,0.9988796562318512,1
2,1,0.9952025619180378,1
2,4,0.9991078451531356,1
4,0,0.9802411904974121,3
2,4,0.9997374367701198,1
0,1,0.9994781301183923,1
2,4,0.9998778446789519,1
2,4,0.9971289226736063,1
2,4,0.9996792557678569,1
4,0,0.9990831406377154,3
0,1,0.9980826534739634,1
2,4,0.9995791799456228,1
2,1,0.9742991131273401,1
4,0,0.9995405476328043,3
3,1,0.9994436030410908,1
2,4,0.9980737106455051,1
4,0,0.5688862539709643,-1
0,1,0.9970764223510814,1
1,2,0.9999999909250394,0
2,4,0.9998561063173098,1
0,1,0.9901892864965869,1
2,0,0.9957899274530233,3
2,4,0.9997067024199391,1
0,1,0.9979643223305171,1
2,4,0.9999856196915905,1
4,0,0.9599542265998173,-1
2,4,0.9999892831625284,1
0,1,0.9237314963880205,1
4,0,0.9984863608691531,3
0,1,0.9974397597304978,1
2,4,0.9994353622547794,1
4,0,0.9988607854096424,3
0,1,0.9993775216466745,1
2,4,0.9999705480405374,1
0,1,0.9987523648331967,1
0,1,0.9987905898735555,1
0,1,0.9983541771214357,1
0,1,0.9972998171875653,1
0,1,0.9996927661458609,1
0,1,0.9977458620078347,1
4,0,0.9954756568386026,3
1,2,0.9999999909250394,0
4,0,0.9914521934503179,3
0,1,0.9958694841989871,1
2,4,0.9994067738387443,1
4,0,0.9946206022528504,3
3,1,0.9509687390611417,1
2,4,0.999722484129636,1
0,1,0.9985342644857024,1
3,3,0.7540583581361535,-1
0,1,0.9977959984242126,1
2,4,0.9996775232649503,1
1,2,0.999999989152782,0
3,3,0.9999999999768452,-1
1,2,0.9999999909250394,0
4,0,0.9984177941735949,3
3,1,0.9951942268777452,1
4,0,0.9991642530928102,3
2,4,0.9991581092160365,1
2,0,0.9725747990553159,3
1,2,0.9999999909250394,0
2,4,0.9992153462123132,1
2,4,0.9998903863983065,1
2,4,0.9987307293485648,1
1,2,0.9999999707691196,0
4,0,0.9969515665501189,3
2,4,0.9999329139311446,1
0,1,0.9974460110685557,1
4,0,0.9924600053739895,3
4,0,0.9755241161154528,3
4,0,0.987169034769778,3
0,1,0.9980782465205472,1
2,4,0.9992383439483423,1
0,1,0.9984766702179135,1
4,0,0.9913483301695428,-1
2,4,0.9997421371009493,1
2,1,0.9929470074386495,1
2,4,0.9999881786996931,1
0,1,0.999643758137078,1
0,1,0.9993183662277006,1
4,0,0.9855247105229262,3
2,4,0.9947418518887985,1
2,4,0.9999542100933936,1
4,0,0.9916501620788859,3
2,4,0.9991645549992255,1
4,0,0.9749927520675051,3
3,3,0.9955825184757833,-1
4,0,0.9958515340506794,3
4,0,0.9989736533485986,3
1,2,0.9999999909250394,0
4,0,0.9965786213451165,3
2,4,0.9981840455352594,1
0,1,0.9984545714938714,1
0,1,0.9981458267000579,1
3,1,0.9995827094722184,1
4,0,0.9912709052476432,3
0,1,0.9992868086130907,1
0,1,0.9969451406160788,1
2,1,0.994845230845199,1
2,4,0.9968606913765107,1
0,1,0.9984953548906729,1
4,0,0.9784825587318888,3
0,1,0.9977790943581992,1
2,4,0.9997095938801445,1
0,1,0.9985690221893518,1
4,0,0.9957040070593013,3
2,4,0.9997067039687134,1
0,1,0.9955937775720161,1
2,4,0.9972822192901742,1
0,1,0.9986693280350641,1
2,4,0.9987483708333583,1
2,4,0.9933796599239743,1
2,4,0.9942806362751825,1
2,4,0.9976907041437119,1
4,0,0.9911079154868533,3
4,0,0.9950387208605369,3
2,4,0.9994119012031677,1
2,4,0.9980700242046509,1
2,4,0.9996073553604995,1
2,4,0.9990280541158608,1
2,4,0.9999820485653916,1
1,4,0.9999099379459797,1
2,4,0.9990952482235438,1
1,2,0.9999999909250394,0
2,1,0.9903020426624981,1
4,0,0.9980185061761315,3
0,1,0.9989439846838006,1
4,0,0.9968970171470211,3
2,4,0.9981607218693977,1
2,4,0.9985770143734274,1
0,1,0.9990419937829111,1
2,4,0.9971411385607863,1
0,1,0.9985766279759988,1
2,4,0.9987439297759946,1
0,1,0.9994172093810113,1
4,0,0.9981546285846231,3
2,4,0.9999915911534701,1
4,0,0.9938600533148372,3
2,4,0.9950731252471169,1
2,4,0.9981199789974228,1
1,2,0.9999999909250394,0
2,0,0.9903132422969987,3
2,0,0.993531418923997,3
0,1,0.9991326897510755,1
1,2,0.9999999909250394,0
2,4,0.9893150095551174,1
2,4,0.9937154524935495,1
2,4,0.9998666717250018,1
1,2,0.9999999909250394,0
2,4,0.9994214421929551,1
2,4,0.99870984881593,1
4,0,0.9435560224175772,-1
2,4,0.9996922535895448,1
2,4,0.9996581846854183,1
2,4,0.9983287469773899,1
2,4,0.9978203558525197,1
0,1,0.9982600893937059,1
0,0,0.985874515249105,-1
0,1,0.9990427384019942,1
4,0,0.9985990134850462,3
4,0,0.9947732199145659,3
0,1,0.9993207602296981,1
2,4,0.9995548954984153,1
4,0,0.9958309052644568,3
1,2,0.9999999909250394,0
0,1,0.9987410887743362,1
4,0,0.9870714668029623,3
2,0,0.9902491029485958,3
4,0,0.9945332693147506,3
4,0,0.9222276793313827,3
0,1,0.9997488409592084,1
0,1,0.9955418704753808,1
0,1,0.9989359991644033,1
2,4,0.9982013806313088,1
2,4,0.9999318258423762,1
2,4,0.9987159140023615,1
2,4,0.9985027753201768,1
4,0,0.9830837751894066,3
4,0,0.9552774515468774,3
0,1,0.995522628792463,1
1,2,0.999999989152782,0
1,2,0.9999999909250394,0
2,4,0.9984744933015649,1
1,2,0.9999999909250394,0
0,1,0.9976743424137413,1
2,4,0.9991785167505353,1
4,0,0.9198357588450435,3
2,4,0.9991806609853372,1
4,0,0.9978094302399891,3
2,4,0.9974811151622394,1
4,0,0.9888401118318244,3
3,3,0.9993190054596776,-1
2,4,0.9998930346262279,1
2,4,0.9994128979746536,1
3,1,0.9985665941300528,1
2,4,0.9994778096825891,1
2,4,0.9993855565856675,1
2,4,0.9973999268185446,1
0,1,0.999242048254088,1
0,1,0.9990891082961219,1
0,1,0.9988154653280579,1
2,4,0.9995227092151008,1
2,4,0.9999806975808677,1
3,1,0.9995478802243634,1
4,0,0.998877466183256,3
0,1,0.9982107632487327,1
4,0,0.9434863540048397,3
2,4,0.9970779823234727,1
4,0,0.995475303685287,3
0,0,0.9721148532025213,3
0,1,0.9987853104004548,1
1,2,0.9999999909250394,0
0,1,0.9960177750582772,1
4,0,0.9309135489503609,3
4,0,0.9929748294016164,3
0,1,0.9976646717688716,1
2,4,0.9979806269670628,1
4,0,0.9985277884567457,3
2,4,0.9999541548432974,1
4,0,0.8560201027222873,-1
0,1,0.998646335581363,1
4,0,0.9960164486724387,3
1,2,0.9999999909250394,0
0,1,0.999179428709595,1
2,4,0.9994460860334801,1
4,0,0.998780082894215,3
2,1,0.981599095870545,1
2,4,0.9983179167107132,1
0,1,0.9976505544456855,1
4,0,0.9879437163114606,3
2,4,0.9993566885981167,1
4,0,0.9961688768632787,3
2,4,0.9998828567331312,1
2,4,0.9991837600017491,1
0,1,0.9967803444114611,1
4,0,0.82578053926131,3
0,1,0.9983609127591642,1
1,2,0.999999989152782,0
4,0,0.9975237276630495,3
4,0,0.9959257859884043,3
1,2,0.9999999909250394,0
1,4,0.999032132297318,1
2,4,0.9998626492680052,1
2,4,0.9999827583191844,1
4,0,0.9914898172798117,3
2,4,0.9969885337026674,1
2,4,0.9994911738481704,1
4,3,0.9849704343436094,-1
1,2,0.9999999909250394,0
3,1,0.9992529793889356,1
2,4,0.9990817731189325,1
2,4,0.9968263455308107,1
0,1,0.9990567829816871,1
4,0,0.998727826961141,3
0,1,0.9991246158346752,1
1,4,0.9795985306814046,1
2,4,0.9983009331374467,1
2,1,0.9965674647040644,1
3,1,0.9995210518628377,1
2,4,0.9995941722822186,1
2,3,0.8017484755063758,-1
2,4,0.9959930954084305,1
0,1,0.9997089732030021,1
0,1,0.9979634871311468,1
2,4,0.9992393008874385,1
0,1,0.9982213226086998,1
0,1,0.9990230110046842,1
1,2,0.9999999909250394,0
1,4,0.9427108552827105,-1
0,1,0.9994709293487068,1
4,0,0.9874201555176674,3
2,4,0.9990827540615809,1
0,1,0.9988678824613199,1
4,0,0.9953347434307211,3
3,1,0.9935315444415455,1
0,1,0.9994166696812501,1
2,4,0.9998870376733888,1
2,4,0.9998356304129832,1
2,4,0.9992480605251245,1
2,4,0.9998803592442735,1
2,1,0.9939597619674289,1
0,1,0.9988632763312322,1
4,0,0.9962249883935472,3
4,0,0.9983154196935948,3
2,4,0.9995480432214146,1
2,4,0.9965797671993831,1
2,4,0.9963896631916931,1
0,1,0.9996458606951254,1
0,1,0.9979597239374225,1
0,1,0.9985154441858336,1
0,1,0.9991560353666736,1
0,1,0.997262443532502,1
2,4,0.9996402711322495,1
0,1,0.9978963378283402,1
4,0,0.9955466952211722,3
3,3,0.8970561060252565,-1
2,4,0.997734320175078,1
3,0,0.5190684638121109,-1
2,4,0.9995390453675299,1
0,1,0.9970634828920909,1
0,1,0.9978048632824913,1
0,1,0.9920691789594912,1
4,0,0.9982047839335391,3
2,4,0.9990449460217319,1
2,4,0.9998888911132757,1
3,3,0.8357400257710587,-1
1,2,0.9999999909250394,0
2,1,0.9579700093189396,1
4,0,0.9989659573344084,3
4,0,0.989328514142931,3
2,4,0.9997067637730918,1
2,4,0.9986329197118349,1
2,4,0.999285566602696,1
2,4,0.9996671758253158,1
2,4,0.9998040817726036,1
4,0,0.9923333572911204,3
0,1,0.9980270836899306,1
0,1,0.9980895075626143,1
2,4,0.9979895669069525,1
4,0,0.9988972528821658,3
4,0,0.9988096308070106,3
0,1,0.9988031798224877,1
2,4,0.9994983736274473,1
1,2,0.9999999909250394,0
2,4,0.9989763781380119,1
2,1,0.9921197947637673,1
2,4,0.9988197259178851,1
0,1,0.9996303679548386,1
4,0,0.9893801822151768,3
3,1,0.9915819886131257,1
4,0,0.5914537489810118,-1
1,2,0.9999999909250394,0
2,4,0.9999137121852288,1
0,1,0.9986284912974501,1
4,0,0.9959195582410385,3
2,4,0.9991125405985046,1
0,1,0.9970480140762336,1
4,0,0.9953532574894906,3
0,1,0.9978973926649528,1
4,0,0.9966286611627176,3
2,4,0.9948364564890512,1
1,2,0.9999999909250394,0
2,4,0.9990807836891974,1
4,0,0.9967566319291948,3
2,4,0.9990326003796015,1
0,1,0.9979883575285944,1
4,0,0.9817221436794886,3
4,0,0.9875021942360107,3
0,1,0.998425536863955,1
0,1,0.9993551589903567,1
0,1,0.9977881610255991,1
0,1,0.9995765046709558,1
2,4,0.999283181968268,1
0,1,0.99936778260795,1
0,1,0.9977160048906203,1
3,1,0.9988906708519005,1
4,0,0.998164006530406,3
4,0,0.9993546624731876,3
4,0,0.7849753024545488,-1
4,0,0.9992770670785862,3
3,1,0.9333197358290518,1
2,4,0.9979699961051559,1
2,4,0.9993729031549988,1
0,1,0.998268343578317,1
2,4,0.9993258505330984,1
0,1,0.9997642723386004,1
1,2,0.999999989152782,0
0,1,0.9990919307816517,1
2,4,0.9993030561442303,1
2,4,0.9971328855832481,1
0,0,0.9839356124082158,3
4,0,0.996760602509318,3
3,1,0.9866904802039225,1
2,4,0.9994406424852098,1
2,4,0.9983829614538513,1
4,0,0.998204343641945,3
2,4,0.9993690827747129,1
0,1,0.9993723657346482,1
0,1,0.9976331985242487,1
4,0,0.9934181174430146,3
2,4,0.9992883729388151,1
0,1,0.999361489380628,1
0,1,0.9963069714906883,1
2,4,0.9985468055466076,1
0,1,0.9985695083887399,1
0,1,0.9994015384254447,1
4,0,0.9922680641624259,3
1,2,0.9999999909250394,0
0,1,0.9973467692966032,1
2,4,0.9986359562825277,1
0,0,0.986436538206378,3
0,1,0.9979059086964392,1
0,1,0.9985823489682727,1
2,4,0.9997732742373311,1
4,0,0.9610312660103506,3
2,4,0.9983815458876029,1
0,1,0.9983516223576447,1
1,2,0.9999999909250394,0
2,4,0.9987983948371234,1
4,0,0.8703129509693093,-1
4,0,0.994826606632064,3
2,4,0.9988106337124263,1
0,0,0.9932356926581776,3
0,1,0.9992466229275045,1
2,4,0.9990414189873904,1
2,4,0.9999709672018594,1
4,0,0.9734300052533349,-1
4,0,0.9704866743475613,-1
2,4,0.9994734945255388,1
3,3,0.9999940297704445,-1
2,4,0.9944040320669799,1
2,4,0.999341290769571,1
0,1,0.9982160506900288,1
0,1,0.9946388824892196,1
0,1,0.9992426689526721,1
0,1,0.9988104556129846,1
0,1,0.9983671430197016,1
0,0,0.9962671477564025,3
3,1,0.9972933861398217,1
2,4,0.9999709755742907,1
0,1,0.9984652358167019,1
0,1,0.9973245338021984,1
0,1,0.9981879344241162,1
0,1,0.997010627100318,1
0,1,0.9979429313955298,1
0,1,0.9986049353627274,1
2,4,0.9998042752863407,1
2,4,0.9999368980728224,1
2,4,0.9986234070518983,1
4,0,0.990609297390084,3
2,4,0.9999825981067068,1
2,4,0.9992414823057766,1
2,4,0.999307666604814,1
4,0,0.9800426869904241,-1
4,0,0.996297900840501,3
0,1,0.9990846062371938,1
0,1,0.9993837958295156,1
2,4,0.9972217219612125,1
2,4,0.9995855827935104,1
2,4,0.9999794902327498,1
2,1,0.9782661622341761,1
0,1,0.9983687105406627,1
2,4,0.9971041903066977,1
0,1,0.9989323496020398,1
3,1,0.9996383834395934,1
0,1,0.9994374120372184,1
4,0,0.9793058213400455,-1
4,0,0.995755311893584,3
4,0,0.9872747268245452,3
0,1,0.9985395319017719,1
0,1,0.9982203976698127,1
2,4,0.9978671092451624,1
4,0,0.96835759988136,3
2,4,0.9998833032468464,1
2,4,0.9994792544518066,1
2,0,0.9965411448035163,3
2,4,0.9998971429601571,1
0,1,0.9997078306761766,1
2,4,0.9962112967670362,1
4,0,0.9958852376630926,3
2,4,0.9974663594549431,1
0,3,0.9987168138897893,-1
2,4,0.9989591188126113,1
1,4,0.9978237352746073,1
2,4,0.9993506895180126,1
0,1,0.9989634409354748,1
2,4,0.9984373891598739,1
2,0,0.99654461562751,3
4,0,0.9893832675735867,3
2,4,0.9994593870689475,1
2,4,0.999979644374608,1
0,1,0.9970040393995836,1
4,0,0.9990486107424412,3
2,4,0.9999217608865218,1
3,1,0.9993343697912407,1
2,4,0.9988646001361791,1
4,0,0.9963698025348916,3
2,4,0.9988252011934801,1
2,4,0.9995936300361629,1
1,2,0.9999999909250394,0
0,1,0.997111716486547,1
2,4,0.9989859675905851,1
2,4,0.9995438003710148,1
0,1,0.9981147937885173,1
0,1,0.9984465684067522,1
4,0,0.9848333673011213,3
0,1,0.9991587907644711,1
2,4,0.9987371336176465,1
0,1,0.9954044756379163,1
0,1,0.9977625259340739,1
2,4,0.9993427544801309,1
2,4,0.9976114526726164,1
0,1,0.9993046933312594,1
0,1,0.9951777006136354,1
0,1,0.9993546193172095,1
4,0,0.9977017982057774,3
2,4,0.999977713882192,1
2,4,0.9996459809653488,1
2,4,0.9991876826063907,1
2,4,0.9988053082540771,1
0,1,0.9985846877025736,1
4,0,0.9901646059575099,-1
0,1,0.9985271865409963,1
2,4,0.9999613793914838,1
2,4,0.9987451696577345,1
1,2,0.9999999909250394,0
3,1,0.9952296686389724,1
4,0,0.9824813257452713,3
4,0,0.9971959068626648,3
4,0,0.9985050766140929,3
4,0,0.5391499130245839,-1
2,4,0.9984837624485531,1
3,1,0.9747415845458183,1
0,1,0.9978102175853975,1
2,4,0.9993988634949996,1
2,4,0.9999684771721304,1
0,1,0.998737278929959,1
0,0,0.9789844846534009,3
0,1,0.9994069448216928,1
2,4,0.999991688670955,1
1,2,0.9999999909250394,0
4,0,0.9960302765901516,3
3,1,0.9532018823482081,1
0,1,0.9991081996160794,1
2,4,0.9983897409956721,1
0,1,0.9981746044973222,1
3,1,0.9993808684174437,1
0,1,0.9965191157662218,1
2,4,0.9993541629903847,1
0,1,0.9985208780422549,1
2,4,0.9982084817661749,1
0,1,0.9983608661989792,1
0,1,0.9982906823972977,1
0,1,0.9992399241310889,1
2,0,0.996664297722422,3
4,0,0.9975580872300903,3
0,1,0.9995858164956649,1
0,1,0.9991094048333529,1
0,1,0.9991426550942814,1
1,2,0.9999999909250394,0
4,0,0.9935409556729888,3
2,1,0.9955817211192469,1
2,4,0.9996431062114615,1
4,0,0.9750982367451756,3
2,4,0.998339880818082,1
2,4,0.9996538006291547,1
2,4,0.9986526142906197,1
0,1,0.9991938388113624,1
4,0,0.9971577295347717,3
4,0,0.9872583662656531,3
2,4,0.9999217608865218,1
4,0,0.9951487147678173,3
0,1,0.9988017837477596,1
0,1,0.9985675487843488,1
2,4,0.9980190920832068,1
2,4,0.9995996520330525,1
2,4,0.997943101659572,1
0,1,0.9991238867039554,1
2,1,0.997224498001775,1
0,1,0.9982218258323291,1
4,0,0.9933038260569883,3
4,0,0.9685591044851366,3
2,4,0.9998188932757395,1
2,4,0.9922008070201533,1
2,4,0.9997654346025409,1
1,2,0.9999999909250394,0
2,4,0.9964372838503359,1
2,4,0.9995383719378917,1
2,1,0.9968290794090978,1
0,1,0.9990394656379009,1
0,1,0.9990240143257961,1
4,3,0.9687776328007478,-1
4,0,0.9930038315851782,3
3,1,0.9994899547962107,1
2,4,0.9996692515861024,1
2,4,0.9865880099654104,1
2,4,0.9989652782753843,1
4,0,0.9991658079417659,3
0,1,0.9985121759904916,1
0,1,0.9994544346076434,1
3,1,0.9995971302476617,1
0,1,0.9976838290406931,1
0,1,0.9993827494502805,1
0,1,0.9980088179120212,1
0,1,0.99805028011611,1
0,1,0.9964293321548798,1
2,4,0.9986514544376345,1
4,0,0.9952252614833653,3
2,4,0.9993376311009685,1
2,4,0.9998818438275358,1
2,4,0.9994151917214538,1
2,4,0.9986729691080565,1
2,4,0.9926352602424255,1
0,1,0.9985550936866491,1
2,4,0.9991997300706994,1
0,1,0.9982530283264834,1
4,0,0.9917731785717907,3
2,4,0.9990872280844049,1
0,1,0.99897559666922,1
2,4,0.9999386086148513,1
0,1,0.9997270915632223,1
2,4,0.9999266194645127,1
0,1,0.9984141772280909,1
2,4,0.9997869325903256,1
2,4,0.9956561851741652,1
0,1,0.9993711035418024,1
2,4,0.9997252467885164,1
2,4,0.9999057569949179,1
3,3,0.5414672903528314,1
2,4,0.9999906139948073,1
3,3,0.9879521091648744,-1
1,2,0.9999999909250394,0
0,1,0.9985391265969709,1
0,1,0.9978586544343564,1
4,0,0.9939149881887908,3
0,1,0.9995820644034218,1
2,4,0.9984503498658871,1
2,4,0.9996339491410268,1
0,1,0.9989822892475705,1
4,0,0.99596904844769,3
0,1,0.9988358804033648,1
0,1,0.9993373909164489,1
2,4,0.9999817337027331,1
2,3,0.652724549031614,1
1,2,0.9999999909250394,0
2,0,0.9877179471493309,3
2,4,0.9992625832781853,1
4,0,0.9977969491897498,3
0,1,0.9985686066699843,1
2,1,0.9141651543815976,1
2,4,0.9995619003700965,1
0,1,0.9980073927160829,1
3,1,0.9970552104530709,1
0,1,0.998450942880433,1
0,1,0.9988217986722463,1
2,4,0.9991395415367625,1
4,0,0.987279016161443,-1
2,4,0.9988679220566711,1
0,0,0.9972902698481341,-1
0,1,0.998884109694509,1
2,4,0.9999876462225381,1
1,2,0.9999999909250394,0
4,0,0.9696713733768493,3
0,1,0.9983167272268457,1
2,4,0.9985311874341226,1
2,4,0.9984924114315603,1
4,0,0.9984293919679759,3
2,4,0.9961996687200032,1
2,4,0.9999899797311311,1
0,1,0.9979247717283496,1
4,0,0.9896064889163954,-1
2,0,0.996326677960692,3
4,0,0.9952554194869218,3
2,4,0.9971870278714849,1
2,1,0.9935932278853286,1
0,1,0.9978777203901753,1
0,1,0.9985209664319253,1
2,4,0.9999755587355296,1
4,0,0.9954427579629863,3
2,0,0.995857353751515,3
2,0,0.9958517314698102,3
2,4,0.9980345274086077,1
0,0,0.9907225629913212,3
2,1,0.9973243297397673,1
0,1,0.9982403684011407,1
2,4,0.9998118513252353,1
2,4,0.999308075026802,1
2,4,0.9991711443895154,1
4,0,0.9960132775572739,3
2,4,0.997025363404902,1
2,4,0.998666446575819,1
2,4,0.9999905482955732,1
0,0,0.993683378672004,3
2,4,0.9993219964833169,1
0,1,0.9995084671053305,1
4,0,0.9992495652556524,3
0,1,0.9985287338145624,1
4,0,0.9898708480292681,3
0,1,0.9986342221853873,1
3,3,1.0,-1
0,1,0.9991307151040985,1
2,4,0.9799758557664441,1
1,2,0.9999999909250394,0
3,1,0.997378404519852,1
0,1,0.9993831188927849,1
0,1,0.9992585217159476,1
0,1,0.999381023195403,1
4,0,0.9951046174178866,3
4,0,0.9901112835751275,3
2,4,0.9993288694908121,1
2,4,0.9992466441722684,1
0,1,0.9964392715953926,1
2,4,0.9864905228193483,1
2,4,0.9998535113951375,1
0,1,0.998916022961425,1
4,0,0.998258281597621,3
2,4,0.9993303652689854,1
0,1,0.9977639591692193,1
0,1,0.9992426720750412,1
4,0,0.9977922736101777,3
0,1,0.9968899150918298,1
4,0,0.9959453291328179,3
4,0,0.999645117743713,3
4,0,0.9935972110404415,3
0,1,0.9983563631874068,1
4,0,0.9957111265027487,3
2,4,0.9993772418037373,1
0,1,0.9984319454691137,1
2,4,0.9997321461709484,1
0,1,0.9967862797081499,1
3,1,0.9989876705325694,1
2,4,0.9974227056959074,1
0,1,0.9997918835263482,1
0,1,0.9983056957532548,1
3,1,0.9981844167203837,1
2,4,0.9992601568977748,1
3,1,0.9722014827343629,1
0,1,0.9993549911101585,1
1,2,0.999999989152782,0
4,0,0.9952871067611132,3
0,1,0.9995710130787984,1
2,4,0.9999470719451088,1
1,2,0.9999999909250394,0
2,4,0.9994816089803495,1
2,1,0.9857148339033578,1
1,2,0.9999999909250394,0
0,1,0.9989967088239743,1
2,4,0.9995818376423864,1
2,4,0.9996376868244264,1
0,1,0.9992448598543177,1
0,1,0.9979996893768222,1
2,4,0.9986248145193489,1
0,1,0.9978432915344971,1
0,1,0.9989437525883246,1
0,1,0.9990955297601787,1
2,4,0.9979639640522451,1
0,1,0.9980672622119832,1
2,4,0.9999279808835484,1
2,4,0.9998158003496557,1
4,0,0.9792271628627943,3
4,0,0.9931570664943078,3
0,1,0.9996459966272702,1
0,1,0.9982602687367007,1
0,1,0.998271872693073,1
3,1,0.6566886351528086,1
2,0,0.9946706578426888,3
4,0,0.9957926854984027,3
4,0,0.986009809997325,3
2,4,0.9999893812857943,1
0,1,0.9996801684644491,1
2,4,0.9976899031303234,1
0,1,0.9995355961774166,1
4,0,0.9968029607272698,3
2,4,0.995763695582721,1
0,1,0.9985801533042293,1
2,4,0.9991014458034154,1
0,1,0.9992368320599262,1
3,1,0.982882710896646,1
2,4,0.9987468061128101,1
1,2,0.9999999909250394,0
2,4,0.9925998357045077,1
2,1,0.996293441598664,1
2,4,0.9996292030854689,1
2,4,0.9991438037169742,1
0,0,0.9840562478259987,3
4,0,0.9943880397396977,3
0,1,0.9963639987585388,1
2,4,0.9993633228378598,1
0,1,0.9984686547777686,1
2,4,0.9993482423470608,1
4,0,0.9952590693708875,3
2,4,0.9999914294988531,1
0,1,0.9967825719892507,1
2,4,0.9999599435012344,1
2,4,0.9994611375504031,1
0,1,0.999535603837114,1
2,4,0.998334237820411,1
0,1,0.9988556320715025,1
4,0,0.9962386680993243,3
2,4,0.9993438945466434,1
0,1,0.9987140496486901,1
2,4,0.9990255843625717,1
1,2,0.9999999909250394,0
3,1,0.999549842462422,1
2,4,0.9993827053675244,1
0,1,0.9995386203465945,1
2,4,0.9934000120866535,1
0,1,0.9979052707347938,1
0,1,0.9922145971363014,1
2,4,0.9966144838098093,1
2,4,0.9999930539870842,1
2,4,0.9999232108022079,1
0,1,0.999624935686438,1
0,1,0.9982151080844959,1
4,0,0.9985935798892798,3
0,1,0.9990679465224169,1
0,1,0.9987961533510962,1
0,1,0.998201430633866,1
1,2,0.9999999909250394,0
1,2,0.9999999909250394,0
4,0,0.9955343286587289,3
4,0,0.9928014303599175,3
4,0,0.9974401881084031,3
0,1,0.9988288376624337,1
0,1,0.9986416556487384,1
2,4,0.9877457531062412,1
2,4,0.9999052533387163,1
1,2,0.999999989152782,0
2,4,0.9989113906615316,1
2,1,0.9950056083385996,1
4,0,0.992826795864486,3
2,4,0.9999426995932683,1
2,4,0.9990853708877563,1
0,1,0.9996522325502295,1
4,0,0.9923302876996897,-1
4,0,0.9743661935327644,-1
2,4,0.9986711223753341,1
0,1,0.9996219021615845,1
2,4,0.9982546122561065,1
2,4,0.9982824380280331,1
3,1,0.9980716529862209,1
2,4,0.9972285938040538,1
0,1,0.9975105225247138,1
4,0,0.9954828307780447,3
2,4,0.9993188391286346,1
2,4,0.999057339812821,1
0,1,0.9975223351768853,1
3,3,0.7496083211593589,1
2,4,0.9995812452865069,1
2,4,0.9976768312202623,1
4,0,0.998413546790206,3
2,4,0.9996715382932436,1
2,4,0.9996310499732411,1
2,4,0.9998956882159583,1
1,2,0.9999999909250394,0
2,4,0.9989026728535709,1
4,0,0.9980276213260892,3
4,0,0.9933352209508525,3
2,4,0.9986925164386307,1
0,1,0.9982060205193812,1
4,0,0.9775973060735166,3
0,1,0.9993119613600934,1
0,0,0.977004687494532,3
0,1,0.9987933909682906,1
4,0,0.9942158542301438,3
2,4,0.9988819549497784,1
3,1,0.9968548920885075,1
2,4,0.9996590727711273,1
1,2,0.9999999909250394,0
0,1,0.999121061694232,1
1,2,0.999999989152782,0
4,0,0.9965507705597864,3
2,4,0.9999278028354577,1
2,1,0.9935513999595315,1
4,0,0.9971946772269736,3
3,1,0.9990373854821597,1
0,1,0.9908415741771786,1
0,1,0.9983866096460418,1
2,4,0.9990902603778627,1
0,1,0.9980761588860085,1
2,4,0.9999924805094306,1
2,4,0.9994674929972249,1
2,4,0.9999874242829587,1
2,4,0.9985765888654956,1
1,2,0.9999999707691196,0
4,0,0.9953219478994191,3
2,4,0.9978241250465312,1
3,3,0.6782386936761347,-1
0,1,0.998336918827179,1
2,4,0.9996828491070233,1
4,0,0.9958317342808727,3
0,1,0.9977892877934946,1
0,0,0.9934303329984355,3
3,1,0.9965970309929967,1
4,0,0.9948547758197449,3
3,1,0.9669215251858984,1
1,4,0.999261819689597,1
0,1,0.9970523999464417,1
2,4,0.9996340830199404,1
0,1,0.9992279194754652,1
4,0,0.9764066343391062,3
0,1,0.9985087089100501,1
2,4,0.9990965031608607,1
3,1,0.9995046048639259,1
0,1,0.999204387331939,1
2,4,0.9998276734604996,1
2,4,0.9999687945804947,1
2,4,0.9991467281731711,1
4,0,0.9916653572530292,3
0,1,0.9981431536846909,1
2,4,0.9997954657714883,1
1,2,0.9999999909250394,0
2,4,0.9999627884808632,1
2,4,0.9974045499600352,1
0,1,0.9985845055818376,1
0,1,0.9993816016540792,1
4,0,0.9978759518636746,3
2,4,0.99928026149935,1
0,1,0.9974144594723245,1
2,4,0.9998868029117055,1
4,0,0.9911051639231846,3
0,1,0.9972137666587999,1
1,2,0.9999999909250394,0
2,4,0.9953979901613389,1
2,0,0.994160665804661,3
0,1,0.9932101068541311,1
3,1,0.9987156016056816,1
4,0,0.9977725559406954,3
2,4,0.9994618351375286,1
2,4,0.9983099046817915,1
2,4,0.9994640881413105,1
2,4,0.9998250306417052,1
2,4,0.9987130539798577,1
2,4,0.9995858613007313,1
1,2,0.9999999909250394,0
2,4,0.9983352979568015,1
3,1,0.9968095631491725,1
2,4,0.9995767298370014,1
3,3,0.8437868513921783,-1
3,3,0.9864598824649351,-1
2,4,0.9968270158946179,1
3,1,0.999385939755638,1
1,2,0.9999999909250394,0
0,1,0.9973730040260159,1
0,1,0.9986791001593739,1
2,4,0.9994697822732608,1
3,1,0.999578329243825,1
4,0,0.991314085626935,3
1,2,0.9999999909250394,0
0,1,0.9956011974374486,1
4,0,0.9960799043033522,3
4,0,0.9986021933923845,3
2,4,0.9999929115698429,1
4,0,0.9944888602155626,3
4,0,0.9977979078676926,3
3,1,0.9946933271812824,1
2,0,0.9730054812031103,3
1,2,0.999999989152782,0
0,1,0.9988130165230246,1
0,1,0.9976401140243317,1
0,1,0.9997636313829064,1
3,1,0.6816934311438946,1
2,1,0.9937220994964641,1
2,4,0.9965915460448616,1
2,4,0.999989003549344,1
4,0,0.9940562323594175,3
4,0,0.9990773116647967,3
2,4,0.9999753271270201,1
0,1,0.9986780697726013,1
3,0,0.6899391860891021,3
2,4,0.9993927930600146,1
4,0,0.9979935376800528,3
0,1,0.9977521052694776,1
0,1,0.997628039510199,1
0,1,0.9982927438448707,1
4,0,0.9991171883255681,3
4,0,0.9991958057269312,3
0,1,0.9988417789562575,1
0,1,0.9988622285676962,1
4,0,0.9946361378477185,3
2,4,0.9988441574260172,1
0,1,0.9975712077388015,1
4,0,0.9972509919705481,3
0,1,0.9994106623569938,1
4,0,0.9907948152196588,3
2,4,0.9999572611138366,1
3,3,1.0,2
4,0,0.9983006595582183,3
2,4,0.9998361086448656,1
3,1,0.9996261956052721,1
4,0,0.9924660451727833,3
0,1,0.9990117392425722,1
4,0,0.9993356402408092,3
2,4,0.9992810087839898,1
2,4,0.9971154176394113,1
2,4,0.9999801694720436,1
2,4,0.9902709225820018,1
0,1,0.9990056581430974,1
0,1,0.9996290018882839,1
0,1,0.9988882576559989,1
0,1,0.9993883715771053,1
2,4,0.999661959647245,1
2,4,0.9985182239954885,1
2,4,0.9980683604882592,1
2,4,0.9997579835654181,1
2,4,0.9999736629385577,1
0,1,0.9989207993242163,1
0,1,0.9991763397897911,1
0,1,0.9978519181838301,1
4,0,0.9978829609334681,3
2,4,0.9996432119754866,1
4,0,0.996910291054933,3
0,1,0.9994298861860013,1
2,4,0.9999756868337979,1
0,1,0.9984991901072667,1
2,4,0.9998703172607318,1
2,4,0.9797981027904343,1
3,3,0.9592883539401482,-1
0,1,0.9994738806352769,1
3,1,0.9975514309230371,1
2,4,0.9992838805581227,1
2,4,0.9999893827101614,1
4,0,0.9900979358349946,3
2,4,0.9992996633685474,1
0,1,0.999191015707314,1
4,0,0.996345109570095,3
2,0,0.996265898930972,3
4,0,0.9978330214794423,3
4,0,0.9965666092046596,3
2,4,0.9999858217895718,1
2,4,0.9991986216335899,1
2,4,0.9991855221754321,1
2,4,0.9998035054085812,1
2,4,0.9877117458159181,1
2,4,0.9996560203488711,1
0,1,0.998707928824203,1
2,4,0.9989306457411856,1
0,1,0.9975095047487559,1
4,0,0.9965630672836275,3
1,2,0.9999999909250394,0
2,4,0.9997926265222602,1
4,0,0.9946779202855713,3
2,4,0.9978752317559724,1
0,1,0.9982811633512547,1
2,4,0.9935116879524354,1
2,4,0.9976779709317988,1
2,4,0.9995841109195527,1
3,1,0.9991532817780538,1
4,0,0.9974231800304064,3
0,1,0.9966754586861413,1
0,1,0.9995818398997147,1
2,0,0.9971312847162815,3
4,0,0.9929660212853872,3
2,4,0.999257250943376,1
4,0,0.9972147701695259,3
1,2,0.9999999909250394,0
2,4,0.9992562395612486,1
0,1,0.9983349865082926,1
4,0,0.9739445789407886,3
1,2,0.9999999909250394,0
3,3,1.0,-1
2,4,0.9990840977378178,1
0,1,0.9973863377174995,1
2,4,0.9987279976318139,1
3,3,0.9999656512787328,4
0,1,0.9978294308027238,1
4,0,0.9845089225492716,3
0,1,0.999285575772867,1
2,4,0.9985452014899758,1
0,1,0.9996229023942769,1
2,0,0.9947119599924713,3
2,4,0.9999634040237945,1
2,0,0.9898153206039583,3
2,4,0.9999885433365482,1
2,4,0.9999918989158059,1
0,1,0.9969019217112792,1
2,4,0.9998840838314319,1
2,4,0.9992193379434753,1
2,4,0.9988092768989966,1
2,4,0.995481978339156,1
2,4,0.9998133077801938,1
2,4,0.9995681324329646,1
4,0,0.9985525249949166,3
2,4,0.9988058748564153,1
3,3,0.9999999999920242,-1
3,1,0.9987325646409274,1
4,0,0.9991875077117756,3
4,0,0.9862641019090408,3
2,0,0.9895955033555597,3
2,4,0.9999931859105528,1
1,2,0.9999999909250394,0
2,0,0.9944770164761371,3
0,1,0.9987754367908648,1
2,4,0.9998624233222205,1
2,4,0.9998427653827221,1
2,4,0.998374523054333,1
3,1,0.9434512824936617,1
2,4,0.9987101284576299,1
4,0,0.9987326516873932,3
3,1,0.9993842753798244,1
2,4,0.9990137714803285,1
0,1,0.9987632870342009,1
2,4,0.9993077490023211,1
0,1,0.9996353529466296,1
4,0,0.9988163580547266,3
2,4,0.9808268802742056,1
2,4,0.9994047610647723,1
4,0,0.99931062732726,3
0,1,0.9987074343407314,1
4,0,0.9992219882307927,3
1,2,0.9999999909250394,0
2,1,0.9265481988905305,1
0,1,0.997337884270458,1
3,1,0.9906321057298869,1
1,2,0.9999999909250394,0
0,1,0.999111317163598,1
2,4,0.9984877730362003,1
2,4,0.9996072568100942,1
2,4,0.9991644446455479,1
1,2,0.9999999909250394,0
4,0,0.99447068461463,3
2,1,0.9749477504456742,1
4,0,0.9974257756332956,3
0,1,0.9986646013639809,1
2,4,0.9953537569540757,1
2,4,0.9994105858573069,1
0,1,0.9982762484486826,1
0,1,0.9994566534905247,1
0,1,0.9994080523686317,1
2,4,0.9976883922095832,1
0,1,0.9987247150565192,1
2,4,0.9993444371052682,1
2,4,0.9999764130883312,1
1,2,0.9999999909250394,0
3,1,0.9968034152443626,1
2,0,0.9935228190656753,3
2,4,0.9984259800230811,1
2,4,0.9993554000752624,1
3,1,0.998490175703805,1
2,4,0.9956470917396802,1
4,0,0.9963492984041957,3
2,4,0.999406885651841,1
2,4,0.9995339753560881,1
2,4,0.9986463164059463,1
0,1,0.9990998173943816,1
0,1,0.9987613741969339,1
2,4,0.9995243090295876,1
0,1,0.9977878370774577,1
0,1,0.9990563445928404,1
0,1,0.9967196957724982,1
2,4,0.9985238948983297,1
2,4,0.9999893742427679,1
2,4,0.9999503844370753,1
0,1,0.9975517336735571,1
3,3,0.9999962574254698,-1
2,4,0.9993384463867944,1
4,0,0.7889674328378447,-1
0,1,0.9979166777636682,1
2,4,0.9997447558483785,1
0,1,0.9991153502703032,1
2,4,0.9995059885849062,1
3,1,0.9980679298410454,1
2,4,0.9992312376282344,1
4,0,0.9949114089697515,3
2,4,0.9986143242928657,1
2,0,0.9953545895552594,3
0,1,0.9991671087317411,1
2,4,0.9999197406982142,1
2,4,0.9936029730499325,1
0,1,0.9997428319587605,1
2,4,0.9997451506244612,1
4,0,0.8897288305914373,-1
3,1,0.9992641998864356,1
3,1,0.9993141066331834,1
0,1,0.9983204655888686,1
0,1,0.9982672832340673,1
2,4,0.9999866246002723,1
2,4,0.9999458582390621,1
2,4,0.9992728997289665,1
4,0,0.8674609145033277,3
0,1,0.9977933911405689,1
2,4,0.9987566837797589,1
1,2,0.9999999909250394,0
0,1,0.9981158924123836,1
2,4,0.9999606757474807,1
2,4,0.999894874081115,1
4,0,0.9977898586046572,3
2,4,0.998979433111996,1
4,0,0.9958055640404769,3
2,4,0.9909081913931311,1
0,1,0.9987960665990947,1
0,1,0.9995822374259766,1
2,4,0.9992056393359678,1
2,1,0.994632674780826,1
2,4,0.9999918236418202,1
4,0,0.9955818713732691,3
0,1,0.9988472637379833,1
1,2,0.9999999909250394,0
4,0,0.8440434314507709,3
4,0,0.9970057950184967,3
0,1,0.997098883184143,1
2,4,0.9991025655340069,1
1,2,0.9999999909250394,0
0,1,0.9966980308238621,1
0,1,0.9994927907956365,1
4,0,0.9944906858341054,3
2,4,0.9994776993374422,1
2,4,0.99998790129037,1
0,0,0.9840985159392537,3
2,1,0.9943229966988346,1
0,1,0.9981326022725072,1
1,4,0.9968825040468655,1
0,1,0.9980146385613567,1
2,4,0.9999099691337807,1
0,1,0.9989481097744953,1
3,1,0.9992134805052845,1
0,1,0.998276413404355,1
4,0,0.9973791370530575,3
2,1,0.9922392637243003,1
0,1,0.9996449594194766,1
2,4,0.9993802308385225,1
3,1,0.9450308704643006,1
0,0,0.9911569044576908,3
0,1,0.9991032990934028,1
4,0,0.9980470680003759,3
2,4,0.9991317931448191,1
2,4,0.9999911685447952,1
4,0,0.9975980070664872,3
2,4,0.9990512003122985,1
2,4,0.9982046421947062,1
0,1,0.9994656957214514,1
4,0,0.9572861445504681,-1
4,0,0.9948015605731061,3
0,1,0.9965950634259714,1
4,0,0.9743784176264836,3
4,0,0.9929706991785335,3
4,0,0.9884071612718737,3
1,2,0.9999999909250394,0
0,1,0.9978422166893302,1
2,4,0.999910423181212,1
2,4,0.9999723315020232,1
0,0,0.9943270156755214,3
2,4,0.9999361555166283,1
4,0,0.9990215435721836,3
2,4,0.9994286894542022,1
3,1,0.6901656506209727,1
2,4,0.999452995498252,1
2,4,0.9986877255441304,1
0,1,0.9972129323502945,1
0,1,0.9996267270085009,1
4,0,0.9965310401514503,3
4,0,0.9978885452250025,3
4,0,0.9879785401580892,-1
4,0,0.9580821962611618,3
4,0,0.977530099007668,3
0,1,0.9972836626527919,1
2,4,0.9994298837579,1
2,4,0.9990878090061444,1
2,4,0.9978676427250484,1
2,4,0.9994977811704079,1
0,1,0.9983660685997732,1
2,4,0.9991531104761762,1
4,0,0.9967391169454728,3
2,4,0.9994603706448489,1
0,1,0.9976125326884131,1
2,4,0.9991548537259104,1
0,1,0.9991873604092356,1
2,4,0.9997888075677928,1
0,1,0.9984875457173514,1
0,1,0.9992328220138563,1
0,1,0.9980288955836624,1
2,4,0.9951469923717791,1
4,0,0.9131232307778518,3
0,1,0.9915435738813739,1
2,4,0.9994538392541863,1
2,4,0.999139137598492,1
4,0,0.9877612002177437,3
1,4,0.9983817728838487,1
2,4,0.9986760273191172,1
0,1,0.9995464081020958,1
1,2,0.9999999909250394,0
2,4,0.9990758776662783,1
2,4,0.9852377285568131,1
2,4,0.999978790288823,1
0,1,0.9981855783188832,1
2,4,0.9987212720051597,1
0,1,0.9994985992343591,1
2,4,0.9940597896907667,1
0,1,0.9994474822451883,1
0,1,0.9997509306915158,1
0,1,0.9996568334541799,1
4,0,0.9946836547136835,3
4,0,0.9959030141939762,3
0,1,0.9983754025465637,1
2,4,0.998168640162014,1
1,2,0.9999999909250394,0
1,2,0.9999999909250394,0
3,1,0.9714943623570982,-1
2,4,0.9994520783475319,1
4,0,0.9997901689225595,-1
0,1,0.995795354123398,1
1,2,0.9999999909250394,0
2,4,0.9999913580242441,1
4,0,0.985776231037609,3
2,4,0.9990817223071832,1
4,0,0.8931908870480559,3
1,2,0.9999999909250394,0
2,4,0.9945771868093803,1
2,4,0.9995644807958146,1
4,0,0.9984590934186859,3
4,0,0.9965711514317697,3
0,1,0.9977372664568696,1
4,0,0.9969959950303835,3
3,1,0.9911431177504029,1
2,4,0.9999827091253719,1
0,1,0.9994417705554948,1
0,1,0.9991858708213837,1
0,1,0.9966381767846466,1
1,2,0.9999999707691196,0
3,1,0.9772523144236622,1
3,1,0.9991535132898515,1
1,2,0.9999999909250394,0
2,4,0.9998222188451542,1
2,4,0.9994544321525015,1
2,4,0.9997213519918962,1
0,1,0.9994192119767334,1
2,1,0.995434443020173,1
2,4,0.9998519974143883,1
0,1,0.998315541787644,1
2,4,0.9980479617778469,1
3,1,0.7376953598336229,-1
2,4,0.9990687077263434,1
3,1,0.995124881484644,1
2,4,0.9984331577743867,1
0,1,0.9929840498790997,1
2,4,0.994707280596745,1
4,0,0.9946714588971421,3
4,0,0.994406359121336,3
0,1,0.9984148953137616,1
3,3,0.9730631135312818,-1
2,4,0.9992792616082229,1
1,2,0.999999989152782,0
4,0,0.9990066060953622,3
2,4,0.9983838833207421,1
0,1,0.99861268870841,1
4,0,0.9893570206774346,3
2,4,0.9999914848684095,1
2,4,0.9996044887492019,1
0,1,0.9989465062108396,1
2,4,0.9996326938624427,1
2,4,0.9706428085871199,1
0,1,0.9990284718610719,1
2,1,0.9965450882804757,1
2,4,0.9986564933463022,1
4,0,0.9984873573443002,3
2,4,0.9959740475968447,1
0,1,0.9981691224489418,1
4,0,0.9987831893823172,3
2,4,0.999350091814271,1
4,0,0.9934661796055354,3
2,4,0.9995496563166403,1
2,1,0.995203971476004,1
2,4,0.9941228672067672,1
3,1,0.9858224289392415,1
3,1,0.5593966656373384,1
4,0,0.9986527929620221,3
2,4,0.9965513991428656,1
2,4,0.996355599750537,1
0,1,0.9990133183793001,1
2,4,0.9984862138188546,1
2,4,0.9988500746989455,1
0,1,0.9979395038489115,1
2,0,0.9015071236053752,-1
2,4,0.9986648081237309,1
2,4,0.9994351849365137,1
2,4,0.9985713724730402,1
4,0,0.9970454677568729,3
2,4,0.9993803415266623,1
2,0,0.9761125137609292,3
0,1,0.9985814767593693,1
3,1,0.6346604789420527,1
4,0,0.9975294081577982,3
0,1,0.9993824977116068,1
2,4,0.9992309311746113,1
0,1,0.9982601039901303,1
2,4,0.999983244516385,1
0,1,0.9994035633486004,1
4,0,0.995944082686926,3
2,4,0.9993851026558906,1
0,1,0.9993921878452469,1
0,1,0.9992174602332303,1
0,1,0.9980768706699604,1
0,1,0.9981199609395347,1
0,1,0.9995442243629442,1
0,1,0.9984551006857796,1
2,4,0.9993156024140519,1
2,4,0.9998362526625463,1
0,1,0.999297353037533,1
2,4,0.9999772516289607,1
0,1,0.9970084993779423,1
2,4,0.9976769412961658,1
0,1,0.9988126215729544,1
4,0,0.9923721325027759,3
2,4,0.9991617048225958,1
2,4,0.9958312489722975,1
2,4,0.9987245780793645,1
4,0,0.9987786864115917,3
2,4,0.9997502188375015,1
4,0,0.9969886423440383,3
0,1,0.9986850705671592,1
2,4,0.9995086211371772,1
2,4,0.999947529896409,1
2,4,0.999965942078883,1
2,4,0.9999894792624534,1
2,3,0.597103880680445,3
2,4,0.9989826511693561,1
4,0,0.9603604859749996,3
2,4,0.9995366648736013,1
2,4,0.9999155403938089,1
2,4,0.9983863756247099,1
0,1,0.9982164813363021,1
2,4,0.9993227732024537,1
1,2,0.999999989152782,0
2,4,0.9999236735463932,1
2,4,0.9994515383061968,1
2,4,0.9963230325941802,1
2,4,0.9971314834663297,1
2,4,0.9994715477672348,1
4,0,0.9882336451396515,3
0,1,0.9979015531623764,1
0,1,0.9986847577583805,1
2,1,0.9962539825901948,1
4,0,0.993989902198809,3
4,0,0.9970365767701341,3
4,0,0.9567831127728547,3
2,4,0.9993754515828428,1
2,4,0.9992173383876399,1
2,4,0.9953361751457235,1
0,1,0.9979762526758985,1
2,4,0.9993298395176077,1
2,4,0.9994061480666367,1
2,4,0.9996945482571356,1
1,2,0.9999984148279829,0
0,1,0.9995388350531145,1
0,1,0.9984705212448534,1
2,0,0.99484481279118,3
0,1,0.9984538560495635,1
2,4,0.999733776435594,1
2,4,0.9999911270385511,1
0,1,0.9993103777601413,1
2,4,0.9999871623891329,1
