PC1,PC2,PC3,PC4
-6.1960089694283615,-2.5998031862096087,1.516927275257023,1.195395229192336
-2.1474726488538187,0.5161230901152142,-0.3283430180011831,-1.0770598221509022
-6.1960089694283615,-2.5998031862096087,1.516927275257023,1.195395229192336
-4.10933967353458,-1.050316985882796,0.43833136600572997,0.027117741164209633
-0.923954093986521,1.448445460007773,-0.2302845804686269,-0.740983537798785
-1.3691485542328172,0.9998669096777622,0.008072540948684793,-0.10795885049859318
-6.1960089694283615,-2.5998031862096087,1.516927275257023,1.195395229192336
-3.7473995644431364,-9.006106660287891,-2.0791050631484027,-1.4950393746578508
-2.402917449114379,0.2975803155124382,-0.2630383545658241,-0.9423886565124312
-0.4312642673472124,1.8300862692463802,-0.8536584932730179,-1.712194043648404
-1.0671252191349327,1.369908547839813,-0.5815731995886607,-1.415992308555225
-0.9496736026395687,1.3679851860784995,-0.13756071809626738,-0.4221134317054631
-0.9943871385930068,1.3416327086488973,-0.4469836972960673,-0.947836172995452
-1.7694295171983538,0.7539754117655328,-0.20306314453311083,-0.6648011034570936
-2.118960204921004,0.5405155359052489,-0.3356546351338711,-1.092135514830403
0.9705249965996076,0.867916218582382,-0.7614074599312921,0.5231182517142553
-6.1960089694283615,-2.5998031862096087,1.516927275257023,1.195395229192336
-0.7724046818563006,1.4768490271737167,-0.36125865296172094,-0.6754645823634381
-2.4697314710246974,0.24041483855542994,-0.2460334648877728,-0.9073133373791488
0.2406391999110005,2.336721199578842,-0.4757533663601807,-0.946057412689424
-1.1855123115444581,1.1367104944276267,-0.40745252374560653,-0.7517388063709443
-6.079202927781011,-2.5124290392396698,1.5961087494019894,1.3410280415159161
-1.446162192776241,0.9828259164258287,-0.5653689184952635,-1.1840563484427824
-2.809298980928267,-0.05015236637588751,-0.1603926453726842,-0.7305841899951291
-6.1960089694283615,-2.5998031862096087,1.516927275257023,1.195395229192336
-1.3424102322394713,1.0732497563348637,-0.43096111568267353,-0.9679311124713078
1.1582997266164852,0.40754962282985396,-0.8054935525428797,1.0129884962644313
-2.462729843879011,0.2699612531610189,0.1166708531669535,-0.42629607461343444
-1.8294861076930868,0.6802874530682893,-0.3471734988649489,-0.8451186712880736
0.25732078250457,0.7757567943872911,0.8539482750964386,0.4604438787845468
-2.4285422140919612,0.27565620544611613,-0.2565120749514163,-0.9289276222283108
-1.8378764012675122,0.7105419926550476,-0.38365669806528563,-1.0079394144494718
-1.110244500843894,1.232555269442807,-0.38528368798626306,-0.8053917592908324
-1.8677046689163455,0.7124243620922294,0.1554967657314908,-0.22001873773532546
-0.9696572673208902,1.3561787792485032,-0.18470149363671798,-0.5078250958914582
-0.13063332732643668,2.024500514597422,0.016321340489286556,-0.11406046622328005
-1.226084511392114,1.2109542159879711,-0.18934254937896514,-0.7074254495628148
0.25576307932685827,-0.45615558827837305,-1.395310227840363,-0.4472010210482553
-2.206964593893172,0.40613013492619615,0.06757920165296245,-0.27878706097995437
-0.6990757241804267,1.576215940009913,-0.46044727836727745,-0.9492997157127158
1.057289391391469,1.9106603907439887,-0.47983272740739513,0.24088771413115415
-2.414899061304983,0.21676493805963498,-0.23855921422742968,-0.7084698775940189
-0.8035628049738729,1.4445734971745006,-0.3101707947536518,-0.5708182975304755
-2.0639623967134626,0.4933014463660481,-0.47213527534302097,-1.0756643918884738
-1.6743996550536804,0.812990023900474,-0.38638596727095814,-0.9260275245980149
-0.49911192166986695,1.6961747009377313,-0.2538033530201195,-0.4841104110637017
-1.4560923923322941,0.9959635164501098,0.018958068931504615,-0.27168786834460684
-2.7861019377291254,0.07453260203842271,0.26100019809327,-0.39544667091091446
-0.3234890249893798,1.8575039424667197,-0.538993593234371,-1.0099141406367382
-6.1960089694283615,-2.5998031862096087,1.516927275257023,1.195395229192336
-6.1960089694283615,-2.5998031862096087,1.516927275257023,1.195395229192336
-1.0954849466631533,1.2454513055377714,-0.21945233441822112,-0.5422355296377915
-2.5147742356986664,0.20187559476554556,-0.23459243442467073,-0.8837120036559444
-1.5821465787636668,0.9390585733912254,-0.34856373019842973,-0.9970115053529248
-1.6243494480756075,0.8458454777414726,-0.28090365734546846,-0.7993317883574751
-6.1960089694283615,-2.5998031862096087,1.516927275257023,1.195395229192336
-6.1960089694283615,-2.5998031862096087,1.516927275257023,1.195395229192336
2.4196465099839637,-0.8965201859689855,1.8333494824351404,-0.33150222360304704
-1.5962349577013266,0.8798684968208532,-0.4062482369969787,-0.9669999154896359
-0.09318582452282695,0.12486127766278787,-0.5669556827977331,0.5203545441922943
-1.1370789691346468,1.2007409756836358,-0.486446698643025,-0.9513449666836501
-1.8698752808380372,0.8005061416582102,0.222977437716575,-0.36183597518712507
2.004955979859276,-0.6573100558564153,-1.1779247519314562,1.6639674486894547
-0.4169259155278951,1.7780548598959767,-0.42947343100468144,-0.8164304582992497
-6.1960089694283615,-2.5998031862096087,1.516927275257023,1.195395229192336
0.9968448308552094,0.23554600182179392,-0.870584383033315,0.8505528771023351
1.7829468364445775,1.4898507360141848,-0.4385409301622976,1.3272823335905795
-6.1960089694283615,-2.5998031862096087,1.516927275257023,1.195395229192336
-0.3088364985935591,1.864523996980683,-0.37526355897998726,-0.7183278856184564
-6.1960089694283615,-2.5998031862096087,1.516927275257023,1.195395229192336
-6.1960089694283615,-2.5998031862096087,1.516927275257023,1.195395229192336
-1.5320171486233107,0.918748537640784,0.16888232953688126,0.010423270465113169
-2.3333282003397,0.3571184938912679,-0.2807874802813664,-0.9789951501408695
-0.6791474012282052,1.5778165513733313,-0.5259273030936855,-1.0209642049475294
-1.579252708357726,0.9318029920778387,-0.44980508718620765,-1.14434730481523
-0.6420439783013483,1.6156803178374326,-0.28521537780431655,-0.6317549343071661
2.5784618248090094,-0.962306591382346,-1.6317382055525735,1.2774237549421306
-1.6886244774127774,0.8144158298966399,-0.568123699361706,-1.2736081498710357
-6.1960089694283615,-2.5998031862096087,1.516927275257023,1.195395229192336
-6.1960089694283615,-2.5998031862096087,1.516927275257023,1.195395229192336
-1.1357153464753107,1.2207168056665574,-0.41094421746921445,-0.873506203625875
-0.8925637154850841,1.419036272929537,-0.6678698830607925,-1.307889687868307
-1.8271832979978335,0.6164194630322821,-0.30607349593597094,-0.59880597060708
-1.2140923781910962,1.2088719484043362,-0.08998743603931295,-0.49392196765890406
-6.1960089694283615,-2.5998031862096087,1.516927275257023,1.195395229192336
-6.1960089694283615,-2.5998031862096087,1.516927275257023,1.195395229192336
-2.112072291460688,0.5355923370629889,0.18313518945485105,-0.26286586310486787
-1.5688329143205282,0.9407171169632906,-0.45247768389144266,-1.1498578238314185
-1.0661128706336516,1.292524095004237,-0.33787414675339716,-0.8314665474072602
-0.4914272716751468,1.707812193523301,-0.30989923593718555,-0.5890526152644276
0.17362285970779762,-0.42120699447844184,-0.9736321335694388,0.39141476532972047
-6.1960089694283615,-2.5998031862096087,1.516927275257023,1.195395229192336
-2.244789262843515,0.4328671607783529,-0.3034176301157488,-1.0256635123986633
-0.5174069965358358,1.7095238162392326,-0.4073573039868061,-0.816389797816016
-0.4695850054630594,1.7539687084653892,-0.14290880771056122,-0.3870803993061218
-2.455606814097357,0.2524999180940018,-0.2496251083615413,-0.9147220149716432
-0.7944646892714847,1.6252241167618489,-0.27368653108572455,-1.0501419911739922
-1.4027853037386502,0.9982392963909158,-0.5169000847272233,-1.0462267704480592
-1.9678380301129201,-0.48079179282751766,0.7581300886222226,-0.6139771699310693
-0.6779512449980231,1.6006268134048285,-0.24475115322910992,-0.6080155067172742
1.2183304899841056,1.2194802728880645,-0.6474381076600831,0.677081297707062
0.86376619457754,-0.20233428073475743,-1.0122138058518007,0.7316622100623291
-0.8369634237282689,1.4889205849632594,-0.522428562153658,-1.1248471922645187
1.7886678249175172,0.5355254015985963,1.0432228987430074,-0.12473642068571841
0.5222003210854776,-0.5363787934440594,-1.0270907002755738,0.6206626744117248
-3.951683512331708,-0.8217151256568247,0.7929094325573379,0.21798361019397694
-1.3268268645681855,0.16500726012337774,0.7212079753956092,-0.7584175992910082
-1.8969583440579922,0.6650719874166712,0.22308530843610527,-0.057656120587778074
-1.9647296298813282,0.6467658842723623,-0.2777325597908064,-1.0138108645118467
3.5750641950334376,-0.3416627782708712,2.7314135633111776,0.5803746418347581
-0.9235610541441082,1.3925187260744214,-0.6599052892051923,-1.2914692564878827
-5.932044718872375,-2.4023506324066117,1.6958656091464361,1.5245036864193553
-6.1960089694283615,-2.5998031862096087,1.516927275257023,1.195395229192336
0.17543064165114822,0.36394270089369085,-0.5152426882894428,0.7550574142039318
0.5588616956021589,0.6667246154251557,2.0111490922865043,-1.4309479332127695
-0.7790659016588248,1.4691583948330436,-0.3902915636098849,-0.7188021022451093
-0.24005193741297934,1.9298059597379824,-0.32902295713920854,-0.6635712861290822
-0.7828562507552602,1.522578115163105,-0.2983758290180946,-0.7417487567424368
-1.8551562665755188,0.68944774536489,-0.07401976119181045,-0.46126052401837814
-1.577029879012394,1.0024078453416614,-0.14268848931017422,-0.8051922768967612
-1.091539996457515,1.2711282693337373,-0.45718071318899894,-0.9903102416506856
-1.471745724473445,0.9863777631553071,-0.4379882384896259,-1.0324629484574752
0.6175224701235726,-0.19800845576050233,1.9223894991509152,-2.159505009771654
-2.1358313276667373,0.4556005689014616,-0.308122996320825,-0.8521079939429577
-1.868311292835373,0.7751400637989294,0.23995888379589222,-0.22832463288589286
-6.1960089694283615,-2.5998031862096087,1.516927275257023,1.195395229192336
-0.38798121314184525,1.8772532616252795,-0.49527504554203455,-1.1313969066970668
-1.2715065136209143,1.1362229064889948,-0.213456225322357,-0.6103404002093437
1.8601036045568344,0.18191255897908454,-0.989746272503478,1.2991328949653422
-4.307241305744931,-1.1147170018883346,0.9652030978929951,0.5390038093283103
-1.5566768204498498,1.021525637228344,-0.48036887182728144,-1.3904652183140243
-0.005425370352072901,-0.06680508766664899,-0.7508674197139764,0.4706806373194461
-6.1960089694283615,-2.5998031862096087,1.516927275257023,1.195395229192336
0.08915296984115145,2.2392793284144905,-0.8151703981377328,-1.595967307887225
1.1581694361748645,-0.78001073328334,-1.1621199270963751,1.0610911189004777
-1.2941974852528606,1.0977400007846858,-0.40552329160566053,-0.8837666873954221
-1.1382417058009784,1.250007805067755,-0.26934164992186266,-0.7252834088960753
-2.358613985075364,0.2649416471680114,-0.25245941287655554,-0.737185347896383
-3.064317586021056,-0.13684598399218287,0.20776211989065238,-0.5091961598394938
1.301782577653875,-0.18291333067286616,-1.3289060493195883,0.4251681380974554
-6.1960089694283615,-2.5998031862096087,1.516927275257023,1.195395229192336
-0.8910044387303017,1.3924586164454733,-0.436843691216724,-0.8388259040337955
0.5624793157220971,-0.3665847450756512,-1.3525662051803833,-0.08015470299142421
-6.1960089694283615,-2.5998031862096087,1.516927275257023,1.195395229192336
0.5448652195195033,0.9163288105313362,0.9906043180035188,-1.9721293097191492
-1.1967952412672314,1.3084794979808623,-0.31018550683571694,-1.175946034282293
-0.35129942625847793,1.919427259305838,-0.847331915350155,-1.7653072071462934
-0.7846061073594296,1.57421165855647,-0.614524529980506,-1.3964261104383529
-0.39176611866411154,1.8304909122127153,-0.12755952639604243,-0.4001213358698523
-0.942706278270444,1.3723016315225756,-0.3228362933503222,-0.7049886181622463
-0.5344446237136083,1.7134622307342298,-0.20557032567241754,-0.533164700656813
-6.1960089694283615,-2.5998031862096087,1.516927275257023,1.195395229192336
-3.87326560406697,-0.8056936463369282,0.7722056566112636,0.3885555924828148
-0.6345137876717691,1.620125574366484,-0.2282280559709088,-0.5303897479917887
-1.0219537680296416,1.3083559346175362,-0.3671247676562827,-0.7833214176016172
-1.0421726983183814,1.3380224837311183,0.08589354919227853,-0.18802879397598563
-6.1960089694283615,-2.5998031862096087,1.516927275257023,1.195395229192336
-1.4332366619770156,0.9787716913757583,-0.3703010723174451,-0.8110981092773573
-6.1960089694283615,-2.5998031862096087,1.516927275257023,1.195395229192336
-6.1960089694283615,-2.5998031862096087,1.516927275257023,1.195395229192336
-0.7362989921504481,1.5203683748251422,-0.12732465101292764,-0.3287436732401661
1.3991915804363733,-0.6614273704790372,1.7470678792354741,-0.005102509166337803
0.344565404845847,1.2285686127284818,-0.48536475710618804,0.2037944885391588
-0.6546305691642863,1.6134878807079085,-0.6099168276544036,-1.2059512455780925
-0.5004284870185791,1.7085221264456663,-0.20494900213027192,-0.44568666428472903
-1.407076696579679,0.9841435129657901,-0.1638452601557955,-0.4171181949904822
-1.76414165614471,0.7123840870090511,-0.32440346637656875,-0.7480581825991404
-2.9970230809577303,-0.039124151999143895,0.6127468049377022,0.014086793871071826
-0.9764337939894102,1.425519811038103,-0.15991952303307524,-0.6728877059364229
-0.5088627861478141,1.7040045974429534,-0.2725438236164757,-0.5538719381484666
-0.35240851578186905,1.130745347664487,-0.47732181491656506,-0.3378479913869946
-0.9224525429637207,1.3981637216160199,-0.1339203389593082,-0.4255912270002983
-2.7087890109309267,0.07782167231491655,0.15939399948345584,-0.40634113604359834
-6.1960089694283615,-2.5998031862096087,1.516927275257023,1.195395229192336
0.8617460695480054,-0.24123133089759766,-0.96175101217673,0.9405341694974125
0.8528541862665048,-0.8516294641503054,-1.4930871431906618,0.12106868594369218
-0.47437258602341603,1.7595750064804438,-0.6152615324226698,-1.2097010605215293
-0.7457452548248639,0.9219347269006541,-0.13500103184977982,0.08890258929495672
-6.1960089694283615,-2.5998031862096087,1.516927275257023,1.195395229192336
-1.507429112002985,0.9400859370482482,-0.23147269072978674,-0.6846875823668996
-0.8845951375469758,1.3815971455769112,-0.23696521352596325,-0.45621905157430753
-6.1960089694283615,-2.5998031862096087,1.516927275257023,1.195395229192336
-6.1960089694283615,-2.5998031862096087,1.516927275257023,1.195395229192336
-1.0655307852480025,1.277009229920347,-0.3666958001741038,-0.8070356765570781
3.4340693418647126,-5.059351692712572,2.206390946287527,-5.860789104894043
-0.5238705245214752,1.7234619171986099,-0.19757042434859154,-0.5285144714468782
0.4577831840701179,1.036767471455028,-0.31730076792815504,0.88759116836471
3.466724287468411,-0.7213227403002838,2.0644063438202567,0.781795413955406
2.6377362085045397,-0.6511783251738178,1.1146687733187723,0.645435583178295
2.1935455156699164,0.41362869089636467,1.598175472860983,0.32045561482182505
-6.079202927781011,-2.5124290392396698,1.5961087494019894,1.3410280415159161
2.6384665512905174,-1.842565653729306,1.3052379570393022,-0.16806848158894216
0.6637046189945021,-0.7038017493496467,-1.397818005491104,0.09213931381378017
-2.1248112147222393,0.46503064990929116,-0.310898156674612,-0.8578352760524085
-1.194059123158379,1.2033673447299893,0.07097828158049747,-0.15077561227857963
0.2843383722528904,2.333141037153053,0.050020598545242954,0.04817746885385738
2.3438952221771836,0.3463085350387887,1.821314355477102,-0.056505407987378624
1.2280462590548735,0.3332053985750132,-1.0625544672362761,0.34358795454100566
-0.29788626413052927,1.8645579699035317,-0.410664070320826,-0.7543572239063783
2.6981344397338547,-0.23395200295505122,2.0290856893546416,-0.15289341133949552
1.0502475015054238,1.6022254803405318,-0.4682376038483361,0.5896267855234435
-1.936747373035977,0.564650493577693,-0.28163147840741404,-0.6597139729396121
1.5290590198934257,-1.7815249562191176,-1.9656390703172928,0.20388612822122656
-1.7525137122152878,0.825467792724919,-0.3511051525286543,-1.073217562428317
0.5910125306757584,-0.2962369412266214,-1.2567764453603305,-0.05703055977391557
1.4207763529331674,-0.9559261421554078,-1.629229454454385,0.2683762530043899
0.6069923808283031,1.2154606546729831,-0.7665736825778272,-0.06575091104623035
0.6778602944047268,-0.31099830587390115,-1.525599285922177,-0.48614517776230626
1.028275522516817,-2.3665933710110876,-2.38172370190212,-0.7700059330176169
-0.6583956841502594,1.6544733976938468,-0.4550173292817567,-1.060903842130885
1.6433415746272404,-3.2468864124678785,0.1423583931674389,-2.0080161412368396
-1.1005747590591621,1.3010264319642089,-0.016068976342449654,-0.396827333390011
-1.885184381968067,0.6462569884106004,-0.5177509806354149,-1.1697422147874175
0.9521096446071915,-0.90309976562565,-1.597983690950618,-0.015934292648916343
1.9387322723184761,-2.6611274822522692,1.558565336072485,-2.598530377691957
2.596184113876139,-2.1079027017144076,1.4111647007189903,-1.48154514543939
0.43888722482753084,-3.328348266736515,-2.392177064054969,-1.0319237557128718
-0.38693312376450056,1.8242225906118994,-0.06456808495806923,-0.2637527371326101
-1.6391537958669853,0.8765969191008443,0.05860156400943758,-0.2867176866097931
-2.579409886398273,0.07592943249123241,-0.1984476700723107,-0.6255510095061876
0.6405921635843483,0.3718462030483057,-0.9721217366121794,0.23829304965583356
-3.360708935984189,-0.44350575310252843,0.5611432148573834,0.21836158907152506
-3.927612611360941,-0.8522470648863416,0.7848597978940326,0.41477894698750667
0.2041695248515026,-0.40492539872192884,-1.334151800013548,-0.42079316564759994
1.7510496206785902,-0.02049445400154925,-1.369502083756561,0.30017727189471316
-2.7053371413833425,0.038815477316270226,-0.18644167098090472,-0.7843570574874283
2.7001295085820725,-0.6338723640215298,1.6772924626188481,-0.1696680099844294
-1.4238956856428013,0.9560141389515361,-0.2771019153502559,-0.5710033139618876
0.10454410477872667,2.2323904466251143,-0.5052687671150942,-1.0159693878722396
-0.13375814894075183,2.0464313532532543,-0.3316051098086546,-0.762669033324102
0.6968190936882764,0.9393744835056296,-0.3613131677278736,1.0473695733249484
2.21447369912304,-0.7266724099962273,-1.6679318092320259,0.7495683192006259
-1.467900292952533,0.9476087474661911,-0.19802221166034742,-0.5274930715061924
2.4767461561857904,-0.6911151627070994,1.923115867311142,-0.9821671948875252
0.6049856859375509,-0.6817717416935396,-1.0664270598274224,0.5090447447304091
3.1576045931721106,-4.557959227827834,1.012314640641371,-2.958143714759309
1.2591086594777974,0.5084246605227271,-0.8570612416426115,0.8814677531394383
1.2797963422080632,-0.29808953010476974,-0.8857445706130825,1.3592936724096756
-0.6190593448805584,1.6237251034827824,-0.5081020673598929,-0.9813692342056711
-0.5127454894501071,1.7545792237741116,-0.28156456020866255,-0.7136005347639182
1.8914558472979746,-0.8099290583603279,1.1993169206659517,0.990621376916058
-0.0038404388863289467,0.10967376289519566,-0.49255960654952646,0.792192747060589
-0.2034473387523291,1.3664432034700533,-0.2898520567212328,-0.2619524688384109
1.6768194216844143,0.12235596802905646,2.2740834249058426,-2.5072514205331746
-0.37961114351007613,1.8316646185559087,-0.6512462669219844,-1.2555249631370033
-0.5357438531597055,1.6785193562916791,-0.11020048276348521,-0.2694850446759403
-0.7126183431968967,1.600390738755391,-0.21580180573757715,-0.6514556929856478
-0.3093903874594986,0.17580451535735486,-0.6206821052293565,0.11028868733614283
1.9116266729615734,-1.2448848036329072,-1.4128490906674342,1.534538363177652
1.9969700214158823,0.4711019235682351,2.17962696744671,-0.39007722029208786
2.3416620959811354,-0.018530529356544253,1.5501366268990109,-0.0035292495228333104
0.20723577109692407,2.3862794193175616,-0.4043255779490354,-1.031898543078934
-6.079202927781011,-2.5124290392396698,1.5961087494019894,1.3410280415159161
-2.9618568575642144,-0.10204055425324046,0.4641806387534645,0.017888816863660298
-3.0730747653924135,-0.2759330812608845,-0.09534065276443812,-0.5961880787341279
1.238744444757064,0.11907630528427755,-1.0461957637281984,0.7045300554672997
-0.7791638782789565,-2.3825426090140653,-1.829983665889467,-1.157905334951056
2.817754463554451,-2.542082619983795,-3.1496929972644896,-0.9157301981670061
-0.3747399706022412,1.7892832358289905,-0.049936265851408944,-0.11014349109728906
-0.7438046488519768,0.44854629842556076,0.196778442069978,-1.305671338640491
0.5323216961412849,-0.2691599760099042,-0.9560466276288034,0.5434257650330383
-6.1960089694283615,-2.5998031862096087,1.516927275257023,1.195395229192336
2.0206792301692875,0.10589813820121984,1.3051662358976452,-0.44267978521604817
-1.7019358789297083,0.8019520555433634,-0.09678873207886388,-0.464023413356657
-0.7961001696437764,1.4578096249197063,-0.05414930956656224,-0.15599152622589815
0.5379210464037111,2.547724124649029,-0.18739045157438497,-0.36853900533350714
-1.0043622033020085,1.2746361628125729,-0.15513525133818337,-0.2946294889033421
-1.6903243918862378,0.7755558447481274,-0.34288083769742156,-0.7862028757298001
-0.24254413143599043,1.9757980897102274,-0.38684998290738354,-0.8909135005799832
-0.9784113505471264,1.336492105614249,-0.5269039278137968,-1.0347867687722505
-0.6306890266875008,0.30446895719920825,-0.2879951682535313,0.40248660675820147
-6.1960089694283615,-2.5998031862096087,1.516927275257023,1.195395229192336
1.089768218350902,-1.055176269193436,0.8729303840388695,-1.0626894189056761
0.7560732544712657,0.3911889816288045,-0.5744905572517989,1.2006128895148012
-1.6163807579959,0.8034078359972765,-0.3553142696482133,-0.74886436251501
-1.356551916646063,1.0984920130515203,-0.6535481168148303,-1.4497155330454377
0.31692379218549493,-0.7798627425361395,-1.233796320939947,0.2561647681739853
-0.07472553521654222,2.157455715094815,-0.27208294904307856,-0.8391521762468128
-0.27041227295951775,1.9620445745009545,-0.7430449012760522,-1.5219990962830943
-0.8877500810592186,1.425468091383795,0.09162775921911988,-0.04525775100661605
-1.8838832589322796,0.6083077495474604,-0.45413574861433753,-0.9546022564119928
-0.9130844344613218,1.383930802721069,-0.3482569528149781,-0.7140728031098076
4.300062192161527,-3.129970319894861,1.5604155595827824,-0.349204058938861
-1.7609057019458099,0.7193298691701906,-0.26054918005503463,-0.6508465451741016
1.161398626346474,-0.5191957198620205,-1.388244600757214,0.13491038342817666
-0.9009376738008289,1.4363223914946905,-0.4065534301984903,-0.927299482494046
-6.1960089694283615,-2.5998031862096087,1.516927275257023,1.195395229192336
0.09117318450817014,2.2303169760519617,-0.1758146847019381,-0.49785006623702865
3.1194984273930872,-0.4367744463165652,1.3471964280755697,1.0694481561719582
-1.8596876068279617,0.6544432941588584,-0.3395737566947486,-0.8294339717173156
0.22053132665346944,1.176318338040044,-0.1520845424372528,0.7944679786703355
0.7049964129934222,0.2554376060776298,-1.3187308272648481,-0.3878765583444174
-0.6385555664613386,1.6279116848309123,0.0934030613463235,-0.034965613668190836
-6.1960089694283615,-2.5998031862096087,1.516927275257023,1.195395229192336
1.1502126029834137,-0.1612398336447084,0.7037600524620482,-0.7576627269573766
-0.8308066471138593,1.4393137026719345,-0.3302064066111226,-0.6507127787796522
-0.501487884307801,1.7119432347164,-0.09066639025011944,-0.2505922559037845
1.1824540512818187,-0.34614239653444284,-1.0942048274943639,0.8526645032710536
-6.1960089694283615,-2.5998031862096087,1.516927275257023,1.195395229192336
-0.9950589572405951,1.3477961964181078,-0.7082773373703234,-1.4125179888228239
1.58848484648664,-1.0436017327251268,-1.6516579272276384,0.5212966514533534
-0.4656369101136936,1.7714133676034747,-0.34706207996828947,-0.7661188367881724
-6.079202927781011,-2.5124290392396698,1.5961087494019894,1.3410280415159161
-0.724155899027519,1.5713204482024727,0.08552980452489732,-0.08353822153191258
-1.7044919106693912,0.787242050930372,-0.3787554039445718,-0.9102853318210585
-1.9682423143149084,-2.1091144177104955,-0.4098004102246405,-1.8778082481629834
-3.0253320727418576,-0.23506098520412153,-0.10697670723859604,-0.6202427237443914
-3.1260888877310893,-0.32132214251024455,-0.08250913398630846,-0.5696524359311038
-1.7166262005184247,0.729349301318568,0.014215701493249334,-0.16326349645692104
0.8951164736223615,-0.9686590963743581,-1.18429221684349,0.9014873739871846
0.04510412050448431,2.20561381874814,-0.20764096176335525,-0.590551482282645
-1.8562384477815628,0.6948318905139153,-0.37897689065182655,-0.9982872300875153
-1.5630801533137457,-1.2073502117468133,-0.1855686566057583,0.7759273776425027
0.7001699664032038,1.2582524886235187,1.4712329228144347,-1.415174097197321
2.8484152895237944,-1.1647948537698782,1.2196093087208193,0.1263099338172895
2.834534729017241,-0.1948920271548923,2.0368896772918244,-0.14852274664181722
-1.956076491328611,0.6798599268089617,-0.3774866832861918,-1.1783818027137145
1.7922213714482234,-0.9158587812847246,-2.3524354438926327,-0.9989834722752684
0.2736543209861035,-1.8871381661308588,-1.8010155772210272,-0.5158070047958019
0.5444475554832491,1.3646861981866734,-0.34260475561776177,0.597928261811639
0.3977970634976469,0.958723107670737,-0.44615123826301983,0.48590868359284006
-1.3424102322394713,1.0732497563348637,-0.43096111568267353,-0.9679311124713078
-1.0140126409995787,1.2999628444115083,-0.3526465754850349,-0.7186350778299052
0.951125153599465,0.6784585248935999,-0.6245637416653343,0.946468186294099
2.2309027705329196,0.16421308972103676,-1.013504711299978,1.614299297521205
1.0434608599809663,-3.704766484667171,-2.7900054306675512,-0.9404990269856449
0.8702190651600847,-4.026069088127428,-3.086966336757341,-1.7230134633885412
-1.3083751597288482,1.0602333698730422,-0.08584398807814966,-0.2911634089431067
0.6989912553860231,-0.6555318616677398,-1.3640894771300092,0.20342272659786326
0.39814526455928795,-1.4644538326580887,-1.675239726145473,-0.3182896474065176
-6.1960089694283615,-2.5998031862096087,1.516927275257023,1.195395229192336
0.9882335560827129,0.7394242211309713,-0.5077616486785949,1.2494362320547197
1.7851028183742674,-1.0106209518003164,2.153172703655724,-1.3488026670894175
1.3573340311178164,0.6075913167717849,-0.5688533326111056,1.5085502789787906
1.8380697443140859,0.9076524449721188,2.609979511601787,-1.7933562049919478
-0.27306616768658826,0.5623776507339142,-0.5910060782285017,0.10011080228978869
0.6228837188828769,0.8683063809512013,-1.0549219676378718,-0.40858465274715317
-0.15503007945135744,1.9778693088751143,-0.07333565269872208,-0.17185121042264215
-1.7286155314055731,0.7194348475783781,-0.43455581602667165,-0.8763180051400093
0.23458393857850166,1.0779087291128149,-0.4534780977815965,0.4034387386437677
-1.5724687328011901,0.8200026051663667,-0.3368885321394422,-0.6353974518579286
-6.1960089694283615,-2.5998031862096087,1.516927275257023,1.195395229192336
-2.3408727336354307,0.44256503888819104,0.5328756957412545,0.01263945136463103
-0.2971748484750059,1.9282165787175929,-0.16898550637903156,-0.5256433486837776
-6.1960089694283615,-2.5998031862096087,1.516927275257023,1.195395229192336
1.8452933414371264,-3.3507478107156548,-3.1556694010342423,-1.2150100959001973
-0.8723968438389085,1.4416881737784593,-0.2982580986912577,-0.6945393851743602
1.6385097741846588,-0.08632952366340126,-0.9735284347696745,1.3628498058852865
0.9685348153644511,0.33305331433817875,-0.8876244717377307,0.7376925226458526
-0.036398502752532993,0.23597763927221677,-0.8148663201602279,0.08611072448842295
0.7588676383534312,0.20518453583605945,-1.0496029782622276,0.3106812521182448
-1.4030151593147753,1.0197121373678402,-0.1328341662900823,-0.48038167196509907
2.1677957518451207,-2.3876797483608216,0.021155420513032173,-0.016178004259599827
2.8736127030635865,-0.7283947990132108,1.4339355087588546,0.4073995830448229
0.929199519419592,0.13298712261192586,-0.8745991737580876,0.8612660603022259
0.7883256842651216,1.5607391227547385,1.1408464387450874,-1.3152319382206232
-5.996327722334148,-2.4504360953922966,1.6522888993736964,1.4443561662507634
-0.9717801403195188,1.3285819502054925,-0.06314665107159442,-0.21140398068307328
1.3698083281800126,1.1808537933954057,-0.6317994775092155,0.9164551292032705
-6.1960089694283615,-2.5998031862096087,1.516927275257023,1.195395229192336
-0.36937251892570533,1.805199260789627,-0.2510493159108142,-0.48173000663480847
-1.7750915536382461,0.7623895230728999,0.12683015040467838,-0.1817764906912077
-0.7175352641672171,-0.9807806380364318,-1.1826083786503259,-0.5205177631326662
1.0443134082813776,0.5353304524665526,-0.4054092464335265,1.4401066984042095
-0.9663386723929228,1.3218931965580747,-0.38938722981451473,-0.7348102471851594
1.9193648233272096,-2.0537691985727253,-2.430401362118692,-0.5010769060170952
-1.3052340347648381,1.107979401561606,-0.11266890773813176,-0.43776222704486234
0.941503195198954,1.7934197467690827,-0.12118958518902956,0.9298442378952613
0.7126646190586764,-5.668465399198781,-3.5109273062937296,-1.5930779635456518
-0.00787329501995827,0.6214374690250763,-0.336942738240246,0.684849480839612
1.639540441634541,-0.7332701406498908,-1.1460900454370693,1.39528305673772
-1.140505717701256,1.2459873165385382,-0.4825664479793817,-1.0743527504213668
0.47051248246800703,-0.664899378528512,-1.462539045396971,-0.21490867985437656
3.325182331343882,-1.268075925010881,4.615281055193249,-2.3108429995424795
-2.840610253815291,-0.05020527530833676,0.388526048800901,0.037167856442865695
-0.9234792075024942,1.4741655123206678,-0.2520714606995467,-0.8591941634164478
0.6917113552783203,-1.190136897727868,-1.3914767464999134,0.4471092740029945
0.6047396065696445,-0.4008789030969331,-0.8441799204185513,0.9160131978122941
-0.6746592150001668,1.60311475049282,-0.06694699093919995,-0.31625813677205555
2.410041859163329,-0.9254035566676266,1.7362312222238692,-0.8865259051398279
-2.9052929864081807,-0.13230992783346576,-0.13652087679055327,-0.681286774321299
-3.791781007688164,-0.7863041378947462,0.5086147829093259,0.11616338775566709
-0.27943152948655686,0.4929819050119518,-0.3154610622914659,0.5913487291539707
-6.1960089694283615,-2.5998031862096087,1.516927275257023,1.195395229192336
3.86912091741153,-1.835103999610729,2.903225185011854,-0.2737326503907115
-1.4922302318961909,1.0766551300984875,-0.49699616264410135,-1.4247383491594316
-1.6598293974220797,0.7722047860949612,-0.2793793116985028,-0.6019428601362073
-1.6865685646673052,0.7554170337554409,-0.44510238464984414,-0.8980880580212484
-1.3341678121367584,1.1000588398083306,-0.11132750658368384,-0.4779460767370628
-0.8982589497155923,1.451352628443179,-0.3252980607535562,-0.8611639535333214
1.3034275497789694,0.330828564788673,-0.6503904949830948,1.4733873535968804
-1.6737464567579823,0.9106130384960901,0.07142673987137123,-0.49326696551926785
-0.2762545310609968,0.7253279857362261,-0.4350196738508353,0.12246007408410767
1.1938779080996764,0.06812622908126298,-0.7836607361700936,1.1055684086609872
-1.3712510756645235,1.0259673135878133,-0.6117189678337503,-1.2134351912000942
1.6558544382707612,0.04881414939817079,-0.9250060834520815,1.4623484357166774
1.3607990641344736,-1.4029235068005808,-2.0028555754325055,-0.25567947538154673
1.3633901626406437,0.7337216570824603,1.7558114229548096,0.16332733200488989
-6.1960089694283615,-2.5998031862096087,1.516927275257023,1.195395229192336
3.8503562336847463,-2.5182568535794845,2.142898950805874,-1.0974994469794563
0.9836820443617372,1.0423556992016834,-0.5641577793973392,0.8198934389366406
-1.073747928158062,1.2614247547472865,-0.3210779524863014,-0.6932545247383598
3.40138631276986,-3.2313188426411785,1.4447845215589499,-1.5216100994582051
0.9809499848183957,0.287799522970785,-0.6155152905406126,1.2746879228570154
1.6181711754464407,-0.9520570262191606,-1.701907875385359,0.3144041475666372
-0.3571640492603568,1.8186058308699846,-0.07881386962320577,-0.1989088281916415
2.4668134717383086,-4.226613885825178,-3.8721034361101885,-1.8278026886417176
-2.6006929244982615,0.12835959785893086,-0.21282740142039028,-0.838807523612269
3.595732275972361,-1.8581693168979934,1.8889589230725088,-0.5068688899262687
0.7874643377236697,-0.2908754589134453,-1.1538014350811403,0.45212112726334425
-1.1212001114813062,1.1702605787665803,-0.21150196165066673,-0.3677258626562384
1.4420854249487465,-0.20425475624139516,-0.09783319128074336,0.5508778165566844
2.1935372218266216,-2.233391735062814,-0.2594660937626973,-0.7708594963182508
1.515365590374784,-4.172134308192756,-3.4273820583703,-1.7223572101624836
0.01888054856759116,0.620133037915085,-0.529220198656112,0.30056095761556356
-0.6344677837936379,1.6013111528279718,-0.08187927478810583,-0.24195735306574714
0.39930281511798016,-0.22727218867178162,1.7427834418071841,-1.9255681996301188
-2.456449360523234,0.18119788877730453,-0.228350576172225,-0.6873749222991717
-6.1960089694283615,-2.5998031862096087,1.516927275257023,1.195395229192336
-2.6398664914958068,0.09483955098655361,-0.20293268189316319,-0.818390255868992
0.7193795619634621,0.6990681558059486,0.5400704356968944,0.588455568158977
-6.1960089694283615,-2.5998031862096087,1.516927275257023,1.195395229192336
-0.24647034235968945,1.9237560288341302,-0.09789047866921505,-0.2775594940816863
-0.18794982064825105,-1.2968293653390814,-1.1613606822235614,0.06720093627880672
3.3221324942353068,-0.03459817668408531,2.843292498464517,0.15427149783601654
-0.8431348466131124,1.4485500393675965,-0.6259780961393043,-1.2062333908786458
-6.079202927781011,-2.5124290392396698,1.5961087494019894,1.3410280415159161
-1.2533242425782742,1.1452824325310087,-0.39954408170591243,-0.9111701291249893
-0.26258237424542946,1.8866881181606387,-0.2631457727994588,-0.485713981067864
-6.1960089694283615,-2.5998031862096087,1.516927275257023,1.195395229192336
0.3801923537723394,-0.3087496744369236,-0.9501022416868488,0.40678544929925153
-0.07368463655183387,2.0455591589116566,-0.16207908273095625,-0.3247143906648939
0.17205241565365734,-1.2498264754311932,-1.4007536513481702,-0.05227947851810084
0.7898738813303967,-1.1074560044993849,-1.6522267398131425,-0.18307712432488757
-2.2589330569404846,0.4469388607499787,0.36074083258814754,-0.07345693355972342
0.24016186207708942,-0.2799624616917808,-0.9591207131485985,0.3902409052192476
-0.8379789663960399,1.4550903623467577,-0.07873914156650566,-0.31046307043760907
-0.8698977520842723,1.4281118441586713,-0.3193707711718489,-0.6884170931718278
-0.3191363511625551,0.7524050580898581,-0.35749318872379027,0.3399972793503355
0.960131041275368,0.10900639237466232,-1.1758430248684282,0.2699948454683589
0.032771304107989785,2.1339124758381844,-0.2953145995131348,-0.5532537539158338
0.9704470146925395,1.0964326301099372,-0.7313478971138891,0.2423311112330834
-1.1726250572869739,1.2069430636704546,-0.16509795748117137,-0.5000789234266665
1.3204023477061884,-0.9877152435972035,-1.619468184255965,0.39787253690049046
-1.7986234742099407,0.7289927235709356,-0.19573219698138491,-0.6496695536214652
1.1929580522195078,-6.991030108644976,-4.809356365002594,-3.1820839030058576
2.5586890451144093,-1.2494126740510805,1.2756254400609344,-0.6260751097521202
1.461189595610488,-5.5142466433391615,-1.5210296759774085,-2.405100150341843
1.5245677528963235,0.36692973300889953,-0.7496264613640407,1.4432206676318966
0.23368144244099168,0.7972597892593123,-0.7935692234003592,-0.08747836776902139
-1.7199364643027666,0.8051263712169257,-0.15838953928655183,-0.6770939227439986
-0.36350640228139175,1.835264606317808,-0.5131939123378841,-0.9946261378263385
-0.9797159427118853,1.3555176262143478,-0.014493379594802978,-0.24652766082604002
-0.5214302390591828,1.7680460346576117,-0.651546716126255,-1.3988949272145883
0.1807298048911479,1.1059303228813275,-0.4161164889200905,0.397023942434381
-0.8639261114748862,1.4825974002976408,-0.5535831752385592,-1.2207714255311743
-6.1960089694283615,-2.5998031862096087,1.516927275257023,1.195395229192336
-0.4234322947203245,1.7775729782239302,-0.3520447251306104,-0.6980220109489385
-6.1960089694283615,-2.5998031862096087,1.516927275257023,1.195395229192336
0.172994158645452,2.2827150767556086,-0.5811263445525775,-1.1290821680390486
1.9577643180021926,-2.175156458225529,-2.28974626683903,0.1303687897499337
-0.8420346497371971,1.502770593778252,-0.1721325901422092,-0.5828183389509225
0.7667754122667264,-0.13056512447862909,1.249181389633384,-2.5887170847807495
-1.5240749150727755,0.894461765941744,-0.48610020194246023,-0.9826898379200076
-0.49971771902351836,1.8104688269066904,-0.0684003804543721,-0.5180397077260395
0.608241652411424,-0.63601184491577,-0.6745363357641346,1.3164843566768938
1.5492230520460835,-1.8463357302089805,-1.8816453181280801,0.4954457458457886
0.765071931629633,-0.48260833506923195,-1.1178895485105147,0.5463583293840013
-6.079202927781011,-2.5124290392396698,1.5961087494019894,1.3410280415159161
0.29178629607787576,0.1561062963160666,-0.386240298270999,1.1556389645096237
1.4758830915308174,1.0048706537531054,2.517529588739975,-1.9761033404047563
-1.5777553521521488,1.0603111827398526,0.27379330996363804,-0.37081102086294127
-2.300611063532911,0.4898726675569846,0.13654105974801056,-0.6520706759993592
0.32044667855570885,0.24957952480027784,1.542851789037831,-1.8673385249636711
-0.5923606761080162,1.6353128851884982,-0.10098752077424503,-0.2626324421000748
0.1869963969365028,-0.25147610386513125,-1.0757814236345076,-0.07875572201631313
1.473839157551916,0.9538589262151856,-0.7051252220616382,1.055995700198242
2.4562395041407905,-0.1235070498050064,-1.2201809180560428,1.5796032596297576
2.2605397697116483,-3.2075387010711798,-1.3808308663451574,0.40096879697317733
-6.1960089694283615,-2.5998031862096087,1.516927275257023,1.195395229192336
0.036843367236021135,1.6711751427657209,-0.07511643756261599,0.09599039918767817
-1.3824388983935827,1.0316697306975464,-0.006144545053781279,-0.2507448154952073
0.01919889658400686,0.4353870860356929,-0.4855775872435771,0.5576724779099088
-6.1960089694283615,-2.5998031862096087,1.516927275257023,1.195395229192336
0.31385017121763215,-1.8848364195597493,-1.8857457071777117,-0.5876587406713744
-2.0779918200852183,0.5130716720830533,0.24828554312928555,0.021899345557021013
-1.1849197233951314,1.215807784622846,-0.3048401176910038,-0.7884765217948111
-0.7163780131413128,1.569528948624997,-0.4858493897009371,-1.012791247363137
-0.1971976498274798,2.108099137163149,-0.7257255374507102,-1.7248621152214332
2.0256188277821097,-0.16036210518165553,1.482501664400166,-0.7557512272257417
-0.8714391075611997,1.4198863575303673,-0.513386397513592,-0.9996519947822932
-2.9161005290684376,-0.13104332564256096,-0.2869073218313721,-0.9692041786424096
-0.7544004894817227,1.550373268082172,-0.17900876866870488,-0.5450842744475569
-2.803917141247307,-0.022020936125547477,0.2020961148108479,-0.24994643535501102
-0.12074536540817392,-1.5022839268943486,-1.4806192581789979,-0.27812407693399677
-0.7260312013383244,1.573004551485876,-0.22583715891488812,-0.6015205221529972
4.104151258522472,-4.2681693151753635,0.5079472926886682,-1.9459805017932386
-1.672012198149943,0.7912265012125721,-0.3474787694838593,-0.7956933543659146
0.8838351666830702,-3.9946900947661925,-2.8710295736323266,-0.9481890181210575
1.7585379888663386,-0.6335959040504887,-1.217041803239291,0.9319525592923813
-1.5280280321694955,0.9842072507720753,0.044819528740557966,-0.38873953875208633
-0.4363754326983539,1.8054835753779688,-0.4523538578295963,-0.9720719103999614
4.509580862014359,-2.5067396541558074,2.9429645342783264,-0.0862181474939773
1.451446772922523,0.8711459693683008,-0.4861923651421234,1.4942943256391092
0.5217501037448663,1.144692556107099,-0.5554329263322488,0.3716320804575528
0.9821844169899111,-3.4161410030531587,-2.587278797290306,-0.5019254727090237
0.09010586685829271,0.3244176765142172,-0.79401953980087,0.035074414010161446
-0.32367879714898906,1.8563930896043148,-0.17485695364986445,-0.39950842546338694
0.5729962409261142,0.41197776525926855,2.096256347576322,-0.6079413313983891
-1.4561563491964828,1.0431658520483706,-0.11615908752612275,-0.6524417320117326
4.7366424164504135,-0.5219464133804237,3.6388703724001217,0.8746129998587974
2.3972276543111524,-0.7066659959638384,-0.5193779488044211,0.8082385686061105
-6.1960089694283615,-2.5998031862096087,1.516927275257023,1.195395229192336
3.1992488738962157,-1.6112951015208548,1.0697066871763463,-0.26970166402281376
1.1823049601782354,0.6519633151179449,1.7891437167224313,-2.125711883294218
-6.1960089694283615,-2.5998031862096087,1.516927275257023,1.195395229192336
-0.3495809154107308,1.8449136137599107,-0.36554268840983833,-0.7389991401766789
1.3356601320927315,-0.6766037209351302,-1.0199219335849075,1.4939157896315314
-1.597719758840674,0.9100241728323076,-0.3649818623428697,-0.9812158172229574
1.0184472436750496,-1.4357565371345897,-1.8017962293808722,-0.1285862256430307
-1.6116157857428708,0.8488798986725962,-0.6285646480120827,-1.2989477721195775
0.5577078486098707,-0.23026445414946003,-0.8459549395931396,0.8320981875094461
-0.8164485292202575,1.492372475326966,0.02827360145523641,-0.18756274604496523
-0.2653883931555653,0.047261933948802355,-1.2944195309127187,-1.078520997538059
0.6702817355847231,-0.2137435584071008,-0.6142191717780939,1.1967475933413907
0.6739011837454174,-2.690460534631978,-2.2051810974014683,-0.4556047895990004
0.3026273080160323,0.27602320246910306,-0.6164011776178714,0.6945741379710932
-0.5905065030705196,1.6542422043776321,-0.5931420109516448,-1.1451914970273314
-1.943616244848648,0.6221582773217885,0.05792640463328138,-0.28459998468120334
-0.7495323043391543,-0.7774927675833224,-1.2060778003185393,-0.586193641431096
0.7082444033860756,-1.1810914989302852,-2.06073638430976,-1.120065816111703
-0.049555665878049944,1.1831467927372146,-0.2094344969334633,0.48577830241973263
-6.1960089694283615,-2.5998031862096087,1.516927275257023,1.195395229192336
-1.6891646502471276,0.8226589549477947,-0.22328341893426965,-0.7065302437449074
-1.6140557437016132,0.8593592956584845,-0.11634763148125676,-0.49475769135095005
0.5866796446528967,0.7505909499387459,-0.6355987594946051,0.6367385889428916
1.9465268696393632,-2.151178285724805,0.4872046552411343,-5.005515428438524
-1.7818464840401331,0.7430006668552286,-0.07394158827763672,-0.48573141601718606
-1.7243467176601628,0.8554232329357115,-0.13225841998321577,-0.7174758862689504
-1.3948872143385476,1.0744467122140637,-0.29803728148144976,-0.8607369280460565
-6.1960089694283615,-2.5998031862096087,1.516927275257023,1.195395229192336
-0.6960645610427874,1.5414713557701978,-0.08165677442211058,-0.20661539020557587
-0.6594636980219092,1.5602626421118768,-0.2576116741556001,-0.4828602796039213
0.6415489557315172,0.5568690498222545,-0.7720574274391263,0.5153051845273515
3.254011552534415,-1.675700482618673,2.2093539308778416,-0.7977838221898643
2.232368394902007,-1.4548285118201136,1.3430300830795245,-1.2620189239682436
-2.4786530714090413,0.16219058979735523,-0.22291524332459836,-0.6761412973194753
2.366137286999522,-3.011944965375242,-0.6227149809053834,-1.2441267069585065
0.8849781038333266,-0.3173192072752418,-1.0387169458841379,0.7150630803796958
-2.063512711347253,0.5174833295702549,-0.3263649024419048,-0.8897518640435135
-0.03956595482651538,0.2350482939736676,-0.4965065363838553,0.6858123800360477
-1.675869709285973,0.8408105121705909,-0.0228541480506614,-0.418214413046218
1.8178951948422342,0.13244000334915204,-0.7729621659965112,1.8355204654863888
-1.5613501454630538,0.9557472049802292,0.07693074352031616,-0.3257977286015005
-6.1960089694283615,-2.5998031862096087,1.516927275257023,1.195395229192336
0.4512522461991099,0.431306583530402,1.6914318941089046,-2.023140104823647
0.8139392108806205,0.3856137946587898,-0.5625624890061892,1.2796092008862268
0.795270358726552,0.19607486374727848,-0.7070851456955906,1.0881081422756864
-1.1060639962382712,1.24608614891369,-0.41849265357508464,-0.8890758751756472
-0.7633619540505585,1.4754171060489214,0.07523484366045487,0.08098143299981414
1.5395061866501074,-0.25833826363288476,-1.01968210664052,1.3557169417755524
-0.16622194212443078,-0.6011399178978909,-0.800215383586154,0.4655816390481674
-2.745121264286372,-0.06598179883452618,-0.15907754953652478,-0.5440528576007951
-0.05075138810841886,-3.260740326575218,-0.025458518358817045,-3.508491838773125
-0.34499219141021864,1.7860280449156412,0.11600568951896639,0.24441672623227884
0.4626109729693171,1.230256453143608,-0.33365371091806895,0.6213795794560316
-2.4188012040823876,0.2574131564742852,0.08376801945293393,-0.3364226439797486
0.5667077128655179,1.4800258491702984,-0.617031013806792,-0.1983565421118613
-3.2845335613752926,-0.35197243310490295,0.38674751040603084,-0.13595760741297877
-0.9583086286788153,1.3322859900799484,-0.2952800422414001,-0.5851982195627745
-1.1798333518505089,1.2496637125039889,-0.6991097551486988,-1.543633078357515
-1.726087813317388,0.8445987369674369,-0.01764550416544704,-0.5399400255087627
-1.3740811000961821,1.0167588321051269,-0.3505876190317411,-0.748978856462057
-1.4614813914308127,1.025313294086205,0.053302484542988714,-0.32799398626235104
3.191327158466306,-1.0166981813597542,2.115393245389558,-0.7550697595468909
2.2217205477786073,0.29189216392821654,-0.6714774864207692,2.23774889296064
-1.4815678324891763,0.9541865100157696,-0.3955710418312775,-0.8949305906496269
-6.079202927781011,-2.5124290392396698,1.5961087494019894,1.3410280415159161
0.4200076546945658,0.591687860765569,-0.38063730938430324,0.8258060804946317
1.5180412226620874,-1.0422642144016026,-1.6728056244745846,0.46453471662433177
-0.9770155902436334,1.3985603051022042,-0.42250308679140675,-1.0707192124012928
-0.01828295171584475,0.8433106223865647,1.7038196150172817,-0.9869994608082007
0.8085806784668547,1.248108583842889,-0.5384859921819883,0.5761190001891935
-0.5801934905365836,1.6600729033491246,-0.5996623276298255,-1.1491801342337649
0.9020435528708842,-0.7585824474819448,-1.215875535130039,0.7287653320234012
-6.079202927781011,-2.5124290392396698,1.5961087494019894,1.3410280415159161
1.0575334690100069,-1.2019454287630218,-1.568517745449213,0.3353156469874129
0.44949490148967497,1.8402433118294277,0.6349294407727815,-0.6242062561313134
-0.3343560223007806,1.8598682616686906,-0.09011640992205436,-0.28693196736724885
-6.1960089694283615,-2.5998031862096087,1.516927275257023,1.195395229192336
-1.1017280215198062,1.2600431103054335,-0.06689311544345353,-0.33719850142709124
-6.1960089694283615,-2.5998031862096087,1.516927275257023,1.195395229192336
-0.19181701432298576,2.0049812963175397,-0.2974723626127776,-0.7056794208097686
1.7709912639414245,-3.52019962243727,-3.086834999394732,-1.025171201147122
0.2532668132003766,1.7853611471436996,-0.28625857461889787,-0.11090184789519676
2.558651608467307,-3.1881366473669353,0.9791315514289564,-0.668295155977657
-2.799890669391889,-0.03163733417130956,-0.31696107672369317,-1.0311453979298895
-1.1262613718425465,1.2494244774546495,0.14386621681035452,0.0019181398785548388
-1.0481905047520967,1.2820453583429525,-0.2960954586742259,-0.6498203489722901
-0.9850856037572564,-0.3088343836818437,-0.23312275436530458,0.5777990267028541
1.4443740241909362,0.44107428992649367,-0.6324707274198296,1.6103571088870154
1.695392291661223,0.7749366425759878,-0.5493118142011018,1.7309841552058984
0.31247728428376487,-0.6916093496763278,-0.9182706058109912,0.6395316296086992
2.233440832721303,-1.2896994987182053,0.6339787901790742,-1.1449167892254888
-0.12967918375737442,2.045667727937673,-0.5294044613460268,-1.0718541069586087
-0.8451565547231732,1.5224144745062163,-0.5989146136595043,-1.3642488058559528
1.0865629362705076,0.6054853853247201,-0.7044530922378386,1.0210804865786551
0.4787014793236745,-2.152336464405594,-2.263358406166572,-1.369912447161624
-1.0655977106445724,1.3083945414889981,-0.6630662608886397,-1.3854857475738325
-0.08786424998294849,-0.29557278072084237,-1.1027508548843377,-0.24386259903387142
4.044438201190691,-2.2102350559335804,3.570293435416676,-1.0730713045573572
4.313532879239418,-0.812768851762139,3.1880505511419495,0.9263799420491382
3.48368411209923,-1.2734506738597196,1.7919730582726852,-0.054291210188324564
1.270585640875643,0.6279107536848616,-0.6807046093684634,1.1379091251549038
1.1031236980180037,-0.12924647217779842,-1.1859878214409887,0.5194755858674861
-1.9113293979590822,0.6598661525508742,0.1215843098570997,-0.20049746700615026
1.6780467070681298,-2.7320716299253993,-2.3738333732378645,0.08850592469631376
0.7647881590771332,1.1972649641053517,-0.6406556237353875,0.3752253244139277
3.1190990566123453,-2.2289469121132703,0.9801583988858001,-0.5437782695973465
3.517497211697218,-0.2647272341102394,1.152900580318806,1.1499716784513045
0.7085907746877137,-0.39909056135139465,-0.8817049608728513,1.0643675751063637
0.8162379351434982,-0.2159400150514681,-0.9497815043921056,0.813219718446011
-0.9443208581323391,1.3663434170524316,-0.16349193098689516,-0.44064066339705976
-4.303078514329948,-1.1267562999491858,1.1519814278331062,0.895954662058897
1.838250885968878,-2.890320860542603,0.9766415578312254,-3.0740689204081852
0.8660840243880866,-0.02924751461739895,-1.1399480109242963,0.3459475350410118
-1.0695044741443696,1.4173660529662266,-0.3430629523853957,-1.2437112086172526
-0.28843355265505743,0.47535563526259744,-0.5408750329355896,0.24941134100000725
0.661323365866496,0.43407871035183115,1.7988975442746666,-1.9148993441218196
0.09852568837150094,2.22235603633263,-0.030833876293154334,-0.2026280567537971
2.5477589027091914,-0.36030206312101754,1.621475783737414,0.06356181446395957
-0.6374150311778933,1.6763391772125986,-0.2229315427921114,-0.7001642459949415
1.248366366965757,0.2172125785358947,-0.6753552502536107,1.3616863571465778
-0.26242651674311396,1.9361102719389849,-0.06938588097085288,-0.29773731961606414
-0.80982959040568,1.490548980045273,-0.505867376961753,-1.0408881726929935
3.7615560368832974,-3.2792928646745225,1.8946885612506175,-1.275867296456946
-3.360512371326561,-0.4139278924786001,0.5846374053210696,0.15022513983703858
-0.2352514406369235,1.9167868200204992,-0.26137287488180755,-0.5032815736190358
-6.1960089694283615,-2.5998031862096087,1.516927275257023,1.195395229192336
0.8093443630862414,-1.731662281073258,-2.2017631081878357,-0.9394169900153412
0.990524980426435,0.299892963264803,-0.8591817304504291,0.7524233155131728
3.77482425483171,-3.177565541676746,0.5801729667428388,0.05827508548446366
0.007429970156131992,-1.9868456923038431,-1.645589844025498,-0.20359723781039085
-1.2474313027542179,1.2235085048148824,0.2206082641088276,-0.13739405098768423
0.5225461845710699,-0.9736045212989339,-1.0033638576283292,0.9959544878491239
-0.6859505270582736,1.5971363302345876,-0.2348178885542497,-0.6145073761222702
-0.5137073852475174,-2.834039709554764,-1.918401165056315,-0.8214215334935119
-0.11246763746264785,2.0228601389755547,-0.10431787841179921,-0.25130886525956037
2.4660512597804036,-2.4655275254328686,0.670511317014092,-1.8121213062161146
1.0639359037047627,1.300275928658756,-0.298333728571267,1.2043790701740957
-3.253759098636121,-0.4306506112900626,-0.052064264349179455,-0.5066425250872462
-1.7769503115311909,0.7388533219669265,-0.5454651901829919,-1.226889858554512
0.7702716325662745,0.5921915860061087,-0.8254419030062441,0.4997353465810715
-0.1112458339209425,1.9993149367690235,-0.06957283549393331,-0.12667227098249764
1.340295681791583,-0.44283723709402834,0.7073496110026332,0.7379250846415039
1.5544163440799934,-0.2589382511475547,-1.2799847932943889,0.7834563907382343
-1.9315276444731344,0.5673222339856449,-0.0026219759058151086,-0.21135211621665537
1.9283308454758996,-1.4980779897861682,0.979309342271899,-1.3663796980882688
-6.1960089694283615,-2.5998031862096087,1.516927275257023,1.195395229192336
-6.079202927781011,-2.5124290392396698,1.5961087494019894,1.3410280415159161
-0.7169832474462046,1.539948659077574,-0.4830420556262988,-0.929693173249515
0.4365940942250636,-0.3453865446612109,-0.9265014411359777,0.501889915383145
0.8132140209417812,-1.4088869411893044,-1.7194945192493507,0.015657617066328372
-2.754517877178981,-0.0032710655366679185,-0.17409604418360072,-0.7588744399884826
-0.8112216248136063,1.5411599239933054,-0.2526742478900545,-0.7494984357707499
2.7552214810533586,-0.6294782760226236,1.34257691453861,-0.12041136710028807
-0.779322699280563,1.5544703638991455,-0.07173669335308527,-0.45527823420197533
0.4105547108448673,-0.11882702564179319,-0.844222755920369,0.5881945441191245
0.848810637084191,-0.8773810980984523,-1.5992405285431208,-0.05325121196227047
0.5164062732929469,0.6637407348932467,-0.6989940470240753,0.46736813851552117
-6.1960089694283615,-2.5998031862096087,1.516927275257023,1.195395229192336
-2.2101201490081035,0.46252740913206236,-0.31229163321991676,-1.0439623495758654
0.2901652248282495,0.1742554630982237,-0.7587085108768231,0.5910827965456192
-0.7095445023131347,1.5376118881704155,-0.2038980141915712,-0.4495037986500544
1.776880725475906,-1.4202887228148815,-1.804865398899922,0.41639013014390186
0.5608768595983558,0.6056216917847042,-0.7630923370868287,0.44030136869041636
0.02822444643554639,-0.19951997569422594,-0.8998696454968733,0.307366003482606
-0.12058436445785221,0.5104438391713407,-0.5207481643770171,0.28705996764014513
-0.03236449753702373,0.6200318551892986,-0.6727200814756669,0.13037593931386685
-2.1037777553213974,0.48510869353767394,0.3205630455967897,0.17244732307854077
-1.3383369989233533,1.0373794226607445,-0.32770519276817683,-0.6865777442961043
1.034972283974853,-3.058146948288499,-2.3409348106841334,-0.20335631273709118
1.6459126034058387,-0.02473127729578501,1.4814884166016886,0.2183047123982967
1.0030123661951391,0.953748351994746,-0.44645996542490596,1.187414065503086
-1.588575962526222,0.8458424272514745,-0.33124766973381087,-0.7304941825420721
-1.048910338973004,1.2309090212832656,-0.33201983187007994,-0.5753394380755492
-0.9141454842890703,1.413301844453826,-0.2780771926746303,-0.6760925897326393
-2.261944395952562,0.3239003173743366,-0.42195180595304943,-0.9721316464977169
-0.7799105880293807,1.5167741479348147,-0.6239224244964391,-1.2466675036615944
1.7826711398579167,0.054095483644418504,3.272246876775558,-2.2564169854349707
-2.1574788273006695,0.3995741306184157,-0.26554412580006664,-0.6765532629539754
-0.8642409834073922,1.4682873292216374,0.03559812298056355,-0.19295751263748198
1.7929869700950078,-0.13267541839105074,-1.198294449438564,1.1073307339464433
0.37366788121960104,0.7476002249451491,-0.5510577156130881,0.5039055181272161
2.5594845112350675,-1.5939149954574103,2.454415358129877,-1.6829014364806845
1.4566123125062724,0.4981365983372311,-0.6953464584883297,1.4607335096561371
2.699425784815018,-0.1798207960807344,2.2087788510187103,0.814844409564237
2.011709456921668,0.1663435824703034,1.2010967710227318,0.16523165608588278
3.2732612181149388,-1.4978832238504227,1.329567444006133,0.2417115547583313
-0.9198120190474325,1.4022199817285461,-0.42502705019163817,-0.9086508392458587
-2.2821093547619755,0.41127314768741124,-0.45086772424072447,-1.3071289163827835
1.6940509119544167,0.09220561568029689,-1.2268923405503798,0.7444898443282958
1.198380170724489,-0.3973626156231542,-1.0320307806888462,1.1319728450596669
-1.0556124968065141,1.3580436351338652,-0.3064088866472188,-0.9385036288314489
4.101955002192499,-1.7270757771655763,2.0819998007283522,0.5159724932708966
-1.144222546486881,1.2011213647835484,-0.3032695053977454,-0.6565084527051217
0.9452137505041237,-1.7502608110837847,-1.6579042271264262,0.21726042615869845
2.750511566975599,-1.7488332822256814,0.779669695709651,-0.19728142389324313
1.2914624440048699,-0.6423589676808601,-1.6109850649886817,0.18743958168851066
-1.742307725597056,0.9539586342824841,0.2956489600039144,-0.4231776331019508
0.7186518541648955,1.159409459136966,-0.46953435478862254,0.7150352750540676
-1.5226756625033013,0.9648522532923952,0.023922649757731975,-0.36706950680227435
0.9507981977519496,-1.0997438181073302,1.8176041769441913,-3.1019662738193037
-1.1028792837887906,1.2488109308572677,-0.4193038317885886,-0.8907489948574289
-1.265399702017966,1.200296003870512,-0.5304777826772676,-1.31066538843675
-0.4564392629963078,1.8017251510552164,-0.14976715697013562,-0.520806103353342
1.249812448820761,-0.22665556887566124,-1.3424038658465727,0.22973108330222947
0.9486285847479392,-0.4079299064279244,0.17233065735097816,0.8672340467667028
-2.745540705466635,0.02794372305191695,0.1876334827096524,-0.2798188869955259
0.44434054654530025,-3.992086624220846,-2.9853343262214826,-2.006308340633949
-6.1960089694283615,-2.5998031862096087,1.516927275257023,1.195395229192336
-2.134838489791041,0.39767744355048484,-0.04465958900599273,-0.28863757777179394
3.733922021851677,-0.6134524853672082,2.9110019562360714,-0.2708897765078615
-0.7482802940955645,1.5422364742289094,-0.47766886488805,-0.9959239315282172
-6.1960089694283615,-2.5998031862096087,1.516927275257023,1.195395229192336
-1.0349907306529296,1.3168016876732749,-0.0043279419320255905,-0.24856002637077798
0.44193093061428906,0.7801968369618703,-0.7792996609828519,0.12476338595442318
-6.1960089694283615,-2.5998031862096087,1.516927275257023,1.195395229192336
-1.0882926232877412,1.305326437103994,-0.41725490849145935,-1.0072771602435868
-0.6089792537140216,1.703380617605362,-0.2021944643369538,-0.6748949408475556
1.7499075615757358,-1.0088769589159452,1.5767051170817048,-0.7380253407195999
-0.4732624917781081,1.721787591292045,-0.29812036546214654,-0.5665602718687311
-0.36902007057657105,1.8325041041250598,-0.42429066712348923,-0.8482966906568961
1.1805616634714957,-0.1027803836262261,-1.5830762469079653,-0.28943233612512115
1.4183565006212142,1.1212634169833493,-0.7967339584638057,0.6366267333579474
1.2613415829650576,1.5049780005698912,2.107422369260218,-1.0888132982564056
-2.6082859567922205,0.05120461599755744,-0.19150193300208287,-0.6111824566617815
0.5814622545028113,1.3077266480216057,-0.2891288643533042,0.7584410408030966
0.7796679599856629,-0.37841660261589255,-1.2897124974466971,0.1810735146028825
1.4131417166704585,1.4605690214837008,-0.6051070852764427,0.7635932463391625
3.8049828003110786,-1.3051999229722602,3.0170038926783826,-0.48760273200034154
-0.4450929347689193,1.7240211755905388,-0.10085025726757765,-0.17628022642791255
-0.1670343834487544,1.4704430620914621,-0.05858653489674805,0.2337051409124819
-5.996327722334148,-2.4504360953922966,1.6522888993736964,1.4443561662507634
-0.1604749448943771,1.9765337971347292,-0.39469651364704333,-0.7250871053844781
-1.2576209409013146,1.1402412852255448,-0.2635534232571091,-0.675643218571079
2.0742431061824784,-0.9290761070869169,1.0799725538333158,-0.18257561984495663
0.29511221186529524,-5.8617526086916305,-0.7850341362805453,-2.0792701353136662
0.21795947122732207,0.6974489291752868,-1.0392246576269677,-0.5249862004516599
-0.4801420719739655,1.7295398478502246,-0.43228895430557807,-0.8303037144981389
-0.08110290260593257,2.0520020352484316,-0.06691891941606129,-0.19908084947494722
1.2948129583587022,0.807977217135668,-0.6765247662088261,1.0084302131427776
1.5343993886516398,-0.3515798543391605,-1.1757685532413145,1.0774983327684367
1.1573452937557336,-2.225404199914212,-1.733828267918844,0.597676505681789
-0.21909261885526882,0.6938020281024759,-0.6552754865664379,-0.05350989002580706
1.488534644274244,-0.9560428518749636,-1.584617988891752,0.5097692836383639
1.8007024272742245,-1.7457087705327143,1.7282376875301777,-1.0951834645655965
-1.5525120597437774,0.9661682211095413,-0.09695053088101988,-0.6183672044800705
-0.6334603102820643,1.6083383823248727,-0.3539699460529134,-0.7098318038908681
-0.6321511718518267,1.624144311370341,-0.2877375777267224,-0.6369569235365994
3.4101034053703434,-1.2595500289239179,2.3098162083242046,-0.2139535937384369
0.8808190606021056,0.8953859051995896,-0.6656522417151952,0.6041313374947889
-0.8995920317314272,1.4329050451677405,-0.13789091957703373,-0.47725467452091475
-6.1960089694283615,-2.5998031862096087,1.516927275257023,1.195395229192336
-0.9843963153419841,1.4187078718704373,-0.15787739108368362,-0.6686770968000154
-1.3548114665161017,1.0864188020268917,-0.46789726338049925,-1.0941397717882337
-1.3996989350445679,1.0026961433620956,-0.048448831220867315,-0.25492299130336565
-0.5569504569197313,1.6560675180881033,-0.25161902382881735,-0.49567946718702727
0.5365303011588685,0.1173473290642026,-0.8721881661871224,0.48225347974348637
4.5298426333839235,-1.049252626723289,2.368350469604578,0.693595370774145
0.9465144930416239,1.042574856677511,-0.44650282020278137,1.0225363962496685
-0.22495360054627492,1.971361005713455,-0.4944306599889277,-1.041100152125635
3.4469664419605675,-0.8764988064105238,2.0565648992621197,0.35679674047461774
1.5068879885210036,-0.9694519723593609,-1.4114535191326667,0.9704928559372173
-6.1960089694283615,-2.5998031862096087,1.516927275257023,1.195395229192336
0.17099492558435003,0.1277633458631113,-0.6403377682408197,0.6274450160772509
0.8375023927869895,0.4860694066882897,1.5700474991484936,-2.247954814739261
3.333444083995884,-1.3325734789785908,2.1063426630603326,0.5291838166641052
-0.7549455603752733,1.4952441394068106,-0.07375442824485415,-0.1989008861616072
0.2906043701458185,0.23386346859682405,-0.590872539914717,0.7746206272076713
-1.9630815241240918,0.5740177829098015,0.02069540576724224,-0.26192599316189175
-1.182011586345638,1.1900857224871504,-0.387463990253527,-0.8534572684852408
1.296370904328892,-0.009267844215704448,-1.0439778989650907,0.9355680800197373
1.321287348055118,-0.8087966347261878,0.7076486577658808,-0.2809255840888783
-0.35347898068878086,1.0151005272022955,0.38114125309970104,-1.1783784925657028
-1.4809756405657089,0.9624891745455869,-0.22983204081370082,-0.6337248991889294
-2.123612342161035,0.3877825116079668,-0.20127793333957436,-0.4617673688389261
0.5392724816560538,0.3177218727610408,-0.8396876245474936,0.4147183665464808
1.5604696888123195,-0.4884819270002069,-1.03679010225654,1.4776968510754396
-2.2773477424590234,0.33449485247215055,-0.2726564510639759,-0.7788954031314024
-1.0948327341219237,1.2444856344811595,-0.2227948776918748,-0.527378730423622
-2.27281645184384,0.3983378082016167,0.4476733758153479,0.1936945955238673
2.422832727047792,-0.41956217492347136,1.0560880701059079,-0.47387211886949887
1.3930091804426115,-2.704206035602554,-2.5159165471589064,-0.7352779969965442
0.5510945904499954,0.18935763197901243,-0.7304350841626369,0.5938036907861264
-0.5374485353165319,1.0688594434255214,-0.24835644133443843,-0.1457221603113771
2.83423847031549,-0.25988735982708805,1.2386686505698292,0.7372499330611713
-0.6807664832182841,1.6607740400821522,-0.21238534708038728,-0.7510376427451373
-1.9760294839649415,0.5923384145384919,-0.34851771222137434,-0.93545727626587
4.6135214047167175,-0.24268196214327556,3.8151126028184077,0.7386709826373318
-1.1784093142001095,1.1528050771978193,-0.49236077383374105,-0.9238018635495696
0.6733155322481852,-0.025903711871684852,-1.4240403810831388,-0.4225519616548451
2.0352947329642324,-0.4142962783883594,1.66678870229316,0.2265614086012143
-3.026922435165112,-0.18761395572435327,0.3335121871630897,-0.05935987011226162
-6.079202927781011,-2.5124290392396698,1.5961087494019894,1.3410280415159161
-5.996327722334148,-2.4504360953922966,1.6522888993736964,1.4443561662507634
0.06934336923691314,0.7260436135516604,0.2713748470027779,-0.7618649580191965
-1.5874721651254144,0.9371193413580595,-0.05113215177102378,-0.5341197680871689
0.806294769666399,-1.9765307160038057,-2.0465428757064137,-0.6028156821865117
1.2479758475329454,0.5516842223502849,-0.7465422650921797,1.0954320980875998
3.8576962955001406,-2.0097599948792113,2.7276172560409977,-0.6198695018588516
-1.1648136298109306,1.1858638766064302,-0.37144995778537854,-0.7768517929324199
-1.4273277697506703,0.9838278220571606,-0.37179339805951744,-0.814177469112191
-0.3603865181776184,1.862133547878338,-0.21070571792925455,-0.5605193595590755
-0.46670796587523644,1.8461502019616192,-0.6965599713835277,-1.565520516548998
1.5955182820101084,-0.33273544033726143,-1.3945441705318788,0.6937647460746867
1.8149091735190979,-3.359797204036385,-3.115564650213391,-1.298755635462832
0.6119455494381996,-3.1170636026585714,-2.4150002416051963,-0.9867109009496597
0.7608795730343415,0.32392996082678727,2.1982996662046346,-1.8575899851803293
-3.03221661417537,-0.22382955396462348,0.11881300086497149,-0.32979454363263544
-0.9773854215898268,-0.8846449006566746,-0.9687969206482366,-0.3250569179985992
-1.1064240932806533,1.2303209694620243,-0.3169311467213373,-0.6747592473364549
-5.996327722334148,-2.4504360953922966,1.6522888993736964,1.4443561662507634
-2.6729852807239003,0.18221388844372416,0.5094418573502566,-0.007240777197212764
-1.381742787644101,1.0395976204452728,-0.42094095404976944,-0.9472639138543558
0.43783959644589476,2.5056176524023166,-0.1810736758517453,-0.46672918857159473
2.168756942674794,-0.3245138627968332,1.0833545174969776,-0.19213123834686724
-1.3347730824129966,1.020372232284689,-0.18799757490117677,-0.39618862198782634
2.345874021183487,-0.10595541243606883,0.9450016845893136,0.8905678060939666
-0.3680583327491539,0.6632256026133594,-0.6424833833620084,-0.18958670680136108
2.068573190895792,-0.24369881441244373,0.8977558616088908,0.2707558250757888
-5.932044718872375,-2.4023506324066117,1.6958656091464361,1.5245036864193553
-2.497572794736544,0.2401471218928078,0.12547803593373136,-0.40812354593875744
0.7700702593334071,-1.0988731088336943,-1.4339884254019726,0.4299327052902252
1.3590915727203348,0.6116802683252966,-0.8241641949550034,0.9837930672165249
1.3587952727356134,-3.3511234203349733,-2.4403201293329024,-0.0895713464364852
0.8563662828297893,0.15965241027802712,-1.1021464437950037,0.3050018397366549
0.8722247466268395,-0.5929637507875958,-0.8051836173168292,1.350214499271823
0.9923073020525117,0.19254430788033186,-0.8587762283940458,0.8864016600197617
-1.9760294839649415,0.5923384145384919,-0.34851771222137434,-0.93545727626587
0.7923453678689174,-0.042126033480430654,-1.003012953489962,0.6167448840698152
-1.310658328091221,1.1171797989500603,-0.3576672910686605,-0.8910181312984108
1.254047873077647,0.6474510603525908,-0.49331752876603574,1.530806719067494
-0.2951789846259314,1.9027216515697356,-0.1193499352816007,-0.3659969166645538
3.8536940661307346,-3.363635252560501,1.3566525304930166,-1.4732088719587375
1.9716176866096895,-0.2030731399863125,0.6874939813537879,0.09500387340426669
0.990378268370963,-0.3919368152450257,-1.2049860644518973,0.6066847062100055
-1.7179838980494326,0.8245926594970827,-0.054821996200275135,-0.5314717972111037
3.943545646962283,-2.1904327711893345,2.4613523948296168,-0.7204395267557613
0.9467902943311619,-1.2076924624543846,-1.5827033040289902,0.2755630176160912
0.13382767320330435,0.6577996518113264,1.5298095444322901,-1.480813622286575
1.757622275815524,-1.0147297313451242,-1.6661785808188654,0.6749176541626392
-3.555413025267792,-0.6141823080134831,0.38848875793525356,-0.07817593729634957
4.075854906629472,-1.2503867375603934,2.534331901346181,-0.2005466389482409
1.5594408970939446,-0.14774077407375324,-0.9676761632662549,1.431320579853738
2.988600588314705,-1.7351175686385847,1.9947670396925696,-0.46954851311997126
-0.9014478369735021,1.5116339006761534,-0.6243163249872207,-1.5040970903054838
0.498672251149286,0.2402629635149519,-0.65119682176569,0.8746497798298015
-0.8954411107848879,1.4230702462797613,-0.43125700630745184,-0.9214982942795177
0.5036898669464219,0.8675766267916197,-0.5364783667019138,0.6437666722561014
-0.8842411316346056,1.3980832083224615,-0.3108058170203755,-0.6248824030140575
-0.8202530834443604,1.4540703696023303,-0.154584323269528,-0.36913476304646
-0.6425529830237283,-0.5414453135065281,-0.9989235307797607,-0.2820944431557587
1.8060353166166694,-1.1504678874348373,-1.652848491835752,0.7183752456239786
-1.7161471656313925,0.7518343504130214,-0.49654372280418574,-1.0421048397000636
-1.792750759568276,0.6862889663890702,-0.47713435443038005,-1.0020608657003554
2.65586597511942,0.12951338643435012,1.5723688490675936,0.6175235439835053
-0.7257680995360096,1.535713491370306,-0.37652690281091433,-0.7566405470578779
-0.09066911138689084,2.030013808486463,0.08663721597171468,0.09613600526774119
1.2338730647131662,-1.5237858867708656,-2.013969486910812,-0.31578541949737493
-6.1960089694283615,-2.5998031862096087,1.516927275257023,1.195395229192336
1.7072360149423127,0.32525994824776794,-1.001611873426137,1.143021814897353
-6.1960089694283615,-2.5998031862096087,1.516927275257023,1.195395229192336
1.8335936805885782,-1.41512464691346,-1.6868821160720255,0.8922942997071995
1.140198330104472,0.6982764085019425,-0.7318988054136398,0.9327629446312146
-3.152873120918789,-0.2296619499823713,0.6711867799573961,0.2614350355798617
1.1784800859802504,-0.45676848316934004,2.2463400932508915,-0.9959528862981585
2.970650039904663,-1.780402783377799,2.0110159198477646,0.15052339909372806
-0.9230494931527622,1.3872223947430087,-0.3634344949762081,-0.7706972493811881
-0.7354668744292815,1.5852169686376807,-0.03499493833506647,-0.3583420797459471
-2.4222071519984856,0.29715396881529643,0.29654599174332175,-0.114022617474089
-1.7059209650508103,-1.7703903912589256,-1.3519052883826672,-1.3444290402606216
1.7702319020118733,-1.1928034675390504,-1.334059053931724,1.4039985597856857
0.6661149278517339,-0.18444357144142656,-1.5343397702704238,-0.6075185157761773
2.5420679390769974,0.2494606828981073,-0.7943895476139944,2.27338468283016
1.1416276428862973,-4.231277638614778,-3.1999419532944184,-1.5097369197812158
0.37163859749468325,0.48255792361876154,-0.6124229481800562,0.525964501290602
1.0509213343804455,-2.1859189330151434,-2.288522408837861,-0.6396729208336369
-2.453115520621445,0.30353239288532063,0.19183544880484057,-0.3520434722795139
-6.1960089694283615,-2.5998031862096087,1.516927275257023,1.195395229192336
-0.4228688444720885,1.768997014424345,-0.2397678642134932,-0.4832747252556211
1.8013941141497622,0.49112513567078847,1.4916479925302906,-0.207727688098914
-0.4740240501244693,1.7707644951412316,-0.08273842057604971,-0.358162080503448
-0.9882599530850055,1.3398179422159477,-0.33339786249995446,-0.758341177863681
3.3705683558534782,-2.098168172809185,2.4467210259384315,-0.6698750050167851
-1.4025160021167313,1.0788184057126726,0.06417761860565259,-0.3356135996379253
0.22470963685543374,-0.07209704820475996,-1.2599517088164647,-0.5009817518349021
-6.1960089694283615,-2.5998031862096087,1.516927275257023,1.195395229192336
0.5451376811929173,-0.1540297707734232,-0.9960687279252217,0.512049057107582
-1.1034204264633918,1.2176344427544699,-0.30466958503182623,-0.6132894338007537
-0.8199732902864252,1.5132222871362482,-0.12819112333039476,-0.5220883145549837
-1.021617113238291,1.3701632057258704,-0.26975579407491374,-0.7932594315447421
-0.584283354711817,1.636402404556724,-0.17684614331853513,-0.3763420699640784
-1.0065846268674608,1.310509966359453,-0.3490499362157233,-0.7244646874114486
2.1345018454202487,-4.644851249054049,-0.2801941228630221,-2.6118865744511357
3.4346237961354773,-0.7743203795774393,2.767410774607701,-0.841360202756166
4.483153139893184,-2.452288645885357,2.531703810078198,-0.3334554242107179
-2.1213652177820546,0.4441872997500368,-0.45754307666641386,-1.0455638271760401
-2.0265922179545095,0.549074866315394,-0.3357034573789372,-0.9090201620196635
2.9310842221480624,-4.607365189043987,-0.11113492821790394,-2.4096366708616004
1.347086996916081,-6.285472703990037,-4.350161706107936,-2.4608740578136055
-1.1770149753730166,1.2092104681871847,-0.2839942548950844,-0.7178134221119273
1.7104566726020538,1.0524575701740413,-0.5887019535090271,1.3892011061878589
-0.9565807080226011,1.3559078111945275,-0.3946760700193826,-0.8136602319580795
-0.9528866734472107,1.3434161474497466,-0.27800713583644593,-0.5794968308459665
0.3510256796360655,1.1351754837115988,-0.6031021546074253,-0.1058331180542912
1.8037583689711645,-0.9250810575089978,-1.081882135848317,1.8292813143590523
-1.5081305866752912,0.9146844499121939,-0.3514268016706618,-0.7721474919577183
3.3125235346160147,-5.73301720068762,-0.5531521437543895,-2.0655548170252263
2.4140122111013764,-1.2186457802894781,0.4119583907490442,-0.2859125264064746
-0.29250878469902575,1.893687613838308,-0.15722545612153735,-0.4007062416803596
2.5492513245903012,-1.208886393575513,1.1221309340634154,-0.4903256586398466
-6.1960089694283615,-2.5998031862096087,1.516927275257023,1.195395229192336
2.2542912817488934,-1.9431117426133881,1.5523891336863918,-1.2501125887050024
1.8645572472454675,0.7479206479676749,-0.4929524014197802,2.001949376055791
3.048458881026944,-1.4837018349172792,2.051771960577789,-0.3990610184125427
-1.1455823188593748,1.3008915464205637,-0.14998504269356552,-0.723425782218039
-2.1063606800098285,0.45702539604001163,-0.4613543758529534,-1.053426024261071
-0.41513803217167156,1.807312009613829,-0.31373879727658255,-0.7132746175646573
-6.1960089694283615,-2.5998031862096087,1.516927275257023,1.195395229192336
-1.140325046915601,1.2068174091937058,-0.37765407446670113,-0.7896517362298219
3.254751620288919,-1.790303207818303,1.0729219138397867,-0.278257315852082
1.946255354894465,-0.22793224402873277,-1.0477905079361942,1.7020882759990095
-6.1960089694283615,-2.5998031862096087,1.516927275257023,1.195395229192336
1.029831844674331,-1.211806098655785,-1.6230204326684925,0.13878483037955314
-1.5836262096602944,0.8658035929372507,-0.3117791179575837,-0.740033848132216
-1.4021431486554545,1.0409996674231454,-0.3911989796608453,-0.9455187091288552
0.480851772494789,-2.2754471129173224,1.4822369046892832,-2.863477248491869
-0.326575953001838,1.8471705725465002,-0.14293766573242014,-0.3168220402111576
1.2539793680547267,-0.2719785348192218,-1.1345498306929063,0.8088254374406519
1.2101664586509413,-0.6730202381082442,-0.30229346550926345,0.35308547610496827
1.5363867108936682,-3.0252518156806527,-2.4349096589648216,-0.257160374596124
-6.1960089694283615,-2.5998031862096087,1.516927275257023,1.195395229192336
-0.5274716592360734,1.681692040570696,-0.2761433716710993,-0.5410963304278609
1.9059496381919219,-0.9773822515002651,-1.3132151231806397,1.509636973436597
-6.1960089694283615,-2.5998031862096087,1.516927275257023,1.195395229192336
1.1015621952248267,-1.036104913773426,-1.7497750643419274,-0.11063628297276136
-6.1960089694283615,-2.5998031862096087,1.516927275257023,1.195395229192336
2.277667928960831,-0.003604124797758439,-1.3179802616383782,0.9398486535451874
0.3311323130353734,-4.486648594747959,-2.710452014203168,-0.8424274559385527
-0.17256054920771713,1.953574552225405,-0.13771583230948084,-0.2543720939629634
-1.7998568723925865,0.7192565537658621,-0.5395946865136492,-1.2147852051752714
1.837895167459753,1.111871648376968,-0.4467567402007138,1.6074719104857607
-0.8254213773270825,1.477840708657687,-0.6122276467974761,-1.2225567388638174
-0.7930121340214628,1.4604254254300393,-0.35445725073997797,-0.6652544834397945
3.046670239454021,-1.9515833817087622,1.7132509337526827,-1.1730300171946118
-6.1960089694283615,-2.5998031862096087,1.516927275257023,1.195395229192336
-2.022565592164693,0.6151335624901162,-0.03629188239120542,-0.6424669286736993
0.20171798817736344,-0.43956210739069745,-1.074174643050916,0.26002984625609205
-2.9420755762303394,-0.1637932455254725,-0.1274281371197906,-0.6625036549071063
-1.9992867525883666,0.5446646604587699,-0.1625682239143786,-0.5413688240466085
0.3974105882005638,-0.1404086517241264,-1.15653708744196,-0.0020008620078466794
1.0814687756519559,-1.215408768306432,-1.728474853088578,-0.003556436454069051
0.42114510873478384,0.06882870744683726,-0.8587708161152627,0.4788717238652606
-0.8928483521899827,1.4098972104886494,-0.193591195445218,-0.48589089575937006
1.086292668488863,1.5204011953076768,-0.3503786776832732,0.8972881018609995
3.173795304755207,-1.78907341996842,1.2884622518533169,0.7008580129452078
-0.32870249218216274,1.8489393575777269,-0.2497596390100815,-0.507338094181567
0.19416478230621523,2.3119605566611026,-0.2621231748103697,-0.6195259554855436
-0.7335349589716523,1.5006515905850537,-0.2486132347129815,-0.4626058441056301
1.4118495459197251,-4.505256010186921,-3.2782117867888383,-1.2329337181304034
0.464887710390118,-1.844016146815305,-1.548941765955152,0.22761256661919582
1.2544634101524457,-1.398866383235459,-1.688369304091672,0.32249733384421286
-1.5960131370327197,0.9523296951889797,0.04250595174304019,-0.4471134998970493
-6.1960089694283615,-2.5998031862096087,1.516927275257023,1.195395229192336
1.4325582272025017,-3.932107033063311,-3.1674561808857473,-1.2732843686042472
-2.2191315089783803,0.3467951598229179,-0.25048889069885943,-0.6454334519933898
-0.3413364545867933,1.8561873899906314,-0.4313918170106254,-0.8629382111826286
-1.1555047448538793,1.1633687406539672,-0.45872654918921846,-0.8443235163636684
4.009215052538245,-0.3996072461500529,2.2149656004310283,0.45276936424601744
-1.2588818387704876,1.1345690360788603,-0.16956340806245643,-0.5035518409512468
0.23291679896319104,-0.7896693577493369,-1.0200898566170447,0.40389061499097845
-0.6499011611776484,1.5824238280571905,-0.29616626647090943,-0.5783858257978646
0.545954662063631,1.2747362517462326,-0.5496462999329444,0.28162712504716764
-0.34116599915163737,-0.018587973636698823,-1.095935063332038,-0.5424360547838004
-1.8841673940087724,0.6554392243227398,-0.048257645871458164,-0.4327170417659254
1.3233869945753032,-4.24559345691469,-2.8844491019341123,-0.7597767613666198
-0.4403187372074916,-0.17351667483380326,-0.9520345705061527,-0.30158903723272823
-1.48995651084563,0.9302364657478345,-0.3559996787499327,-0.7815852439201911
0.8726757861857855,0.9253793191792082,-0.9526643548319491,0.017592615776657383
-0.3153483780526017,0.3889782665257994,-0.6000083721932081,0.08445184989236537
1.2362562776060384,-1.7482186988104425,-1.9625339997945823,0.0134152635450695
-1.2435915554208876,1.118455721538012,-0.35153965994734065,-0.7357691302340097
-6.1960089694283615,-2.5998031862096087,1.516927275257023,1.195395229192336
-0.9840260188807297,1.2912438457032562,-0.17952284466169136,-0.3356641969680317
0.2808535136748281,1.2278124977595304,-0.2691485917423754,0.5771974373181238
2.5347126149803554,-0.25557561494893816,0.34494920087542974,1.2202330898221967
-1.200395788428777,1.205728859870601,-0.19820108309811837,-0.6474688582879451
-1.4031372002442741,0.9819242519185012,-0.31148676578083684,-0.6530962204053277
-0.4330130015155708,1.8010856817566185,-0.31288030361232116,-0.738839464802848
-0.25429532252536585,1.9011372266143578,-0.19373812581885577,-0.38856179676569214
1.4855521840682906,-0.9856463472971181,-1.4142279596878504,0.729578193355405
0.7420750984682993,-0.8413323368303608,-1.3715202873831276,0.17902176817586413
1.336854682303725,-1.8044614870757265,-1.8312669412786406,0.2097127308501773
-6.1960089694283615,-2.5998031862096087,1.516927275257023,1.195395229192336
-0.25515146426690827,1.9766113358049247,-0.36861949408928957,-0.889979683933925
-2.579409886398273,0.07592943249123241,-0.1984476700723107,-0.6255510095061876
-0.7882109688487142,1.4889991713440291,-0.12327866443356789,-0.3463259178556137
-1.9450476308641687,0.6188471474222739,-0.3563827045253854,-0.951682185022987
1.848121878885926,0.11453030208388583,-1.3100073847832652,0.7234528808933176
-1.8928225552090967,0.6082981914955792,-0.5566433946837417,-1.1506350376395502
0.11569374612645544,-0.7366883300457658,-1.1480522046525126,0.16740188533999636
-1.976236751030236,0.6626133879947629,-0.3723039538686001,-1.1676969548060931
-1.4999479538699885,0.9158607323534229,-0.5788496622673673,-1.14564884541959
-1.6458671002337764,0.8144391308276434,-0.16717557973415517,-0.5361130205119978
0.6253176692964543,0.5112526605648638,-0.8443437579600528,0.39776541900930107
0.6566517793064965,0.1763913892490138,-1.1006400527425966,0.09885490841605031
1.4670068745811164,-1.4012154629948665,2.5276328434590973,-0.757924098051344
-2.0964260416749583,0.45183457131711574,-0.28056022283363463,-0.7075805691369936
-0.11361244075045297,-1.2752594526670664,-1.3396418604019262,-0.013257937773814036
-1.2518990996395765,1.1278477719215252,-0.251377643337885,-0.6090690251281302
1.223178804932558,1.0401983963126373,-1.0599957501899815,0.011566847966213326
-6.079202927781011,-2.5124290392396698,1.5961087494019894,1.3410280415159161
-6.079202927781011,-2.5124290392396698,1.5961087494019894,1.3410280415159161
-0.6464796910532873,1.6686123024289958,-0.609579180111961,-1.3362044054679532
1.1855948502766194,1.1656078450105436,-0.3902075181071562,1.222853633227759
3.415233771000816,-1.4078310540070458,3.26685084413201,-0.09286831617101729
-2.4711680764661055,0.21557224292811034,0.05683339153337965,-0.4006511497698404
-1.687473189765857,0.8633790519106532,0.1516275123749787,-0.22450885540476065
0.4212930736345746,0.68583566175166,-0.8870134674064934,-0.02281055008120677
0.5489397951672648,-0.8003043206540855,-1.0876756975597708,0.6803068339220973
-1.899059858876498,0.7178491178166233,0.1290346065576567,-0.374468773463866
0.5366253243743635,0.1874728738794924,-0.7937407058667525,0.6286978090730575
-1.843919660163573,0.7053715468316103,-0.3821162035151599,-1.0047621477361997
-6.1960089694283615,-2.5998031862096087,1.516927275257023,1.195395229192336
-3.0439453726525936,-0.08321846657513635,0.4085162831117723,-0.28985184359301003
2.674380636736224,0.25704175834127746,2.2671616535264474,-0.6217826345018729
2.8740833122662117,0.8689705853351278,2.5803275945269375,-0.9666601649315891
-0.489158660176887,1.7088626620369345,-0.35149646125409,-0.6574552540489265
-0.7805064759761189,1.4878481638978074,-0.16489656929944738,-0.38967680167849816
-0.5354720175831451,1.1322793261876427,-0.03620565641830611,0.32774090821665225
2.679618496343717,-0.859729649833382,1.3020744827982118,0.6122290466553726
0.4782289969236712,-0.9983839641564528,-1.5811498317381907,-0.48034743589492074
1.4496240316923843,0.19494731954625794,-0.7995270754411522,1.3059798276293761
-1.5145567876195376,0.8777322898690344,-0.39128155726498176,-0.7549574861177097
-1.9864177413668038,0.5682707586321524,-0.14894756033211062,-0.5530638571276495
-0.4734422339424096,1.8044227480162858,-0.3617787699162284,-0.9034134435902373
-6.1960089694283615,-2.5998031862096087,1.516927275257023,1.195395229192336
-1.5406503706155403,0.8554000984610536,-0.38478617492763095,-0.7415446024422236
1.1570398107376223,-0.04691380231153708,-0.9458965114061062,1.0945045114875336
1.7302557125384614,0.5953518893626217,1.6048703015194166,-0.3815508491980529
3.117121329718375,-0.388143802982788,1.703308784834237,0.36804219911213737
-1.6112222259903846,0.8796829264272507,-0.041221060879616876,-0.42226496420488424
-1.2217214888799872,1.1290382552710871,-0.3275720048871657,-0.6752081938767326
1.6130264565221555,-1.76640689175246,-2.145201513097676,-0.18708771579312436
-2.6277301012222187,0.2100264351179928,0.22052705230040848,-0.4789118449879579
-0.37631144210200723,1.8042480693117768,-0.06693643930427648,-0.18488876450515204
-0.7432780604446272,1.5229515449879105,-0.5095059402872968,-0.9871028151274169
1.5438308782425374,-1.7068090747007232,-1.8886782216119964,0.3818492394679194
-6.1960089694283615,-2.5998031862096087,1.516927275257023,1.195395229192336
-0.38933647137862015,1.8718447020189721,-0.6376804906343726,-1.362435293253538
-2.6718385311320607,-0.0032171338163405026,-0.1763351542053251,-0.5797939862573728
-2.079627718760775,0.5216667106669766,-0.584087652149243,-1.3832569905182779
1.291549990922708,0.9735527890152913,-0.7939580482774028,0.6761880347468638
1.0316126695676633,0.12720639295746294,-0.8543468124874702,0.9822398718665213
-1.628883702545548,0.8519342372532455,-0.3979449638906282,-0.9498724381751552
-0.6637940123797802,1.608551725111094,-0.20811791007687389,-0.5495641561862445
0.7863247048676966,0.7279073355101061,-0.8228297712536885,0.40546617047546457
0.31352641555070815,0.2959652979934932,-0.6090544398657547,0.8362190313940938
3.087500544711847,-0.9968696088842237,2.0158435468276457,-0.02826999575414221
-1.6479588701939736,0.8602702764369843,0.02278538019900919,-0.364486796052106
-1.3841618533701348,1.0631853575771562,0.16920764566094637,-0.05776026524471794
0.9018189417542226,1.1494235917974795,-0.9702120115641286,-0.14218710145605357
1.2816649186574443,0.1778666686248996,-0.699102435546382,1.4303287481604239
-1.7306373457967954,0.8022907542210018,-0.41103670276704657,-1.0644061041971822
0.7080559998678124,1.2078911876310219,1.7565615885533457,-1.2357735970454478
0.976620652181224,0.4530927772974555,-0.6517685854797634,1.1487618134919668
-0.26862853879023485,1.8966299794725727,-0.3330352519940097,-0.6442619152107545
-1.8952054909238911,0.6614922549797422,-0.3690546873691371,-0.9778215748348326
-0.30367421208515866,1.8816766828573053,-0.194029758270353,-0.4565714781953958
-0.33890771468477915,1.870058857948601,-0.04537277900441735,-0.2687449977302305
0.4478923827015425,-0.041417550963568285,1.849602182048519,-2.0865696746134996
-0.26389567811600106,1.9010712893242594,-0.11336314867312763,-0.28129888671500597
-0.26657805588056405,1.9096083905604102,-0.49045754619190757,-0.9419103055869061
1.1900306442527908,-1.127044762769892,-1.4297687049656218,0.6631535098158573
-0.8392097992764961,1.4193535483070499,-0.43638918906301033,-0.7960065793880324
-1.1488946555281583,1.299959859247821,-0.5604922547362192,-1.3725374469258902
-0.7622760162597382,1.5081322742469747,-0.15459465312995538,-0.4012685016815176
-0.34692351319011877,1.8212418685938634,-0.2329366616390777,-0.44462881194145354
1.7429891747782744,-0.965831775934405,1.4154558333672451,-1.236471782323647
-0.5024395376934434,1.7597837845829953,-0.16626790922900994,-0.5233564090417168
0.43095346201333035,-0.20201558787525944,-1.23195790611689,-0.0931737773558362
-0.450113375349599,1.7603763830787826,-0.21369534516026115,-0.47592687204450534
-2.0776833731196995,0.46787717031064435,-0.28518937787527393,-0.7171435756527419
-1.1598351424525981,1.1731370022154093,-0.4399929324756205,-0.8482655046241963
0.19430781524873353,-1.7276584338268683,-1.5217513658035597,0.03694218023334634
3.306844994863127,-4.075092743978441,0.5335639951601209,-1.5941382738291903
1.1618509375989972,0.2219868084662879,1.960724120248295,-1.5078320230797844
-2.0150976051770186,0.6591810087668502,0.22864470181744215,-0.34304623525808947
-1.3392965484449453,1.0970801353374349,-0.17162371192303597,-0.5836595594366525
0.024422331161714536,0.03252409426856737,1.130553673435091,-1.899268246208
0.5896724858090162,-0.9440092859034978,1.3518321142966443,-0.06436493764696408
2.7745055730826578,-0.042846729713389355,0.8556147247239794,1.502402998163756
-0.3583014156320484,1.8562208011214754,-0.6032719397777607,-1.1928341012032408
-2.9745496650540493,-0.044007434842517366,0.16557965916021933,-0.7139667406479162
4.091998767014785,-2.5330035864401093,1.0925354122817232,0.23839561819530067
2.5991868379671983,-1.1828141972351411,1.2719121848587387,-0.398621387932249
-0.549114700389224,1.7038446105228946,-0.12993602437349985,-0.41260656709944954
0.36930167872840847,-0.2801860944880511,-0.6743541872131045,0.9250226828770632
-1.5771774985955338,0.8723776174978827,-0.3713693675742598,-0.8449970537073184
-0.9319943767479778,1.3402904308148853,-0.32096674640903994,-0.5923222978908136
1.5494810666091103,-2.984223325713467,-2.9260024244391576,-1.21890291407413
0.7517188891219009,0.0976464290811826,2.6404329608301302,-1.6313000728366747
1.1809196866212504,0.36011520655118523,-1.0021443383211688,0.39068419728833564
-1.0226769127624649,1.3528504223745759,0.03790831486635678,-0.2636618583603247
1.6000884957680808,-1.0390449392059773,2.0615077126093166,-3.1121313551933047
-2.7053371413833425,0.038815477316270226,-0.18644167098090472,-0.7843570574874283
1.7956473231058796,1.453992372104193,-0.6271174287784548,1.0465483595999774
-6.1960089694283615,-2.5998031862096087,1.516927275257023,1.195395229192336
-6.1960089694283615,-2.5998031862096087,1.516927275257023,1.195395229192336
-0.955068188258015,1.3947684725165106,-0.2018948135332497,-0.5963585772717755
-1.3104870564581819,1.0930285802014075,-0.15315855080709143,-0.4779778873918389
1.0603620072193922,0.2615494858903407,-1.1007499779277319,0.41218249572221083
-6.079202927781011,-2.5124290392396698,1.5961087494019894,1.3410280415159161
-0.9408614038561494,1.4779185103880013,-0.6141448810738295,-1.4831313997251994
0.11395926823946692,-1.5884030224592378,-1.7567791403513482,-0.7635436545342322
-1.5832545748290645,0.9987901757479405,-0.4735133920026832,-1.376334143162717
1.4134909048308255,0.10137348951507733,-1.4274284749291148,0.07614713274361669
-0.7946549943309953,1.5528445791717542,-0.3021665708034161,-0.8618417832444921
0.20459178856588284,1.3564378912020385,-0.29005302883666134,0.35589889334055774
-0.7663771361822684,1.5283516444540433,-0.6274014139053734,-1.253839892179959
3.2125695458691763,-1.4917627227647492,2.098201637556641,0.25789331438942426
-1.78746277088803,0.7162468560345687,-0.3577693888483106,-0.8669847181849423
-6.1960089694283615,-2.5998031862096087,1.516927275257023,1.195395229192336
-1.5370821307275768,0.9066860165596091,-0.38150586352943444,-0.8659122807486911
-1.9053008764916226,0.5976220135614937,-0.5534640405377024,-1.1440774701434815
-1.1762770162170062,1.2112011107973821,-0.4192016685833924,-0.9517120598405392
0.7104743284325908,0.5267462771138657,-0.8130655655612944,0.35141014848861224
0.26448774587195867,1.2244353676025688,-0.6265968650909873,-0.31677230397347417
1.652498170081005,-2.274829373785988,-2.3108727815524333,-0.189850194891709
-0.5655130794318913,1.6515809593692907,-0.5450971998091088,-1.000914886529642
3.575698114750805,-5.014800735054347,-0.6120345197199941,-3.1234123814386594
-6.1960089694283615,-2.5998031862096087,1.516927275257023,1.195395229192336
-6.1960089694283615,-2.5998031862096087,1.516927275257023,1.195395229192336
0.9963819144431779,1.1258956543401026,-0.5807042217760036,0.6947184522555225
1.061605021827022,-0.014865782782057637,-0.9973192696345343,0.8544353683754639
2.0026837487540283,1.4923906131624531,-0.40878525354669754,1.6284901243036698
0.4288679769882578,-2.3112098628100286,-1.4762141107467601,0.5387248318814815
-0.8265260135124252,1.4349687406528988,-0.4002818381256275,-0.748618544710622
0.08701444891666638,2.193065172097551,-0.06543254359277365,-0.20838464772423002
-1.1892388168459243,1.2107734327033084,0.05299111895544847,-0.20816287277728804
0.3128117635746862,0.8746931760437672,-0.7727817807508481,-0.05081315373981819
1.698716266025174,-1.0516100855384105,-1.5888755903408132,0.7057439897081988
-3.253759098636121,-0.4306506112900626,-0.052064264349179455,-0.5066425250872462
-6.1960089694283615,-2.5998031862096087,1.516927275257023,1.195395229192336
-3.6790951348115866,-0.6707259593517471,0.46377138510947785,0.0040019774586166484
0.09853191485689028,0.4022016169872701,1.5578877984451651,-1.562449161908278
1.3611438636165307,-1.073199785001204,-1.170381073948752,1.3977592839912945
-0.8755829646611376,1.412588795105667,-0.36225407880437716,-0.7321084674159724
-0.36389846422722205,0.4601305005972406,-0.6074348500310486,0.11946205198347522
-0.767343178947326,0.5856619014705549,-0.6316704530295006,-0.5313117919185274
-0.15196731713824446,1.360186643657089,-0.38766701247640795,-0.35687108204162526
-3.5466162738723273,-0.5934090355669753,0.5168891021770197,0.10518721241242623
0.3933399487821139,0.6268295593839727,1.4168267581876717,-1.8312236855789454
0.40712136494953555,1.131865798091042,-0.6653398638013818,0.012200685417462564
0.7145201597351125,1.4632546446703891,-0.9952007440248041,-0.783263868511336
0.6779715306978057,-3.148889033908855,-2.5857711719439997,-1.235365805795082
1.6682127398380213,-2.051241194656187,1.3584602534435715,-1.761309618252934
-1.8989802960749513,0.5953888493458559,-0.4503367590620552,-0.9467617314970774
-6.1960089694283615,-2.5998031862096087,1.516927275257023,1.195395229192336
-6.1960089694283615,-2.5998031862096087,1.516927275257023,1.195395229192336
0.37927915607086404,0.5134188326093566,1.4866033266534862,-1.5596935683639357
-6.079202927781011,-2.5124290392396698,1.5961087494019894,1.3410280415159161
0.29755581543309895,1.2614483196143822,-0.448888107152003,0.27557700531236606
-1.426883474648794,1.0247593160794222,-0.4494532914849954,-1.056106575909702
-0.17102479584178154,1.9684270377025685,-0.2436695963695086,-0.4703933663574932
-6.1960089694283615,-2.5998031862096087,1.516927275257023,1.195395229192336
1.785107872710074,0.0011528704390960662,0.6927554823089145,-0.5003082830954769
-1.2147339462971425,1.155051956046654,-0.20340226963768063,-0.5187041671822101
-0.3967837769217215,-0.3617007928310072,-0.9940919122329591,-0.20431348155044984
-6.1960089694283615,-2.5998031862096087,1.516927275257023,1.195395229192336
-1.240898842581099,-0.2385033031867486,-0.6490851485473275,-0.8403117606750985
2.1744785254291523,0.4763140859393809,-0.8780658466055453,1.699215952010157
0.9578783427240344,0.02979382918136162,-1.0496748357433416,0.5073471112958694
0.9613348958378078,-1.592746692380131,-1.5104431351660492,0.5950169793262955
2.5144850903147504,0.25936475101298007,1.1159081018845824,0.49519680750471057
-1.0440887026534866,1.3080887208364091,-0.42262254026164175,-0.9259716551887717
-1.8201885368210728,0.725675167985054,-0.3881671336673978,-1.0172420125053496
2.054134217294494,-0.35706085180733965,-1.6270706887065705,0.45772692862213166
-1.1116805848844096,1.2301968992254793,-0.35653873192542546,-0.7961855998325322
1.3136050017737797,-0.7649676937414811,-1.6032078270576997,0.08439212129862599
-1.5770032361856503,0.8708852160948213,-0.5319450700891943,-1.1151270846763233
0.1657527502281036,-1.594835048740643,-1.6242052093594557,-0.20232002079898792
0.4692392686210458,0.5313090917795308,-0.804491020153335,0.32755815133647115
0.6996773691670277,0.45144849132934095,-0.5900123127020687,0.9587199307700782
0.9350933437994867,0.0760884792779591,-0.9804895468505217,0.5852438902397961
0.2774547124533293,2.358972181820873,0.006045871301050644,-0.11223655990203547
-1.8645826383552304,0.626420304872399,-0.2994306786859335,-0.6964865451145721
-1.5458862728387444,0.8572112646388761,-0.37515195554595754,-0.7415522142170108
-2.460581994072782,0.25208242945910425,0.3346836600027854,-0.012988419892870792
1.208308991960452,1.163144210336874,-0.39658065295619915,1.2111357763817463
-1.7495217580764157,0.7080942263223774,-0.2912433556349007,-0.6478794784594237
2.9988321847622257,-0.9821769752269645,2.6385919928029806,-0.6309390524816749
-1.7775062117784395,0.6967302160604307,-0.26757553876927237,-0.6388142902364101
-1.1428665260725475,1.211530464886527,0.17194201546821838,0.08348636753078834
-0.42903355451356107,-1.3489190596119192,-1.238067389363081,-0.09059265504799766
-0.92033332695771,1.4130651528141818,-0.22619961317673412,-0.6258679478944725
2.6259515468175594,0.5723958223422367,-1.477615477240968,0.6921021418629103
1.2259159218466444,0.3603059694739522,-0.8267806934640148,1.0796840886960077
-1.700194280251054,0.7293592948157123,-0.3903126655331776,-0.7647463008531941
1.4155618734747408,-0.6888923757692498,-1.8653964757485233,-0.32119721615805236
1.0779301214560495,-0.9484850126322418,-1.6325706049539985,0.11017526530938695
-1.2832197129228493,1.0417643869709523,-0.10558305911747248,-0.21801186407108988
-6.1960089694283615,-2.5998031862096087,1.516927275257023,1.195395229192336
-6.1960089694283615,-2.5998031862096087,1.516927275257023,1.195395229192336
-0.9554031799594315,1.3593938748020018,-0.20004838758236723,-0.5110954628760499
-1.868880489932158,0.6840156069842539,-0.3757564607098703,-0.9916448756608239
-0.5206301706044414,1.7167930920486931,-0.5622456391722009,-1.1064827769872854
4.27815466216551,-3.5925819550713185,1.4543073651547394,-1.0209342498341951
-0.6520046173007735,1.6220170153488112,-0.6024682257613759,-1.2104478892871497
-1.6881140867294462,0.73836878279738,-0.4654312319813368,-0.8903235305764242
2.5014181057290736,-0.15653542111608312,1.4416104492833792,0.017875154754682012
-1.158334711058721,1.2042381525177448,-0.3160998118944402,-0.7178037738898436
-1.6053396085333829,0.8720786037657112,-0.40393177269826225,-0.9622217558019605
0.8538896167484871,0.9373516881214708,-0.7600055441831692,0.41478546067590727
-2.358613985075364,0.2649416471680114,-0.25245941287655554,-0.737185347896383
1.5087465554474797,-0.13864442512749864,2.5096241034509967,-2.2461181351426354
-1.675282196774195,0.7716365910243559,-0.3096277679399812,-0.6858532175006866
-0.27570080783590845,1.9176677082984865,-0.04771302684670949,-0.24011473993603058
0.8224697474641725,1.3292227003596644,-0.3856629013862173,0.6768853494461285
-1.1687498144784372,1.2633794459280887,-0.08108817539172872,-0.5252325333705365
1.9071601176578568,-0.7764381645811725,-1.1419820241604237,1.742373252576127
-1.5132422094097748,0.9253855443159551,-0.10515372827631495,-0.42324757590921114
2.1222582322318804,0.41846220077748514,-0.9474544790196714,1.5047787154751062
-0.5515539031352155,1.6671367790236935,-0.16733552121285636,-0.37058181541340207
-2.3938431122400545,0.278774252102572,0.07757069575822519,-0.3492216738592487
-6.1960089694283615,-2.5998031862096087,1.516927275257023,1.195395229192336
-1.1323930702266047,1.2072799874145226,-0.024602576290469653,-0.18845864122610692
-1.2004835320736338,1.177920965060023,-0.4293713171205679,-0.9329574050274442
-3.2746937184720855,-0.3396882985000517,0.47743272243252644,-0.042679317483946703
-2.123560092161466,0.5255582021129395,0.1460322681142009,-0.27637499208848065
0.8170600588230109,0.6580451597944346,-0.6090376258666657,0.8961190281721625
-1.6650909565388246,0.9023230755214952,-0.1071491733869781,-0.7303144543935336
-2.2744476953251396,0.2740256743865913,-0.35729194114395296,-0.754580914778247
-1.9054604169016023,0.6527181899426507,-0.3664456144540447,-0.9724398473926635
1.1190719137324743,-0.440453430560595,-0.06406096377971668,0.5702742987576014
-0.6299255777352492,0.20332695212464055,-0.6254164857078295,-0.19298295666262583
0.8068813835452027,-2.201174423135658,-1.9518690017504923,-0.11669086316217091
0.6228773670466865,1.3175214907162802,-0.5963453833132316,0.18731288411340766
-1.002233119168863,1.3042213552436597,-0.33016486738633627,-0.6659043098066085
-1.716140561238516,0.8113380387945306,0.08838072073251281,-0.2532329210440168
2.9110042752743572,-2.6326612060237204,0.9604002708850523,-1.891842722590518
1.1985426154454812,0.9996105851589561,-0.6574080863471788,0.8964151096790351
1.7685840064832354,-0.2738463805423471,2.0835368794955853,-0.49108064759903536
2.203076137389402,-1.8055974306443339,1.5996642862033983,-0.5935401318422525
-0.723453219347867,1.5170470417035675,-0.23108064921204033,-0.47108646275221744
0.6792031904607806,0.7527720725425447,-0.6385324634411214,0.6669955969072845
-1.082694565132432,1.2266669765983036,-0.12869383256080505,-0.29354757501316103
0.9344345585447218,-1.658139351689769,-1.3252579302397678,0.9838998336014683
-0.7562914676808129,1.570498645892187,-0.5269191628838527,-1.173810974967475
-0.22934295261291365,2.0023096779231047,-0.2985448350409829,-0.8111657300684121
-1.0153473931952726,1.3584247118681898,-0.02584672982025334,-0.35867850234087295
1.148642368193327,-0.705286525230887,1.1385185986643822,-0.3769028664965335
-0.4307425188637303,1.8383043659399274,-0.21377662099440622,-0.6592535146601312
1.3197787854333114,-0.8943165527044951,-1.602879137740092,0.3165802792935725
-6.1960089694283615,-2.5998031862096087,1.516927275257023,1.195395229192336
-1.3866034246530572,1.050477989473016,-0.2706070452106711,-0.771264184080678
1.957412742001548,-1.9491313472774854,-2.241843103012208,-0.01581686084335358
0.8658395720927186,-0.603610287048256,1.830873519089954,-2.5628973878962995
-2.146217588027364,0.5512482492203767,0.04202509259043726,-0.5651117917590739
-1.297288990823166,1.1101796570943443,-0.1595450627654836,-0.5354976804607763
-0.7147076942080718,1.5514615810878793,-0.37117077217907307,-0.7654588694162057
3.5595428961976183,-3.9201807375430984,0.120724623257605,-2.0637244621519315
4.189166824351337,-4.877156929726115,0.24943614675362283,-2.7863797420656518
-1.943116791925128,0.5576192602353454,-0.4392501998140947,-0.9238787098350713
-0.6007938407520527,1.6189555097406856,-0.25754098625827143,-0.5027198104418171
3.0204915283187916,-2.330263139882427,-0.023367498386747503,-0.148883607806671
3.0708005579036977,-2.075736014551149,-2.5259241417327636,0.4310433397078684
-0.359715112640735,0.9291867076264345,-0.7422401927506878,-0.7428229587512818
-1.4210039702823507,1.006005948255616,-0.41095194562934273,-0.9266596266644026
0.8324007968580815,0.6495910032468688,-0.6535929563808269,0.8664283873297232
2.5038519642843995,-2.9974162979662142,0.006167549447928649,-0.028428792557531418
-1.3833848893084035,1.0381926588310546,-0.42052289595530085,-0.9464016148323223
1.825364702646139,0.7086657333730015,-0.7226669522761392,1.509860693162011
1.1050535797961407,0.41899928515054413,-0.9243527273531058,0.7134010220037815
-6.1960089694283615,-2.5998031862096087,1.516927275257023,1.195395229192336
-1.147298071097107,1.2234245903732601,-0.44293729699500756,-0.9609363387384707
0.03448734029239197,0.3816324735074283,-0.5578423226482058,0.5471493703670187
-0.8159038779936368,0.9484055212738106,0.05466837759077859,0.03319459250333807
-3.485811665738751,-0.37499979132589295,1.0018897534678495,0.40967734765872077
-1.0974319090032691,1.2502532836758864,-0.3797500375006197,-0.8152670672493993
-6.079202927781011,-2.5124290392396698,1.5961087494019894,1.3410280415159161
-0.6492125702155184,1.5834113670174539,-0.44966070990804735,-0.8401496824434751
-1.283312297406797,1.1101153164851978,-0.014228759416546187,-0.2705878604505649
-0.34759848200530047,1.0370397832236438,-0.19553247278886624,0.3808129403743734
-4.098881507484526,-0.9990131315089965,0.8234903357215615,0.4949750000839843
-0.4532639585682159,1.7782307102451569,-0.29384486838066853,-0.6762413423360422
-1.7707162576960096,0.7680015213141959,-0.4007946888617843,-1.0432846078026718
0.689509649031729,0.6806087446081285,1.2562517508446684,-2.237523753170984
-2.8316917086698052,-0.14014447658065946,-0.13906713279074065,-0.502568367898816
-1.0252952624320517,1.3250979778597285,-0.006775384453186782,-0.25361036089506955
2.6994360008558362,-2.493716942456681,0.15751549863955916,-0.7167808012292501
2.485366045748992,-1.2445331435265652,-1.848715445682355,0.72780413672034
2.1444980564867784,-1.1239575537539988,-2.1367444954353823,-0.20612288701616033
0.10544701785734185,0.3332910896516324,-0.5869765602110575,0.40607476230773615
-2.9300446123068005,0.030389630189028852,0.698975176667358,0.07176779885950656
-0.027218883052739205,-0.1547120898505673,-0.41361460987533266,0.999115342967675
-1.917399632238206,0.5715557792339031,-0.5708639378828966,-1.1302967195754334
-1.5024413354302018,1.0443858270863098,-0.19015613451799998,-0.9100613200941167
-1.419015280207708,1.031490829338992,-0.4514653912560434,-1.0602558637398372
0.6292378738786544,1.0059126520668034,-0.4372085150835668,0.7429776871743695
1.4711886394400453,0.24631998774881936,-0.986151140751532,1.0255043712897252
0.7698519049537563,-0.949621160038399,-0.9082899057322001,1.2751629361223482
0.3944576800947549,-0.014863129757258798,-0.9317996236356565,0.3776886452825658
0.13648448121754553,-0.6122114831119689,-1.0637858594688616,0.2856896829136526
0.2951298212508821,0.5891287515727496,1.2686080747978217,-1.7366479134116497
0.47984626010969555,0.7859228435743828,-0.5758455653664406,0.41581291040622936
-4.827429446272276,-1.5775672637672298,0.44995802097044996,-0.045834475199719886
1.641395446002675,-0.1199099950940418,-1.0935762418108153,1.1890295073681434
-1.4019718298822859,0.999684636770233,-0.6038630100995527,-1.19723487290433
3.2794282718527965,-0.9669560248331805,1.382908237358278,-1.0345484223186276
1.5079604105988458,0.038122138678971476,-1.4422865259279998,0.19139840112646997
0.7785507407407674,-1.0464137982817565,-1.6574529293121552,-0.23108300443913646
2.070684108384259,0.4241508890549834,0.7978507708707,0.4389541724903648
2.464960628274982,0.3636185218986954,1.5093680861701158,0.3095902786844456
-6.1960089694283615,-2.5998031862096087,1.516927275257023,1.195395229192336
0.7389032460580296,-0.015413338389299123,1.5441606584763121,-2.4036934721811773
0.33466896436399773,1.4788993131583117,-0.27151778489567985,0.38766223854730014
0.39875968301974146,0.08043664857795726,-1.1578675213925331,-0.21592327573068854
2.2196682953099707,-1.2245365349500377,0.33389996079391104,-0.1994472196084444
0.4153513650080674,-0.856162946868698,-1.4832312072505622,-0.268757267207533
-1.4855134348997536,1.0068215590161136,0.06352032642519952,-0.3320553833188615
-6.1960089694283615,-2.5998031862096087,1.516927275257023,1.195395229192336
-0.11913369550592937,2.0182514633938022,-0.3020218347999955,-0.5887832088405214
0.29550768150480694,-0.3539685643317782,1.4785883745059407,-1.9136576753538264
2.0373065810562236,-3.5999298205802117,0.5319247012032768,-3.602732551705903
-0.06034612009331117,-1.8535394283657263,-0.9754362943083135,0.2188155166278377
-1.7941127783482762,0.8184134067677219,-0.41916582041675304,-1.2643042611640594
-0.3314706129800171,1.859934487161963,-0.09866409804828405,-0.2867773925924138
2.4825720277911527,0.6028260194489218,2.4252030204452724,-0.4315902710811697
-1.6717893458518946,-0.521723477775555,-0.6874717322611464,-0.5267566434763999
0.9536082158920586,-1.4179546476527425,1.104517238120521,-1.4661468704963094
2.4997416386185978,-0.7876576835521707,2.9628901327056503,-1.989548375321464
0.9220369800762992,-1.3096208162254779,-2.0357254000328058,-0.7325821786516592
-1.429813206245718,1.0062694277258084,-0.2427211364394886,-0.660324452662662
-0.13457581394497115,0.6381823316890602,-0.7502868627168073,-0.1405026656853064
3.484097176328883,-1.040458862340033,0.8546910941756667,-0.4813968099948963
-0.9726629463501797,1.3361838763435507,0.17674248855569819,0.15326770398363598
-1.0669308034684497,1.3089310377084773,-0.5014282480389485,-1.1132441205457906
-0.06651720458733824,1.5491623274344828,-0.09907658552051937,0.19622454774417208
0.8210559847726534,1.1196993935086432,-0.42441635515902254,0.870685173892202
3.8463696256377498,-1.8680866048141465,1.9726085291328879,-1.5105824064814652
-0.5406694449870232,1.6713556857894794,-0.16664002494246918,-0.3624604983823725
1.490589098019834,-0.2870383350391578,-1.320600312653502,0.6635705948009295
0.7515822527157299,-0.5499429051060746,-1.2912289873448757,0.2916304331512571
-2.5473267744214,0.17402258256274267,-0.22633663221747838,-0.8666800587287901
-6.079202927781011,-2.5124290392396698,1.5961087494019894,1.3410280415159161
1.2785369596109277,-1.480825344640307,-1.8239908041404367,0.014713311944634948
-0.982011572868503,1.4524166342137603,-0.28479935714763965,-0.9932082303953468
2.4200190618392203,-2.519929103292899,-0.07325760955619329,-0.24185366449136347
-2.6398664914958068,0.09483955098655361,-0.20293268189316319,-0.818390255868992
1.928941920470605,-0.027728829114420886,0.4713031120530491,-0.26066722341037807
3.217604022462584,-2.473950165308417,-0.34705771637136995,0.1660590259012378
-6.079202927781011,-2.5124290392396698,1.5961087494019894,1.3410280415159161
-2.700908742554666,0.21118416641394927,0.2932878283088129,-0.5725064460461227
0.7633858715271145,-0.06848140872858487,-0.9791495344017069,0.6765254516910838
-6.1960089694283615,-2.5998031862096087,1.516927275257023,1.195395229192336
0.7941950508739505,0.6999835145049784,-0.7713921809209848,0.4126418580831367
3.2650124867823638,-0.7847886331731639,2.51902738166963,-0.42364371353686747
1.4740965139533602,0.34857948453255505,-0.9464595297279381,1.047553990108259
-1.2648768422017216,-2.612739979486409,-1.0010615045744782,-0.051053442792008435
-1.1465046023012573,1.2408551860860295,-0.48102971738210093,-1.0711840284319882
0.7933581200433003,0.7486028285825748,-0.47059194278897987,1.1073926996530428
-1.2696329250766973,1.135515111749923,-0.4495323576303381,-1.006232241069141
-0.34720288353087353,1.8258789420467267,-0.2692623189852224,-0.5192766632876855
-1.8227273842573966,0.6396766249853405,-0.49706387533146285,-0.9769146466629498
-0.20287240993884442,1.9673234325000917,-0.41452367749720825,-0.8488786900937055
1.0289538592110732,-0.8120692344222732,-1.282582272872199,0.7030070578490637
0.13359518534147705,1.035601957947775,-0.44969760633612715,0.3183304091965031
1.9355352607166776,0.155255519791012,-0.940003359838632,1.5962472158251364
-1.1372721197754816,1.2510782876993887,-0.24749869229028235,-0.680571077538519
-6.1960089694283615,-2.5998031862096087,1.516927275257023,1.195395229192336
-1.5520316986126215,0.9228770538696013,-0.19281907251719613,-0.6711856727330977
-0.8440856493353658,1.3978032296734517,-0.022245707446290692,-0.04715443399530849
0.7994864412570071,-0.13906843893293885,-1.1206860342956653,0.4406730607877985
1.292685046842779,0.6387158687060047,1.6934570569533691,-2.4205058905687067
-0.3313611171911958,0.36358231191792223,-0.5966615487755872,0.04436849810769027
0.5609249970348873,-1.3626335891108892,-1.532330044329273,0.09421577302588113
1.380231411256413,0.7260094369344919,-0.6690288780960002,1.2405262091902907
-6.1960089694283615,-2.5998031862096087,1.516927275257023,1.195395229192336
-6.1960089694283615,-2.5998031862096087,1.516927275257023,1.195395229192336
-0.12599647529496386,1.9991850242902924,-0.0032345870929914792,-0.05403162668777522
0.8622463769543677,1.0825328489256725,-0.33393848430648715,1.1579660399475873
1.583121782284984,0.6595358986844113,-1.1003698379892963,0.5273747842443081
-6.1960089694283615,-2.5998031862096087,1.516927275257023,1.195395229192336
-1.574064569976309,0.8733994439985082,-0.532694469900309,-1.1166726890344327
-6.1960089694283615,-2.5998031862096087,1.516927275257023,1.195395229192336
1.22440973230285,-0.7410899365424151,-1.0739448730968428,1.324109220074472
0.31468747947745396,0.9084700918036404,-0.6064474416769671,0.29432440138164734
-1.8919105290332636,0.6268686475426029,-0.33148059686641745,-0.8127293349938942
-3.5494734190981836,-0.5284582756724917,0.6941469673510128,0.2270958351514011
-0.19472571161073132,0.014924466981799146,-0.9696724543052745,-0.1827474409560513
-1.0923331878379459,1.2847693200445005,-0.38697034620413945,-0.9091967009911442
-0.1312729266312413,2.0206574625328724,-0.37738256369489914,-0.749876712656806
-0.5258424176284621,-0.25759158480200417,-0.8132044201849701,0.03305123316768678
1.351451592429234,-2.979771472656044,-1.5346747409030619,-0.7277286850000048
1.0475751298567344,-0.5992560472901306,-1.6007227028346913,-0.1418872579561729
2.6692589920203225,-2.348761086351979,1.6401017757758496,-2.228888037709734
-2.3331412118960295,0.525782049155238,0.19837758113402384,-0.7681382800021426
-2.795280266816445,0.04491181102086051,0.5402917770286089,0.0906732687479381
2.0801488070923764,-1.4299859828859194,0.5123228434374174,-0.45976341524475667
-0.9306787091338428,1.371317265210033,-0.01413517060327426,-0.1637016307470229
-6.1960089694283615,-2.5998031862096087,1.516927275257023,1.195395229192336
1.0176911671961844,1.0617464019131815,-0.7670894206169638,0.43536570056499047
0.32992965857158557,-0.3457378768166671,-1.2893779421177527,-0.2652723313807344
-2.1585289030018715,0.4814184139638065,0.2929238494732109,-0.030984247787852623
1.0765931614794342,-1.8123003669386186,-1.6832930673590072,0.5648879160801336
1.1514680560070443,-0.4989739462282221,-1.1515958074407389,0.7983217279682486
0.5492106570087053,-2.1478625427136895,-2.0299925945191566,-0.6657463367715812
-1.7458346668430271,0.8361704237423264,-0.1275683793932599,-0.7810305488580598
1.7160946675004587,-0.6495526716503196,-0.3736808419378293,0.5301774196142613
-0.8264493954514125,1.4809996114490716,-0.3099691816339039,-0.7186936175510528
-1.9602907315352986,0.573530247089859,-0.08986270835828938,-0.4587230900392335
2.076561079444009,-2.0525178718638384,-0.10835150602682853,-0.749074663884453
0.341563885367435,0.8128208922563914,-0.7349675057898885,0.137018768319696
1.258505405470749,-0.7343177604642018,-1.4459787604471985,0.4067922764975595
0.07845844603508143,0.9762787433175545,-0.45092632990623277,0.2971476734379854
2.688793775841564,-0.7802050723416961,2.0628642022065633,-0.12738740002831375
0.323023315865129,1.7762429763225405,-0.5223877783567907,-0.5121319637816795
-0.37600481996217056,-0.6389713784808935,-0.7948563479703155,0.2741870671013353
-1.077346473884444,1.273181398557055,-0.15865613696273842,-0.4569697093363322
0.9638729672359814,-7.026799123037792,-4.724124984227243,-3.137871213355115
-0.6779535586477193,1.5794787520599565,-0.38500808147304794,-0.7831617343489656
0.7654908723353837,-0.6055378227868075,-1.3279767768458013,0.17463802832870967
-2.7870879463654243,0.011814054673071148,0.4225656030722691,0.060965709835402816
0.8956188041879677,0.344350844932857,-1.0748324885947802,0.2456205133064054
-6.1960089694283615,-2.5998031862096087,1.516927275257023,1.195395229192336
-2.7087890109309267,0.07782167231491655,0.15939399948345584,-0.40634113604359834
-1.6422100667508168,0.8142588037151602,-0.24790067412694786,-0.6222518782417401
0.9404611332017935,0.48215183725643457,-0.8505531852800409,0.6557864734634448
0.8190189756306088,-1.1553382635106062,-1.306728977629728,0.4298393505894227
0.5116483704435573,0.3671553291746251,-0.664460220455746,0.7602579009722449
0.6380813829026192,0.028192640582504282,-0.7848494324054337,0.736471258268284
-2.2227708289550168,0.35742036424671386,-0.4318465254802765,-0.9925489142409939
1.2238281366043444,0.43833811349064133,2.588858730578906,-2.1643675382277507
-0.6681320662249407,-1.2734637791992185,-0.9912144049008567,0.11583885725277954
-0.26644821849617034,1.8919949156614453,-0.23771110039628232,-0.4653386997342799
-2.026506259315811,0.6060175400571034,-0.17392033923461195,-0.7858055182875472
3.7590876233645356,-2.292610045260052,2.536278150931149,-0.7581850648675994
1.5787200354602278,-0.44873381343092555,-1.094541827106437,1.3611962583212724
-3.7375752635177033,-0.8337333613572426,-0.07446062937266831,-0.5313485026501047
-1.6228665194570964,0.85747887487872,-0.14231913016078854,-0.558668746957635
-6.079202927781011,-2.5124290392396698,1.5961087494019894,1.3410280415159161
-6.1960089694283615,-2.5998031862096087,1.516927275257023,1.195395229192336
-0.5730354497340002,1.7424305535755407,-0.3592120698098697,-0.9794408215509715
-1.4347324202421872,1.0554381671066413,-0.48691241588551,-1.220853391770979
-0.9192328904835009,1.3621993991071144,-0.40131320985997593,-0.7594160275400053
1.319158018466729,-2.3891812422215226,0.6436182905059883,-1.5158958281201262
1.5285076304068053,-0.8601100910974389,1.0687276087868305,-0.7757619868809964
-0.009745001482676126,2.0905728331992974,-0.1734784274965299,-0.32403469654189493
0.18746664109535202,1.6464123550641339,0.6397882338191729,-0.8542102769295086
1.2424267988701916,0.15512536254331857,-0.7691811512195564,1.2859039566584436
-1.2801128599636562,1.1697874587747612,0.06327108750997197,-0.29417102375001086
3.386097966108862,-1.9487309563863802,-0.3793906529582636,0.5627291067204047
1.7611765821148453,-0.287830856816116,-1.393809067377285,0.7681349142147672
-0.039966722883834654,-3.603617369231847,-2.4038623325826176,-1.1666255990678522
0.6511516566657111,0.44936569171829077,2.0525732864994026,-0.6223419900718904
-1.077556049889597,1.2545623665871588,-0.24676602560011543,-0.5652910597891996
2.5029507578249786,-1.0597499237338792,1.0085389372431413,-0.5797770372674781
-1.414431954203019,1.0087868605533976,-0.1578334237395743,-0.5038196797961918
1.4194838767888807,-0.05427548724509194,-0.8296767614298992,1.5184673860226001
2.4987904958595877,-0.43068571244869114,1.6621246945514228,-0.1572001765644534
0.15431015565369707,-0.5490108097359391,-0.9042955483290757,0.5490677202962908
-6.1960089694283615,-2.5998031862096087,1.516927275257023,1.195395229192336
-0.4796889074650997,-2.936288769205627,0.9511638418491979,-2.7487807293540203
-6.1960089694283615,-2.5998031862096087,1.516927275257023,1.195395229192336
-1.8294861076930868,0.6802874530682893,-0.3471734988649489,-0.8451186712880736
-0.15830259682592546,2.017613449221676,-0.47830151657464176,-0.984254655731401
-0.5314608250946686,1.719609689092896,-0.5034533045186869,-1.0379706500582324
1.4912428142158365,0.7257511524091309,-0.4968433127172962,1.6512836364363446
-1.3231334593781434,1.1713833958162638,-0.14403499806023504,-0.7438275599685888
-0.19486459824626057,1.984665768965152,-0.25642441034101465,-0.5881558752363458
0.4751454961714662,-0.0350342144527076,-1.0810574621371962,0.09547459455248426
-3.348441127575585,-0.36533295756038225,0.7556401681225821,0.30792810772884677
1.9872422355953803,0.6169406944051637,-0.9067736296337288,1.3557822492320177
1.5125117325695787,0.9981569898163546,-0.06786480551351479,-0.21415462679471967
0.74544189944559,0.17964849114486098,-1.0162122011999186,0.27279718424821914
1.4225894538746526,0.08989930100894958,-0.8327717505274742,1.3748902528927882
-0.003206718052259417,2.156392968363525,-0.3764460046351373,-0.8306672915494206
1.052296342379877,-0.2840849713867347,-1.5407505237518972,-0.1817759547330944
1.3366091023443398,0.10830419002260105,-0.9970094050959695,0.9366599881689756
1.4501671803959422,-0.43002732597896554,-1.264606935315409,0.8593301601487694
2.8061400360043622,-2.604705815584204,0.38219095145936005,-0.43492481583641496
-3.253759098636121,-0.4306506112900626,-0.052064264349179455,-0.5066425250872462
0.2153586941973699,0.8414410783192029,-0.5782405834455594,0.34214634437055164
2.0168429598288964,-0.8763078660543037,-1.2721878415531658,1.572409251408254
2.754189473947854,-0.6928671410692209,2.0243358933380438,-0.1357591404085229
1.992692280599191,-0.8802527477913042,-1.503790337126567,1.1166811779952948
-6.1960089694283615,-2.5998031862096087,1.516927275257023,1.195395229192336
0.28227329705423587,2.3540212783656798,0.06281472645125642,0.008035720636656987
0.7512017244844235,0.135280991074481,-0.7752914566244647,0.9276263029819292
-5.932044718872375,-2.4023506324066117,1.6958656091464361,1.5245036864193553
-2.6881592835239307,0.15043547239077243,0.4697614268307469,-0.012209360386862808
-0.13759152401488636,2.0520493773715383,-0.43134418590002593,-0.9398821901777633
-0.2817269941806773,0.6561009149125346,-0.630317756381033,-0.08459643337729916
-1.7844654829977533,0.732424038407666,-0.5435389180211305,-1.2229180209671182
-3.253759098636121,-0.4306506112900626,-0.052064264349179455,-0.5066425250872462
-1.4815559406071397,0.9827556907144642,-0.005381326198283652,-0.3100707963048302
-0.6880906249750176,1.5676368906675362,-0.2631223445483974,-0.5667659959427533
5.014079935823678,-3.8995210686881436,1.7003741703193744,-0.6374173248246198
0.49824850303797685,-0.18535130808738984,-1.3250251762107872,-0.33566586767500073
1.5258636451871725,0.09972894180823832,-0.9100344945849822,1.3579774640539661
1.7745378628705946,-0.8358382742016437,-1.3489824634343284,1.104611633988061
0.2356178965972283,1.666712032450538,0.6213890928716471,-0.7491680183608899
-2.062237747064511,0.5248139562413341,-0.05519378075743805,-0.5039409158419842
-6.1960089694283615,-2.5998031862096087,1.516927275257023,1.195395229192336
2.980336966667682,-0.5259009201974931,3.645615954367327,-0.9423594140892462
2.4029263059467234,-2.369300210694351,0.6566114865547363,-1.2867359505467177
-6.1960089694283615,-2.5998031862096087,1.516927275257023,1.195395229192336
4.091106080985828,-1.1380352451223519,2.5942242257714785,0.11396234622108051
0.8699251722437312,1.022672342710979,1.5488167785595155,-1.952293813681191
-0.879728235348409,1.4052082567428832,-0.5725332220952779,-1.0792301339221504
-0.6917383412354684,1.560374439345442,-0.36283807805344076,-0.7245772955177776
-0.030075809569837027,0.16775916747066397,-0.8625618805776255,0.03429872461105503
1.5641729290500594,-0.33848027165065897,-0.856761528714548,1.501143995070638
0.4845468533914458,1.1885887168266596,-0.31330370145502096,0.6589662198544176
1.0215787748676994,-0.6016578595268909,-1.442436800286913,0.07204684418623089
0.5193465362975718,0.15399238549858918,-1.0632367177832642,0.14496027138449713
2.062722082925046,-0.1765441988141112,0.8380096989383274,0.22377407637396177
2.09203687580585,-1.0197333440422534,-1.4859427995770031,1.2054976172470249
0.8293206670930188,1.0809664200724294,-0.9062308206594476,-0.003012380999223797
-1.9663285141455453,0.5768345293939778,-0.49701844180076343,-1.126986367194958
-0.9444524387551663,1.4137095690227492,-0.532877617479313,-1.1780847405918309
0.30793364522758787,-0.6938545642424657,-0.9742503992317797,0.6167015417628311
-2.7493767113955068,-0.10748185094087284,-0.12856224758304904,-0.39258907969455115
0.5451000941707155,0.06480133822723202,-0.9130396774073812,0.4438177951274418
-0.7085817071899674,1.5935849027300522,-0.18081499686833427,-0.541910248979674
-0.13765666192637824,-0.31782899263965503,-1.0977969447973834,-0.24562951441552006
0.5388084090487393,0.9313149464304894,-0.45525908940895776,0.7046461103947026
-0.5412062922239841,1.714463616004135,-0.20402980519306116,-0.5535255979287511
0.196552144145389,2.281728280045237,-0.24314784149033256,-0.5008597099561689
-0.2769085942487485,1.939161776727209,-0.16900472626176535,-0.50994214370875
1.0361620326672114,1.27659910954616,0.5655258228073147,0.37654401855711483
1.0254775389302362,0.5600254752593118,-0.6352975540160273,1.0873468385513902
0.3704106640393985,0.618539622877739,-0.5501738858156713,0.7344119071664224
1.7769490903394847,-3.265729716963749,-2.7096622526432466,-0.33544698819082286
1.0227082248010277,0.9090157995179163,-0.5583403935641297,0.9728599682602656
-0.4264546255341292,-0.9927939415195244,-1.1038493829316316,0.01803306082469912
2.2150695962328,-3.859370431750352,-0.5430075346267845,-1.4154414646733393
-0.4602713683279378,1.7993779366908353,-0.5830609434337773,-1.2309729154695204
0.16413881604439054,2.2464522627646306,-0.1605306466405809,-0.33750163586022625
-0.4109778861056531,1.7893289593402244,-0.26105296144919227,-0.5477430425366627
1.1025091077799065,-0.3576207126730531,-1.3663306972343507,0.3614941853888868
-1.146904656967735,1.1930597543861574,-0.3464219625874742,-0.7141091484748227
4.220168460175003,-0.5356452863931223,3.8466320483143583,0.062333376048305016
-0.12270482733528815,2.039846927139815,-0.276437418211178,-0.6236814135438069
3.8421803208881715,-0.005572406634464834,2.745954335254425,0.5346502786985418
-0.8096071527648266,0.3326591910607156,-0.41544133823717744,0.1703795025133386
-1.2903155668534592,1.1256313517023062,-0.2780307497890712,-0.7331763329146019
-0.6135653852046911,1.6556988137641038,-0.1412443026778453,-0.45103643170079244
-6.1960089694283615,-2.5998031862096087,1.516927275257023,1.195395229192336
-0.5233700444189793,-0.7992860853001388,-0.750424185983016,0.4788615504788463
-2.8056068583308384,0.08448672295869597,0.14153208154898725,-0.6457662939099154
-0.8712417999570118,1.4258180393906548,-0.4607629695026824,-0.9255984049379863
2.8054786119375725,0.14024770750359583,2.33367972664495,-1.7510509098653981
0.9970112088613738,0.7880327030384962,1.4351182219512302,-0.08787753813633371
-0.8045692007918895,1.513001787145911,-0.48396389562720304,-1.0524585414857788
-1.8115646426127952,0.6701905102162536,-0.4723776547354173,-0.9922461265125487
-1.4193721938345258,1.0685784289551643,-0.4908607944970534,-1.2289935088953197
-0.49685548489107667,1.7208970687947884,-0.15840240339326803,-0.37919026891290863
0.16006110750772368,-3.560572948171296,-2.176552548875023,-0.6316994593723649
0.8072817209422564,0.45902565255474825,-0.8995492089285669,0.48825308043850424
5.396495813051634,-3.100705951547676,2.803767488006591,-1.0520790306289034
-6.1960089694283615,-2.5998031862096087,1.516927275257023,1.195395229192336
0.6798296159523886,0.6743821782560079,-0.6691200699654494,0.6014479165253105
0.39420804327657016,1.0681980798557742,-0.8102608454214884,-0.18891385678973635
-6.1960089694283615,-2.5998031862096087,1.516927275257023,1.195395229192336
0.6682235636522312,0.1569351168132241,-0.907058073671106,0.6131969808836598
-1.7067586505207804,0.7237408258362188,-0.38868623560018806,-0.7613869357329588
2.8064315566523974,-1.103824456575119,0.4440117627074689,1.1201723378402149
-0.23282609837086105,1.9308618048146866,-0.2331498957853291,-0.48785688425699014
-1.0037820303554748,1.4338343437524737,-0.4972247907418689,-1.3034973109104686
1.8329241110406973,0.047288005013727506,-1.086172540645753,1.271647666907758
-0.24749375709205648,0.44891486880184994,-0.6881613516068211,-0.2449216435324842
2.6921852688289483,-2.4103438681105986,0.1770694882919913,-1.0601988899177077
-1.8969037398099329,0.7476484872528334,-0.1676659095757662,-0.9209595880410336
0.3460788475286103,-1.3569882272752307,-0.17052107950918502,0.05880724938413056
-1.5925402567213047,0.8889819028798825,-0.22358168946016724,-0.7320896901070191
-1.184156402752655,1.2086433394354008,-0.47138878990054117,-1.0513040952449617
0.7754515905932262,-0.3150629880129652,-1.2010539317046878,0.24823999068724145
-2.499287313325299,0.2151265333622538,-0.23852395260652762,-0.891822436547315
2.016306657757954,-0.7514004584029755,1.9109123312054896,-0.4143748089027976
0.022658416093587524,0.04393020442231992,-0.933389210536973,-0.05850320223300412
0.403795701007118,0.88784920726459,-0.28869239124663193,1.0009642035776485
-1.0287316999759688,1.3270457219005853,-0.04284298049682669,-0.3135134890240267
-0.8732756512938008,1.4452469604313305,-0.47797284576966853,-1.011739164433272
-0.46603821916846433,1.7265379510062526,-0.33966526457000906,-0.6338772080620403
1.5368751049178246,-0.9535602186576351,1.3999461079383297,-1.5408789012390192
-0.018078463621160973,2.2136764819175654,-0.038527667721853974,-0.49224550212896023
-1.4956544428681215,1.0033206422487826,-0.4712602175323058,-1.1885834505612838
-0.10839265511086504,0.9496748346508099,-0.36084282504271714,0.2422182019611925
-1.8436409864455616,0.6695127023785765,-0.27131512125660734,-0.7180374274042056
1.4948504246015504,0.9023485526970746,-0.7534473147455347,0.9021972957365775
-2.6398664914958068,0.09483955098655361,-0.20293268189316319,-0.818390255868992
-0.8318222095730327,1.4678845224519224,-0.41968307084552875,-0.8817897379431764
4.681308686027258,-3.2274845879060368,1.8532513362179124,-0.7207623892601436
-1.252397822914606,1.1938521310255554,0.22246728114092026,-0.03475138589931736
-0.5965949761208584,1.624886123830908,-0.018157828238060465,-0.11171569698107588
-6.1960089694283615,-2.5998031862096087,1.516927275257023,1.195395229192336
1.549706481078695,0.5658340054169794,2.0333736100164734,-2.543008635529585
-6.079202927781011,-2.5124290392396698,1.5961087494019894,1.3410280415159161
1.498722295623987,0.47553920288406115,-0.6726030412124397,1.525357586150377
-2.1370888666006236,0.5134710386918048,0.2805486704208064,-0.11965288119006191
-3.2148223512657954,-0.2892336603361632,0.548488582146588,0.07556583391409931
-2.077699175735236,0.5813213456824194,0.15821167276266637,-0.3308893826147907
-0.6571922784655995,-7.144839594650352,-4.048508926710498,-3.3419772429417036
-0.6783740175256208,1.5543687883799553,-0.36279023825318085,-0.6789003615033777
0.8653021312542748,-0.28371995890528234,-0.9375327740135921,0.9234818492765032
-0.2565400172655933,1.9016462150464537,-0.13688268863520678,-0.2985066044374221
0.15576997951383612,2.241065806198835,-0.06319537230981284,-0.17653065108402213
1.0731166820553117,-0.3480897570663065,-1.0622005469867524,0.9810783683297469
-6.1960089694283615,-2.5998031862096087,1.516927275257023,1.195395229192336
0.6723317179543685,0.262708946772815,-0.6504177163824085,0.9630790675467364
1.114023029664196,-0.5149812800466244,-1.3337520701856644,0.33096175799595273
-1.1475853237188056,1.2202478599129245,-0.15595769179276966,-0.4651132208046824
-1.3431086148252598,1.2680017043850687,-0.021255448685798057,-0.8872804822795782
2.137862522499368,-1.6490947106422276,-0.348076234583615,-0.659811366228514
-4.827429446272276,-1.5775672637672298,0.44995802097044996,-0.045834475199719886
1.6498674574559093,-0.3656000034912425,-1.2997074906334145,0.9110527926032903
3.3895430827473985,-1.399666156857635,1.8618663898892691,-0.14633482976251355
0.5909485251771404,1.0695687092523836,-0.4171109076483683,0.7596735884863014
-0.4679942050989886,1.7419135277359012,-0.24474517745933302,-0.518426445733323
-0.9364753727401531,1.352156370845176,-0.427109870557385,-0.8143312121085917
-0.6697191512064691,1.6571169586806291,-0.3012082333221458,-0.8647658424850987
-2.4697314710246974,0.24041483855542994,-0.2460334648877728,-0.9073133373791488
1.624339127363669,-0.32331578868927013,-1.167005948024443,1.1307222864441504
1.753507759775329,-0.08711594956464955,1.8602771168766115,-0.7211234402763594
-0.5856536399691354,1.6784845167629416,-0.4827588427576515,-1.0118497648414906
-2.2703437408552953,0.565961047172498,0.3687555664372252,-0.4440929368971662
2.0267109249113355,-1.094623817395068,1.507888869553044,-1.208371146224797
-0.9173849473838642,1.4068526473842553,-0.38957793223829135,-0.8742092253110417
-1.0311665933758356,1.2479831769448455,-0.2799206760721215,-0.4936660499631854
-2.0566961727685387,0.5295559770602674,-0.0565890817296131,-0.5068205134796472
1.4136907798155054,-1.1250626718862962,-1.5357399560823757,0.6215178186124303
1.8956590707226502,-1.155004513314115,-1.1484474692553,1.6919924098967485
0.13893088535037426,1.0404519355960018,-0.4012601758060841,0.47433425728767875
3.43118435191356,-1.1318014033572399,2.5389589186474355,0.21707788134915426
0.7129788696921249,0.08562915646399012,-0.904164179468521,0.646125927381798
-1.146545527786248,1.203114267174117,-0.5299697388049078,-1.0529413759967472
1.5626281342644652,0.32708157726935716,2.3854124463821726,-0.5601785641565054
0.930409264101279,-2.0010046358214404,-1.6675036105366472,0.4601441254021282
-0.04398222422492357,2.0919829957428906,-0.48427508062984653,-0.9305084931840887
2.016609501514643,-0.74072153376616,2.484790551229555,-1.5287477344325882
-3.141337090900106,-0.16558458012681623,0.406628040495627,-0.33885331206182684
2.5866749105134486,-2.1019826972149196,2.0425635182197523,-1.6328721337983276
-0.13785751227586027,0.8405917863737186,-0.3588129843281615,0.29201555467383583
1.2699336381906048,1.2783773854664653,-0.5786771868770905,0.820691279961655
-1.930273185892466,0.6314883242840611,-0.36013660931974517,-0.9594258759384146
-0.720053970704596,0.12734034110786036,-0.7487617148079176,-0.2657936453349116
-1.5294312753146564,0.8964566198249706,-0.3460735331628724,-0.7610984635578857
-1.7892534210601074,0.7043126562184534,-0.11469024678901651,-0.4675496640957256
-0.06927193882188772,-2.0355736047930053,-1.9035970583670876,-1.0367224438880764
-2.2152519121000873,0.35617766601252515,-0.32977522188116376,-0.7973334095667299
-0.18530649451814954,1.9297307138652815,-0.00813712350108927,0.0008761983780458805
4.101610479725066,-1.51011285549671,2.943479275634056,-0.8833391282166482
0.6078412793891191,1.017339709170313,-0.4528966022457407,0.6159673612199085
3.9664780969103646,-4.348515872277961,1.1213717284680453,-1.9967394260710594
-0.14425993095430142,0.6041032260858443,-0.4699239309749151,0.4078502802453327
-0.7076485032024709,1.5348420653257773,-0.5024358865572464,-0.9283086761524436
1.6893687587222248,-1.5319736545325133,-2.0115861985896175,0.12424188508176516
-0.5592239638513704,1.7362927257236347,-0.19507966141007452,-0.6600022256956454
0.5578115990382145,1.2716625501771768,-0.4255497779899976,0.3925259091644096
1.161583210552425,1.4914503110795718,-0.40895334237717984,0.8970019372717208
-1.0858503907794979,1.238493410762214,-0.33448603471811295,-0.6811632913607494
-1.1942736939048522,1.1370747394182572,-0.3949166403780467,-0.750723843004002
0.3409828804358197,-0.7608933259833903,-1.1844727530634005,0.019167500416884968
0.3089286585918935,-0.08664070065019537,1.0822197515374616,-2.498853321433611
1.7823081888353212,-1.0535671877307264,-1.8380036196194633,0.30188896008465926
2.9279200248295525,-2.464347714574331,-2.479887874551906,0.6652787096513209
-0.7817832296588475,1.530887879380039,0.04250235310031266,-0.18914803417742507
-0.702043510881808,1.5565865769781038,-0.30301225579248076,-0.6355498167393686
1.790811766116371,-3.1437143886210404,-2.5428314738536106,-0.15464239173801436
0.19624027749747336,-0.41110575969927826,-0.8192676064778037,0.6482995812804451
-2.9461691512994537,-0.0886142185311101,0.46027584046489073,0.009825426636794823
1.8255287844780805,-0.8941317501908657,-0.26872012046577665,0.456928623907547
1.9250488799921066,-2.852644460803038,2.000550550369074,-3.900339680581466
-0.14806498382288605,2.055697050906364,-0.6321178413904841,-1.3143247357727417
0.5488468750251746,0.4015771571000731,-1.0238893511786966,0.002183401732183683
-1.4492725439599323,1.006315434431525,-0.26100050671938274,-0.7345155046512679
-1.8121892200587704,0.7173836391367537,-0.19233034198343915,-0.6426474146183299
1.414031244515913,0.763626194033456,-0.7391861953305605,1.033814223804395
-1.4197669652630103,-1.6397940333702117,-0.5483191735143057,-2.163636875229561
-2.1098076333414797,0.416489494381019,-0.23957421791996505,-0.572757875690709
-2.0081526746307516,0.6353100801002479,-0.36410186089807167,-1.150787028034842
0.1516731966278481,-0.6236592345315952,-0.8240355390661421,0.6634009280681695
-2.5970706118523625,0.07044682235863409,-0.09568678803308014,-0.4748487440027708
0.15302153100562033,0.6739333778273903,-0.6487643361566351,0.24121868335952013
-6.1960089694283615,-2.5998031862096087,1.516927275257023,1.195395229192336
1.7998720889472903,-0.3783443375806523,0.8929486807856591,0.283131217568062
0.7728129165430465,-0.6678624883688058,-1.3479627887248276,0.2358227508168112
-0.09624002379585196,2.058787716806655,-0.3252666737859467,-0.6866481068450205
-2.0983160188772887,0.4877026776258273,-0.31757728084621245,-0.8716187010730013
-1.351416916669405,1.048781615166886,-0.3910024743493798,-0.8538107958293857
0.4923111017701689,-1.5457983402648645,-1.9241348902890358,-0.8596003862476077
0.8401392595074377,-1.3256278904648073,-1.4726275294963393,0.3952488881804542
0.43072126329501714,-0.3051112048901182,-1.0264968334188243,0.4255305876101615
-1.5912160711748073,0.8546995754278817,-0.03667691892420668,-0.28444109250963173
1.334842637247334,-2.121919381619513,-1.823840637680404,0.30474742999496657
-1.2732732326833132,1.178133471752414,-0.20333368712272906,-0.7526281210664698
1.7930436043433562,-0.20630361526622806,-0.2311369293966883,0.6293362297286537
1.552545408171548,-1.3797102552405234,-1.4799904460569455,1.1171943134319824
1.0114789600712637,-0.7582072194053228,1.1484890642654202,-0.9854315811718137
-3.3367432053606234,-0.3966587328445535,0.3996860874526341,-0.10923347934345558
-1.2596715788269817,1.1211945821516585,-0.42933212700416085,-0.9413147136201886
-0.5111978564458862,1.6956263834720915,-0.3831931109664693,-0.7242994531327156
-0.9242575962112749,1.4484626642297245,-0.19035208955600916,-0.6438852417622939
-2.1201272076088378,0.4832214365910479,-0.13582315509908946,-0.59746761473766
-0.3846377207455622,1.8358999816295378,-0.35104763763194075,-0.7675114083994454
-1.705480832080976,0.7806318778376169,0.12775660549600404,-0.0734011540976358
-0.09998478852728011,0.8930117540548466,-0.4916378871525315,0.07635850745648727
-0.7884714481475843,1.61797745236272,-0.33471250745450204,-1.0960941833895477
-0.8803059515082857,1.3815821955841554,-0.311729475222382,-0.5735447803908487
2.9161302261823208,-0.8993154798048207,2.115367656095449,-0.212546654070617
-0.8187699466180002,1.440396225442907,-0.15790194864711707,-0.334911480779058
0.8298177093367913,0.2617928386196346,-0.9838102149436495,0.46914397812658093
-2.537574587340328,0.3373576538573286,0.43756494922818623,-0.3022451056114536
1.386175764800003,0.2177150413799151,-0.972631469081797,0.9989386123088888
-1.5416851822651885,0.8859703252393748,-0.34299709489710434,-0.7547484263769719
0.8881642401486317,0.7388583284228999,-0.5593428193989871,0.9853499758884965
-6.1960089694283615,-2.5998031862096087,1.516927275257023,1.195395229192336
-2.1259317096905423,0.5345514170763616,-0.3338665511002054,-1.088448731240146
2.2624899715770526,-0.745348825341495,0.7500780751366917,0.00012521351025015785
3.990685233856049,-1.621847024660802,1.9715713040438387,-1.2477682631361715
0.6432855575267105,-0.676663016514992,-0.9222696639028164,0.740084562997354
-0.5022062538980339,1.7151183800815553,-0.3471637696469411,-0.6956680582188017
0.28618659343514274,-0.7178601028365743,-1.4563904051361536,-0.30207673217395914
-0.22429205869925226,1.9191195028758046,-0.15827542096198596,-0.3106522980721674
-1.6302305790875067,0.864370846488031,-0.5831209849579578,-1.304528418663567
0.67907331359425,0.9009652136794248,-0.5905090862197669,0.5968627244155231
1.7479192985258512,0.0827343350539019,-1.1735807068395774,0.9133130499500901
-2.11380453665374,0.4506563388085798,-0.45946329249926926,-1.0495250020766282
-1.9062758679220053,0.7493213860678327,0.1532848089844009,-0.4483202229756825
-1.8375898889889721,0.7958663269218553,0.39173157445086054,-0.01993970751854339
1.6210731973173207,1.0951517936291881,1.9859542170969917,-0.10192234888985857
0.14523261126553805,2.247222802477655,-0.06507626529514984,-0.2194312783785378
-0.4794316895697782,1.743176380562268,-0.5439168327860673,-1.0552141110660376
-0.7991505613501535,1.4704334601833684,-0.01266712189256538,-0.1375956308732709
1.7276051301288304,-0.2746114981783134,-1.154734736400436,1.225680786905837
-2.0180660429857356,0.49249519744259107,-0.15622288557924005,-0.4327387380467873
-0.6331938327247375,1.6744261355413899,-0.27939665413932585,-0.7852044146777057
-2.0582126370271507,0.5080618727937657,0.03227833885152017,-0.2790524551115226
1.6737566199649632,0.3207956185991259,-0.6996649681903473,1.7068051258325758
-0.21871716245324566,1.9167001819418936,-0.1055137809705761,-0.2025211464088044
1.0626418924571672,-0.6951887928090952,-1.256318968893899,0.757373810134463
-1.6814101716978063,0.914824306499608,-0.44820438383160116,-1.3241641961079618
1.1698857751947918,-1.053051368358084,-1.5934546393335947,0.28960663285674537
-0.6714472419232682,1.5742018369706874,-0.46439323123026627,-0.8895270650386228
-1.4924610046236138,0.9822283637594833,-0.6185491743843885,-1.3775669669405726
0.72182369051183,-0.35982358230572875,-1.2982442390921396,0.14191544382357416
-0.48614428633102,1.6879323253430065,-0.08235199108876137,-0.1385889053925992
-0.7319779325660023,1.5618247162019383,-0.3340957986733724,-0.7684500763836157
3.4533476491611297,-1.588652933575662,2.3232761034349854,0.17146029848641875
1.4205769868110745,0.03414419122055596,-0.8007312690773186,1.5107616025918194
-2.7053371413833425,0.038815477316270226,-0.18644167098090472,-0.7843570574874283
-0.31115813994856917,1.9187764544408907,-0.23771641038322847,-0.6507239549704206
0.6963873898490764,0.6139141001268683,-0.7932428512708292,0.48815246351427477
-0.5568455031667909,1.7337858017972405,-0.32209477395269187,-0.8238816536565667
-2.3252162110357757,0.3032114738414513,-0.16124318108743016,-0.6104461992511255
-0.48616214604294794,1.722700518956033,-0.2134332562380761,-0.45378935175112356
0.6585910815737898,0.4527104084849504,-0.025837579582137393,-0.4343315448177919
0.26934682089940976,2.3504813704284806,-0.17694079623655803,-0.4128611003117688
0.7201465294616267,1.0842407812832962,1.7636431303493478,-1.2231091215854935
-0.8566615975643249,1.4691751040126746,-0.22966624474264732,-0.6171836741486053
1.7802981960528181,0.6758613331272,-0.5961743420886529,1.7848705742374227
1.8069400835262754,-0.9623070972160475,1.5211285965918548,-0.5230326742117286
-6.1960089694283615,-2.5998031862096087,1.516927275257023,1.195395229192336
2.6983827743867748,-4.231276492578767,-0.04563131546799539,-2.72375880651698
0.9570669496010035,-0.06080604759810921,-1.0374546400754279,0.6852733974769812
-0.8592506159183361,1.5129958121606397,-0.2987596616640437,-0.8957906705418742
0.9848912364337171,1.2303870804769894,-0.5017045606694185,0.8051272586438051
1.4613782688164154,0.987559063877958,-0.7893347622809489,0.8505637090944781
-0.3618146971496507,1.8090572518245227,-0.3554824672429357,-0.6525735946849032
2.9532059484292663,-1.3824394170552237,0.7135571173059502,0.34643570707054716
0.9070999323739674,-2.1477727611227295,-1.6533677131815434,0.5296439718776812
-0.6260702577790386,1.609292741457499,-0.06479989945289452,-0.22612338505396143
-1.8505734914712328,0.6825334456217812,-0.09657096818881625,-0.4922001038688575
2.6170314960187073,-0.8681693089467359,3.1067570404640903,-1.1107234718891605
1.4898573168231772,0.3095737057261942,-1.4851739628986342,-0.148923038542256
-1.2128556083075757,1.1031762584532105,-0.2746521730100922,-0.4966691774319326
2.758419875142102,-0.06482963571732853,2.1380621351338003,-0.20557694197268836
0.08112858211897214,0.4925475611940067,-0.5194500382927532,0.47637771102720844
-0.9109135107134942,1.4220240909666784,-0.456692362189495,-0.9962279595199309
-3.1260888877310893,-0.32132214251024455,-0.08250913398630846,-0.5696524359311038
2.2749656512917076,0.5650998465480803,1.1867945009056313,1.3081969150084967
-1.9734177262401476,0.5571155548111425,-0.31108697819815473,-0.7706278291332733
-6.1960089694283615,-2.5998031862096087,1.516927275257023,1.195395229192336
3.645531391326804,-3.086613018876895,1.931575170041631,-1.0190835442548802
-1.3468092023713347,1.0317696776616472,-0.47901747851321036,-0.9478423828249686
1.3590837016420183,-0.6976491571379722,-1.219754599363457,1.0787231044930328
-2.839219313951386,-0.07575907671864426,-0.152931638741672,-0.7151786875219761
1.5005786319571268,-0.35871974861016737,1.1528305228405171,-0.5493841282508977
0.7430506022321646,-2.323868002859615,-2.1011224389648535,-0.613464151862562
0.2762469956804923,-5.237407516863121,-3.2413468116025568,-1.7228612768543992
0.1637798148592082,-1.9595227254849144,1.5994438475673636,-2.5539767920752667
-6.1960089694283615,-2.5998031862096087,1.516927275257023,1.195395229192336
0.835189180032647,-2.0914434846373586,-2.252070593545304,-0.8813803974934518
-1.1137296582053335,1.2447257713255595,0.08810711653446283,-0.07941465448843209
0.12944026312159657,-3.389901898880958,-2.4273315551723034,-1.1667339924958022
-1.2878821766583501,1.1810632875648897,-0.5246891696887198,-1.2987323489401328
2.816714511242444,-2.692574570915504,0.107448750169884,-0.7984569858198725
2.246514016905143,-0.8369418695494835,1.3883572609743515,-1.4549080699340642
-1.9712575573402162,0.5615087638529063,-0.017120039820704053,-0.3147207293125101
1.2454957885583338,0.25010943231805544,-1.054477473626565,0.6507974951662676
-1.745728295080169,0.7519580275841825,-0.368315151764709,-0.8887449438861234
-2.2018290808959113,0.46962056949417547,-0.31441480569034447,-1.0483403852175635
2.3873649544775244,-0.6430867541645011,2.2020631412962475,-1.4387099665264451
1.1248832197785767,-1.079904435678896,-1.6790676272881149,0.035812830294720974
-2.103335465187215,0.7088255458081572,0.32568331777387316,-0.5328775843449026
-2.39352445959585,0.29803749942401353,0.44006939733281203,0.20617501671409583
-1.8796089220178411,0.6959537415680132,-0.029521525319207393,-0.546974242377066
0.29704212030626326,1.6828200889736207,0.4714096759491075,-1.0316929220251234
-3.253759098636121,-0.4306506112900626,-0.052064264349179455,-0.5066425250872462
3.959791469464841,-1.2761448706325307,1.741374790734652,-0.24327492834620085
3.1699432476087486,-1.0239920738730948,2.674336041078623,-0.08431408670993293
0.3360014805476266,0.5718406611554913,-0.4816459238310161,0.7415083302052043
1.2255110931177482,1.3439074303976557,-0.2213700107609636,1.463020570774962
3.38819715820229,-1.330233953809245,1.9117549128796136,0.24087712845559495
0.7461010708355155,-0.6216805260982272,-1.4240408186311506,-0.0021500104669156207
-0.5091995589364942,1.731643850328687,-0.29447747389809814,-0.6660540564524869
0.5029011094640189,0.3393519002733234,-0.6232983258307757,0.9056248448587297
-0.3790674087522607,1.8680275357971066,-0.6050387003542635,-1.2736996933482447
-0.8836361270825133,1.4004731817653058,-0.5219352806122578,-0.9889072139462999
-0.37364069798767663,1.8786510353331896,-0.7813118292050855,-1.5913609436788745
2.819618564369319,-0.014322128279981142,2.3525573514412224,-0.6627114509728005
0.36184323338640006,0.3537716584672856,-1.028669958074726,-0.10071003154613661
0.330313930237931,-0.19888785552232677,-0.8090573386945017,0.6757947656892231
-0.7248746695016764,1.5539685833074413,-0.21010241068833638,-0.5211617061915569
3.4330532917060537,-1.9630192116916174,1.9208648877747914,-0.926956122274999
-2.713636755728271,0.0552489931255662,0.17969771317601366,-0.29620678502512426
-6.1960089694283615,-2.5998031862096087,1.516927275257023,1.195395229192336
-0.06725740278096387,-1.5735956513771536,-1.4361306473323363,-0.032643518339200955
-0.6071148113127923,1.6243836530479185,-0.004328595200676487,-0.11004828450772548
2.2162338805060453,-0.5560506004894186,1.9779470737387936,-0.9483402817344383
-1.7673571094062075,0.8648794136051602,-0.061096337037473546,-0.7928878282906158
-0.2624420186114996,1.9453121980847987,-0.11383463419177048,-0.40939645447260975
2.3716456165611652,-0.2860712251719454,0.9409453370672574,0.42428511619025006
2.1719460821580747,0.8427130747597562,-0.759609738781151,1.4818426554267323
-1.273079535112012,1.0807271912606395,-0.40551019029315644,-0.7913112318711879
-0.8624044400690204,1.4143497376912233,-0.31949489937009473,-0.6351653555427103
1.8759424668165896,-3.0823009075929404,-2.6812429909809206,-0.4711252791037524
-2.272533009204175,0.4091314992368342,-0.29632120577115145,-1.011029661679815
3.8979286306890653,-1.4695741327967065,2.3269258903944037,0.27421845971925957
0.6372670838486011,-2.26069770005423,-2.1130756563818855,-0.54304389739921
-1.6847226065459844,0.8122693887683619,-0.048204173557236794,-0.4042442628928704
0.7644695918076421,-1.6859626803834458,-1.9264098444814257,-0.5135795981969272
3.7009676638224573,0.24237904451704018,2.4560853527549162,1.5440715777745346
2.6354390557772804,-0.7959256829431496,0.6767666654326955,-0.32942955270670127
0.6891033046196294,1.695297045677308,-0.2758462445762754,0.5264801229468073
-0.17512008859748776,0.3897825500946853,-0.8062368057055638,-0.09656739059668107
-1.267143806501119,1.0833508093587576,-0.2889829536416208,-0.5872396937586645
1.5510910203325918,0.20150315954013595,-1.0023211454006007,1.1011348674450014
1.6631631756537697,-0.6341892929000597,-0.3414994589609981,-0.5134652456627893
-0.9748678618303153,1.3313972279986852,-0.48698537465267927,-0.9452036563167233
-2.0310554658300837,0.5452558653780409,-0.33457368420921424,-0.9066891831060898
0.8210815392898917,-4.979905225677532,-3.4039319620657995,-1.6242115713471754
2.3191554922124733,-3.8582674823017293,1.6009452141030915,-0.7543143918920245
-6.1960089694283615,-2.5998031862096087,1.516927275257023,1.195395229192336
0.6455957198298854,-1.1521734862392823,1.0360971439564624,-0.8284295165493951
-0.6958073663858507,1.5606838258042033,-0.4850579316904106,-0.942125610418643
-0.6746384937419638,-1.6172281777697597,-1.4214182328079292,-0.5828837594863532
0.7405683656729115,-2.600143944065227,-2.203252572899179,-0.4481812585051246
-1.554747965266651,0.9130685228994229,0.011973831003778058,-0.30704200286992794
0.10148071119375575,0.5642321143474714,-0.5441614587783571,0.33156896203812203
0.3915895310920718,-2.3725893734519614,-1.8785978226424742,-0.08683535274695857
2.1919823314551623,0.23011558006149116,2.238378931638685,-1.2434200223122527
0.5091706254738481,0.6126196965571595,1.9538446444868454,-1.098325418351132
2.2697660319164936,-0.7032825131035114,0.7878352383632431,0.21654399254714501
-0.9211814377385696,1.5062636459425918,-0.2590411785275429,-0.9525589667794087
1.5365547182823998,0.1805215158849655,-0.8739080204822164,1.3374805024875323
-1.1109078350781108,1.4124576099677404,0.08257629181440872,-0.5854583700809418
2.1562354825693304,-0.23150934920669336,1.46349488240371,0.35950330245525525
0.341245747944296,0.7487284736642841,-0.7474458583297413,0.1631788748011915
0.06188504661502259,2.226842982439776,-0.16246648548069728,-0.5432266101044398
0.8128510816637382,1.166414699327495,-0.452745738356037,0.65021541021186
-1.0637111219180446,1.2642453605175596,-0.36746696612373947,-0.7575311951180943
1.1032555039136682,-0.41389420228052975,-1.4530160107708336,0.16221240607856724
-3.133482650319316,-0.18369272254606153,0.6459412372408372,0.1378253074473114
-0.4074305613229744,1.7769043276584382,-0.2660111802209694,-0.5149965315827297
1.2553134269686466,0.2442733779955442,-1.4359946707507427,-0.16017757279518507
-6.1960089694283615,-2.5998031862096087,1.516927275257023,1.195395229192336
1.986987917792231,-0.49819341862249245,0.9803112477084314,-0.5944599851901355
0.9810279845399946,0.621506680067771,-0.42967801164695,1.3991543398236301
0.8701026254551012,0.6786840651669824,-0.4901905912212899,1.236474799426258
-3.0730747653924135,-0.2759330812608845,-0.09534065276443812,-0.5961880787341279
-0.006716989933149505,-4.611747252623316,-2.9115986406962877,-1.68406087000065
3.391956347920997,-2.998780024835402,1.4514131698547017,-1.1653278703772667
-6.079202927781011,-2.5124290392396698,1.5961087494019894,1.3410280415159161
-0.7591107195612706,1.5598790640035478,-0.1787309429279025,-0.5831054807761913
1.0043513861008881,-2.5950955931841797,-0.012207938970935119,-1.966623980552451
-1.4320557804985927,1.1281299036473968,-0.5125257343788395,-1.4567483380135664
1.5348233629800514,-2.1137065059922824,-1.5981930746905357,1.0827336683185227
3.619651247691409,-2.5419460178406985,1.2655029387149033,0.0763492976661042
-0.21271580232517792,1.9792559868208197,-0.10812424679651311,-0.3846973024067686
2.1753990141472297,-0.263187011289016,1.0650091021572858,0.49888612608644234
2.7839197972278202,-0.5306800158203719,2.710802076198328,-1.1492547498479113
0.9366459822341721,-0.9222148479931475,-1.3446047445953875,0.5490029831533974
0.136362890273346,0.22296890659369265,-1.0512294331146728,-0.23265478768771028
-0.784197906414911,1.5340603135742572,-0.5359868019583136,-1.1527998783299458
-0.22592652368680977,2.052118284242784,-0.7587549876717493,-1.6937129882160196
-1.1241837450489818,1.212501573472035,-0.35216130815774166,-0.7259519699100174
-6.079202927781011,-2.5124290392396698,1.5961087494019894,1.3410280415159161
1.0750553698439194,0.5344268440834766,-0.5319268187183336,1.3894131698414809
0.2618014119796886,-0.9239741738881639,-1.4410392102403655,-0.1936870481430793
4.15046701555219,-3.9674576072446586,2.227787086142931,-2.132624653170291
2.556553455649858,-4.47441242814019,0.6106845716154552,-1.324442698683955
-2.139693988550836,0.7339162597175085,0.5832060799911184,-0.30242071947688537
-0.29771473833867496,1.890602532640131,-0.2200450117231725,-0.5191057566608698
2.0765500256989147,-0.6588930500324734,1.580502034750989,-1.3915581799504546
0.3691649942340107,0.7739931856484227,-0.5488766156255429,0.5105464015888019
2.1551941539306734,-1.1851131075796728,-1.7024868238859006,0.7834118986282378
0.7756643178696639,-0.08315509341553408,-1.1388594102174872,0.3666226262479531
1.4526706311389366,-0.1747897863604359,-1.136580990163413,0.9512300640034981
-1.4131402315310717,1.0441141550560031,-0.21608392294866377,-0.6799039687686566
1.6092345112428874,-0.28511340602811563,-0.889686727478872,1.690992244799227
-0.8299176969490745,1.4663254373910193,-0.2961714888461225,-0.6634825871007983
-6.1960089694283615,-2.5998031862096087,1.516927275257023,1.195395229192336
-0.1383982908359087,2.057618292458312,-0.4475957213045018,-0.9842634906661588
-0.6211589381469786,1.62933250883368,-0.23751665794500523,-0.5507317675659298
0.34135269513408784,0.6512327178636867,-0.7315031274153224,0.2789900270258385
-1.2768892791085926,1.12763452562491,-0.1647141814036164,-0.5461621864473911
-1.5440690273307296,0.9531894535805907,-0.12538667071935264,-0.6131632779415166
-6.1960089694283615,-2.5998031862096087,1.516927275257023,1.195395229192336
-0.8218956851239707,1.4147480217276573,-0.07571626695569142,-0.13416332241770282
-6.1960089694283615,-2.5998031862096087,1.516927275257023,1.195395229192336
-0.9754528391714498,1.33490205136538,-0.08100068576407579,-0.26657898499120564
3.155914067057256,-0.7253748851748313,1.7662060153714667,0.23134839527688536
1.093088699427203,1.4487348612421889,0.6444022113611922,0.3438713541387351
0.12025422230239036,0.8969572715411331,-0.5542765193366095,0.20903166528930928
-1.880482505445121,-1.9197592837162043,-1.3078140917156353,-1.2534489467816385
1.1541887136341153,0.4970140175135991,-0.7629871511414297,1.0185754429677576
0.5682083113861741,0.0953103527204483,-0.8659747680172243,0.3941117119185201
-0.7818887980789145,1.5027575228482681,-0.4062412495891375,-0.8424305727761012
1.782957084389113,0.3606160453705732,-0.8099481438293122,1.560566333923603
-3.791511815389755,-0.7218692700602646,0.572082177090569,0.0024247654648230778
1.3580493848043365,0.49616380940979654,-0.7194047262816705,1.271233189718194
-1.7081277960266539,0.7559462003409171,-0.2409570308604129,-0.6242165444373167
1.4553410900420831,-1.4565267758832974,-1.9707367977589056,0.00943760974624048
0.1462286718912649,-0.1402890475194232,-0.8344968343873775,0.51701715350856
-1.7023494180142298,0.8624027646472725,0.008811077749772168,-0.4849821270522138
-6.1960089694283615,-2.5998031862096087,1.516927275257023,1.195395229192336
-6.1960089694283615,-2.5998031862096087,1.516927275257023,1.195395229192336
-0.6853890321015406,-0.6328707916764957,-1.0592744266326553,-0.39390690496446357
1.1603601861860768,0.5261597238289866,-1.1029236313849344,0.3007565719202321
0.2968524432761468,-1.0376275172292984,-1.3589356616219548,0.0675145025887406
-1.1565972903003618,1.1670602022351442,-0.2677325437234313,-0.5321458738383941
0.045257373958983216,1.5206635244010862,0.6887839894263142,-0.6380003264230167
-0.18439713650749875,-0.8214816106016389,-1.2443467267527424,-0.34811480258294664
3.8604607786230343,-1.169046126674005,2.4683063028725902,0.14237736820050859
2.0971258062319484,0.24915186944766643,-1.282782562762754,0.8628232608329169
0.9592751061419089,-2.0605992860352074,1.0993120830206096,-3.3887050139480928
1.3778699972407285,-0.2576892494149756,-1.4565062386172853,0.2860747005035252
-1.1414771129816277,1.276543234653022,-0.285299404245906,-0.8226643232442858
-1.0228366016722332,1.2880090241092592,-0.5291810396620352,-1.0063769352178202
0.9949862311332529,-0.649916641330882,-0.9186162277114457,1.353392666999184
0.8372590932456981,-0.09730288193638204,-1.2404152880853165,0.1732972272151866
-1.3823940257977392,1.0868333434110147,0.18457374659395226,-0.11642429131878597
-0.8013882719817259,1.5059317968642472,-0.1574999577695708,-0.48905786115473127
-0.5583296956794123,1.6523780911055848,-0.20634183111712703,-0.41205801338599735
-0.31599472671934553,1.8545412408980317,-0.16997400401592058,-0.3591212567755161
-0.5211974880416376,1.6955033770568,-0.3466938753826376,-0.6840576496981441
0.4498820571406419,-1.7338068513475424,-1.7952442310728185,-0.4423459031348276
1.3281657401072875,0.3849982419726741,0.9273861642914386,-0.45801343879751005
0.2342882575746614,-4.2733778268148725,-2.5288586261946846,-0.9432489817296675
1.4027997729349408,1.2237952978280005,-0.4948117312198139,1.1466314217153963
-1.5674386437412924,0.8807109463425692,-0.3738296330017707,-0.8500736528656254
3.0999465137888245,-1.4264193747021612,0.41278245726836105,-0.1278665105575532
-1.9354802461247647,0.5895827722462126,-0.32056453693254466,-0.7901952732196424
-0.4198874321431191,1.0080795828009805,0.48782786566079644,-0.9460245242611972
-1.7622768367905797,0.8418414778969056,0.21362304959179973,-0.27615269706569195
1.2484925222860723,-1.333669524418722,-1.351061418050256,0.9948204513453028
-2.0006477730885837,0.5712741575642196,-0.34227516830348076,-0.9225786323038737
-1.3183839468512517,1.037466317367249,-0.4000234229000538,-0.7657822541984318
1.4927636400361906,-1.9525889217769685,-0.8737704513145647,0.16903850481465363
-0.06781670789276414,0.227660965527347,-0.8765645424548397,-0.09452577025350115
1.4731027650321578,-0.26259006921428385,-0.9699295830082533,1.396062465616302
-0.2966401288375439,1.2451985018313039,-0.35661723684055074,-0.14913701184305297
0.49327777719820154,1.9245733664897486,0.6921991591160572,-0.6983413192892011
-0.2248309667620891,1.974789761813107,-0.34706248794800226,-0.7815265926292838
2.6785895778395052,-3.5266166910663674,-3.048326096934826,-0.13164347181059935
1.958013033021337,-0.7795819149969816,-1.234685448309138,1.6288442962459013
2.3107420484808303,-2.0335012983012057,1.459850604176318,-1.5439431156641792
-3.33312819325179,-0.4986353877321739,-0.03353099165518288,-0.4682417722360842
0.38565968636622117,0.6874767343485949,-0.5612901549455944,0.6520823973266399
-6.1960089694283615,-2.5998031862096087,1.516927275257023,1.195395229192336
0.3010005748707591,-0.09256682001652744,-0.7152444826991102,0.8212340246575707
-0.1550330170147239,2.0055049451601565,0.22858603446153655,0.2491972917369973
1.514246803440969,0.4567063214962639,-0.94304622585785,0.7211582995503839
0.4298719300362707,-0.44264119946325725,-1.0106187626527916,0.572450093820367
0.39892017726092543,1.0387244995572527,-0.7945511735256661,-0.15357363572524282
1.456615161788309,0.30138411827131106,-1.125387315141366,0.6458978007280886
3.8773980030655277,-1.9924143765234805,2.64782372957473,-0.40745528698816325
2.1946853321756996,-1.295449718476856,0.5320920217136471,-0.7601626840190758
-1.933139934581522,0.6825782383525961,-0.15828353378649304,-0.7838441650564347
-1.453783583311344,0.9385792139526385,-0.2988651811738841,-0.6270343282469942
0.5731152272405706,0.45326257790960817,-0.7198430436841504,0.571403787281364
-2.289623324071382,0.3797543695883098,0.18491180472432037,-0.21185953975454916
3.6191470460825927,-1.5386075880785604,2.6561525418843748,-0.6793733357043072
-2.809298980928267,-0.05015236637588751,-0.1603926453726842,-0.7305841899951291
3.1604775705717976,-1.4487072714788234,2.133491131017185,-0.9463126021526951
-3.180438134288127,-0.2781550701311191,0.5557526891378662,0.1835387105174235
3.210031423223857,-1.915005347352999,1.868124850599043,-1.353320604436965
3.2108083966611285,-0.1653547661499791,2.433171330980697,0.19153077371857466
2.959821067854766,-0.7842331453109956,1.3871297177603354,0.6041585284725225
-1.405435772607168,1.0271288850882938,-0.2488748988480615,-0.6730228207506636
1.029169185638825,1.1986179383557323,-0.4859922028127046,0.8791628589999594
3.9846213011591014,-1.9858322970168145,3.060069649631419,-0.7559906786017931
2.5789323670685715,-0.5235769280827316,2.0122389028120167,-0.2721047127754206
1.6808964945745257,-0.1338374278202712,-0.9801801720529332,1.4156471552091707
-1.2704236715716026,1.0954953528812228,-0.34477640249592095,-0.7218119991301327
-1.7976527754964504,0.8153851135067705,-0.41825414454712867,-1.2624248937379823
-0.45421208226247967,0.533593619231032,-0.4975692194051703,0.18635485502795973
-0.9086481215944469,0.5966514211167591,0.6855845780760421,-0.6206969789982436
0.4418140652049973,-1.401391002303921,-1.8021546201704544,-0.5308496163156278
-1.416859093722202,1.070728315354287,-0.4915068647583763,-1.230325462765201
-0.3812126901517874,1.7663890141540435,0.08827091480412298,0.16626813928895023
-0.9730941995882435,1.3420437516906645,-0.43040273066482065,-0.8736243947583616
-3.019562821064361,-0.20663081542631215,0.25470761007539716,-0.14119105408272756
0.7087923606541037,-1.0877420901214072,-1.435970697424048,0.310119537362044
-1.5611471641336814,0.9596426933625712,-0.05783392511175702,-0.5479430689131605
-6.079202927781011,-2.5124290392396698,1.5961087494019894,1.3410280415159161
3.1985028499103634,-4.73047753841057,0.9814624841830542,-3.37846219213595
1.8534413574421862,-3.2771237233603507,-2.4060885950489714,0.4454705726421863
1.4925463797701914,0.5064294611144696,-0.4926996314431101,1.8686894327895542
1.1500677779421553,0.3748640232526172,-1.054129950701755,0.429806263683313
0.1295722149345795,-0.2664359050855794,-0.9628343159471178,0.26520174225893156
-0.6907130734284721,1.540400457274359,-0.14929775326203013,-0.31887378834522534
1.6311917550999815,-0.9791463181577694,-1.5065158027983174,0.8088135678460809
-2.249923293348964,0.4048951749898874,0.0011255823542063246,-0.5156198361701715
-4.827429446272276,-1.5775672637672298,0.44995802097044996,-0.045834475199719886
-2.0828241951633317,0.5817418061174966,-0.5024060993573014,-1.4133502456727198
2.3496101138593706,0.24040942321820225,1.6906844830342234,0.4162234543633495
3.0911855445566383,-1.0778196794829566,1.2126682362259686,0.43092775783142634
0.5737255207141645,0.43160947596155963,-0.6458648334798238,0.8017466336109443
-1.3091630752620504,1.0473888185312816,-0.27851898189371255,-0.5656321746662281
1.0702154987258912,-2.1564116260467268,-2.1052450252116848,-0.14337461165575893
4.832159858784338,-1.3943804773122737,3.645274082473051,0.36220422495317933
-4.071585255185788,-1.119445730991664,0.011919772850677447,-0.35331725645717
-1.843919660163573,0.7053715468316103,-0.3821162035151599,-1.0047621477361997
-2.512905214070313,0.23017706222666479,0.37099441917001147,-0.02900456727206789
-0.41933066262680435,1.7978796773175505,-0.45492686660118137,-0.9183107275007624
-0.6702306028668632,1.7094217425890172,-0.6840165383575639,-1.6271499159723097
1.5814595920513606,0.9106665706214555,-0.4517146162974998,1.6795355136943833
-6.1960089694283615,-2.5998031862096087,1.516927275257023,1.195395229192336
-0.15572795167074424,-0.18345559722153,-0.6998805456989189,0.04341937399700029
-1.8242292647642036,0.7850599348419425,-0.30558042330674356,-1.0455398290112796
-1.9483932003184798,0.6700007023214516,0.04216039698632986,-0.4245031654356629
-6.1960089694283615,-2.5998031862096087,1.516927275257023,1.195395229192336
-6.1960089694283615,-2.5998031862096087,1.516927275257023,1.195395229192336
0.9769495882737235,-1.146415782116956,-1.8002357561555276,-0.26587724675613555
-1.3329908948756466,1.0338164532504894,-0.29969914547151105,-0.6176696399491296
-1.9447258190946073,0.595316803935773,-0.5025337565575847,-1.1383608071876805
-6.1960089694283615,-2.5998031862096087,1.516927275257023,1.195395229192336
1.3074512518562171,0.7919461247299455,-0.8153768284381986,0.7912480730039189
0.9428914602229984,0.19598801092193108,-0.6443544078367495,1.3012620983091507
3.0797620448579592,-1.907762594506441,0.798638077223008,-0.2530596141526214
1.31388888710886,-1.0790992759773979,-1.5348156140764724,0.5036981697097489
1.9138049863245343,-0.036337771334065044,1.4445225079343094,-0.46154887148892937
-0.3075425705312031,1.8375296837426032,-0.20377846974226824,-0.3522234303064154
-3.9678736925799734,-0.8306672738408538,1.0744601594022443,0.6876989642982337
1.6277682175274548,-0.5206080214187699,-1.4145819158245876,0.8004420218802523
3.18260690358897,-1.7253586524457878,0.9503339500192618,-0.8445047954314473
2.870335429362731,0.41737652827185784,1.5410899002777083,0.21123218591085216
-0.4419454299089167,1.7404757054633977,-0.20812831226054732,-0.3951478831577395
2.902604433325537,0.4088448634109914,1.919144997554446,0.830533066251577
-0.23719593145200815,1.9326755122545092,-0.17077225136826948,-0.40616665882656644
0.7855054332039767,0.9968487181636498,1.5403710656523546,-1.841146201020677
-0.6397946827454816,0.5079124833940205,-0.21517878579414673,0.31312082534831254
0.20201251309574703,0.15564631580965885,-0.6819070895982362,0.6483887984171336
-2.0192846647710767,-1.2869518412523968,-0.19781919624284475,0.3773581208152263
1.4430805911759246,-0.3928445068323698,-1.3709923687285546,0.5173194420982256
2.3356661241858325,-0.40223912602145967,0.6739785722833523,-0.06500645673707253
-1.2551985416206868,1.171638223731465,-0.4934331974685883,-1.1467927231726642
-1.363266791161128,1.0386423666069842,-0.38799954566116773,-0.8476154250595871
-1.651040705776561,0.9131550384515333,-0.09190519911314612,-0.6796697604559413
-0.12302384343475171,0.8510590462734011,-0.5780843179919091,-0.07476798348612106
3.2972882928819645,-1.6878925509528637,2.1537019266686244,-1.746128493240576
0.5992790500738581,0.5115379665976986,-0.834588010905648,0.37140691721791674
-0.644235455860067,1.5721007401785185,-0.2776394198694175,-0.5068089770749784
-1.3724959306668127,0.9931823749007028,-0.26281896461911886,-0.5332049199458102
-6.1960089694283615,-2.5998031862096087,1.516927275257023,1.195395229192336
0.6596944719925373,-0.16690215292887697,-1.0431452007762547,0.5079890485989914
-0.8190106790712067,1.4284520902227618,-0.3100884548460798,-0.5614713456373719
-0.4213099874306267,1.74949002323748,-0.2673593868616198,-0.47431492139172815
2.5591570830657178,0.5875649854736475,1.4929004821947094,0.5519389954477844
-2.1192067046204,0.5638752306225632,0.029211721801937065,-0.6066916099018115
0.14579885031298728,2.2486260343007536,0.03998627355787889,-0.04696484078399298
0.3128212484336793,2.3568376748421285,0.1577446217690812,0.22368166139531678
-6.1960089694283615,-2.5998031862096087,1.516927275257023,1.195395229192336
1.4030584480897244,0.14060259161107558,-1.0662391649323504,0.8859304319224042
0.8705525148163413,-0.38976348621257867,-1.0015770883028876,0.7568962205763458
-1.4847235988193415,0.9240573541838538,-0.02665737173698692,-0.23976322888925336
-0.9904444315411232,1.3996389308357895,-0.0371377472091279,-0.4160967586847173
-3.919056466974901,-0.7699510636940206,1.2963624664241333,1.0012932995493868
3.6386397251890754,-0.5999609259253998,2.436220675780485,0.5062483392851316
-6.079202927781011,-2.5124290392396698,1.5961087494019894,1.3410280415159161
-0.3225583263545659,0.868983316040823,-0.31255933158149757,0.399340903037459
-6.1960089694283615,-2.5998031862096087,1.516927275257023,1.195395229192336
0.5719253856802232,1.62204712923752,0.1476842622468554,1.2156360621733997
-0.4908950218660227,1.7585553796768152,-0.38640446060624617,-0.866613126475991
1.7537168270145027,1.086005794108388,-0.6439141797012221,1.2462462597563215
2.3092639698249524,-0.2849765626603058,1.3919131867586512,0.7247812171784647
1.8551015288283361,0.0022022732826653913,-0.9091100396591049,1.5414823013006218
1.7673476925896778,-3.9599121347341604,1.2115381651778263,-1.7164787690808283
-0.4075793621934535,-1.8948664891645162,-1.5274068380159107,-0.3883669125740361
-0.13149790866062633,-0.8947741525024708,-1.0348238969450771,0.24259580925527216
2.2025912965748167,-0.28444074169828104,1.1592902126077773,0.5787199704872897
-1.4325406318601364,1.0225340688378117,-0.1519874949881749,-0.5931390548665758
-1.619432006305746,0.9097745122595972,-0.04300398167935323,-0.5173534927915024
0.1876370536468175,0.6805945401917814,-0.7065008043067144,0.17832795290603162
-2.9052929864081807,-0.13230992783346576,-0.13652087679055327,-0.681286774321299
0.9126048400971241,0.2896517840505763,-0.7148855192703998,1.0867353023076718
-1.9895612700344674,0.5949607565792604,-0.16844373021163198,-0.664816049213309
0.49418277712916914,0.29149146664571596,-0.6338990975466233,0.7377655531413322
0.24500333444698427,-1.656915166905929,-1.7468283982104142,-0.34874731105447954
-0.7647981764728894,1.524752589102192,-0.1464769392890687,-0.43840991594945944
0.586772874933599,-0.5078437389294325,-1.105888590086837,0.46236777677361524
0.5167111103714205,-1.0902755385392993,-1.3458696415121394,0.16033561417650372
-1.4013293584162647,1.0970125425101687,0.08580405324715921,-0.3288844649667681
1.2300698233808276,1.0818314951621129,-0.3217797886339816,1.4399557229599975
-3.33312819325179,-0.4986353877321739,-0.03353099165518288,-0.4682417722360842
-6.1960089694283615,-2.5998031862096087,1.516927275257023,1.195395229192336
0.02853617945886827,2.1491412711401234,-0.3785214705994258,-0.7446509371292382
3.7306807773867576,-2.3310480738723762,2.7839323155300635,-0.821075237201913
1.5647723367181618,1.917275797712598,-0.18839798835999377,1.1186468632132063
-1.351416916669405,1.048781615166886,-0.3910024743493798,-0.8538107958293857
-0.9632294728246531,1.3599467809142833,-0.576864110122528,-1.1496438248561291
-0.5241095897496355,1.71109722087818,-0.4243581986676154,-0.8643074359775827
-0.610110169362618,1.6435798956258847,0.02920966593726784,-0.11917064540265944
-1.1570870904533612,1.176015428063181,-0.08105414627051113,-0.2580496299461659
-1.6079823598939893,0.9081003410970453,0.12235382256469773,-0.21525602219569687
1.6013629220149521,-0.9776688037626688,-1.314759438217034,1.2449875181531003
-1.2122101470490967,1.1887233918271378,0.1006928315030705,-0.1145322253494729
-6.1960089694283615,-2.5998031862096087,1.516927275257023,1.195395229192336
1.73308215692277,1.1097672807761567,-0.9265629069730202,0.5911040052017121
1.130559533791032,-0.0011606968534579687,-1.0247873591045678,0.7443989552867788
-1.3311964960155072,-0.06666548995859344,-0.06461256519051152,0.4901544427653262
-0.6475233502046317,1.6195679115433215,-0.6117438486925346,-1.2097178870322431
-0.5262831936908847,1.7328613154679806,-0.29678698983426205,-0.720891155579117
-2.0209876817103853,0.6907876973351077,0.5147452751321916,0.0456873686640425
-0.9827937167767165,1.3679624297375952,-0.022167508229868255,-0.29366426591835443
1.7242822250346608,-0.21813189324660112,-1.195146345885253,0.8461923577950302
-5.932044718872375,-2.4023506324066117,1.6958656091464361,1.5245036864193553
1.2909141510173678,-0.4219402326168348,0.9098466963556966,-0.162987776226468
0.7346158667385809,0.2176628913526261,-0.6505513694804933,0.9592682227889747
-0.5991555265529682,1.7205703330001574,-0.04767227158460382,-0.4513194722754178
-3.6894669437515533,-0.6856478442977428,0.8139505324886825,0.5620365592338961
-1.3657323910485903,1.0328865717216775,-0.34090522509653093,-0.757401569052029
-1.3775945104875211,1.1501234568795267,0.3844594029724898,0.026150485799211157
-3.1260888877310893,-0.32132214251024455,-0.08250913398630846,-0.5696524359311038
-1.3314113915701289,1.099125149960979,0.05631856052552194,-0.2014707986493726
1.2983329525340006,0.7498960188918063,-0.9295574220327799,0.593377664791889
0.15319824054460215,1.3546808171698161,-0.026728438689975258,0.6026720060151187
-0.5458441687593313,1.7546996582128256,-0.6355261581420386,-1.3896895624444097
-2.230433887937086,-0.505613937106726,0.12667470111085444,0.23003652541256375
1.545259487216538,-0.14936407693978387,-1.1559491356439962,1.030795356698666
1.1186602361616589,0.31113300225722046,-0.9889954758586141,0.6232131316788718
-3.1688252338165843,-0.1834297457432064,0.9382228925910379,0.5067041581177074
0.3342556693302525,-0.7824561426044551,-1.3214593294478103,-0.11808078492055786
-1.5212100269880484,0.8969130947956139,-0.48682597488984486,-0.9841872110515194
1.5369940238701694,-1.4316704615789382,-2.0435091343300553,-0.22860180390404464
-0.8595236308067734,1.416232446380352,-0.2259259239759334,-0.4751109251043619
-0.7550892948230243,1.508070479038472,-0.17330813067383036,-0.40220668412976535
-6.1960089694283615,-2.5998031862096087,1.516927275257023,1.195395229192336
1.2238627736078187,0.32143035768222034,-0.6553813466583576,1.2286905051298718
1.3687109880009192,0.41313699722859226,-0.8871646114940572,1.0010771783948953
-6.1960089694283615,-2.5998031862096087,1.516927275257023,1.195395229192336
-2.245274228504143,0.6359612614706344,0.13624337827918515,-1.0332841582358914
-2.296426971904485,0.44695453114198685,0.29383472314627124,-0.25778559010092045
2.697823870157441,-0.7807676868613819,1.7093009192180997,0.09927855612490342
-1.10477922460552,1.228376383453198,-0.4946665450320686,-0.9682998031542759
-0.6671393369365632,1.5819073429990362,-0.12728034206430763,-0.34089299271805623
1.4176420722534497,-0.8390948856858035,-1.2565212321079975,1.1270170573111686
-6.1960089694283615,-2.5998031862096087,1.516927275257023,1.195395229192336
-2.0548074103297185,0.5900500111481907,0.252135249380767,-0.13988273459719083
-0.10603717092105391,-2.8773968317722622,-1.8984777357036138,-0.6115930522811847
2.567107654207927,-0.3683700223699942,1.9984443152429214,-0.1095329355763227
1.015590321877298,0.2249111182817195,-0.6957331277453405,1.2746464647776357
-1.3145679164440407,1.2058136326867848,0.5485919603424089,0.29612968881989904
2.178054749546766,-1.1627334713450874,-1.8446125591693836,0.5476385461743936
-6.1960089694283615,-2.5998031862096087,1.516927275257023,1.195395229192336
0.425677773368372,1.9187312487535855,1.0667576427549397,-0.053404428215179676
-0.9579159738533007,0.14233378635599286,-0.06409680946320633,0.6997213903054311
2.077338114705617,-1.314169358144035,2.4379166069304015,-1.4859597260235784
2.7395408275001767,-0.291881572164662,1.6192262831877051,-0.00553782022219818
-1.149534800460695,1.316311841734201,-0.11375960715985406,-0.7183427740802586
-0.8480011261037224,1.539846011572102,0.11945120384382732,-0.24722898891392683
-1.620410175245613,0.8500495636617595,-0.28186570953609297,-0.728010972029834
-1.2494157807049842,1.0723056965856734,-0.16438798753652648,-0.307707815476953
-1.329289937533196,1.1218130967831286,-0.6605733023918009,-1.4641971137715344
0.2567697210596508,-2.1628593307490283,-1.7450794497534652,-0.38856159303905263
1.6412274906718312,-0.03721408182018307,-0.7435800883340138,1.8374816210104088
2.843222957309605,-3.5375213624976434,0.2483556446292545,-1.2477936070742874
3.7002409978378976,-1.1876608781068978,1.8146513464754495,0.036228628394954845
1.9372983057632684,0.7691543402150848,3.355499245370839,-1.8065794942334967
1.2972932315124983,1.2477252886017678,-0.7928169848634898,0.3017624597012518
-0.8122723820611817,0.2853991205191943,-0.2134953195327562,0.49526486065429387
-0.8933582885916269,1.5547729637629693,0.3556349838182001,-0.03416923771884788
-0.8908257174885609,1.5917777790994225,-0.06285375245200556,-0.8058180970672184
1.4011558670334445,0.19188750087209566,-1.07425911664792,0.6142405720153852
2.5073518332829345,-0.47222696632673067,0.5292553666521935,0.8415341710679909
-6.1960089694283615,-2.5998031862096087,1.516927275257023,1.195395229192336
-0.43177393649406903,1.7964100341106661,-0.47036602739355576,-0.9680960046095354
0.24592191364737684,1.1781110297240853,-0.08231883342430339,1.0482017893417706
2.947497680580847,-1.3613545000087361,0.8538652121572529,0.3398078976461413
2.964375013455663,-0.5277235763434559,2.0697133019792893,0.10731636903231016
1.0096843519737122,1.0425192943724424,-0.5739835948944003,0.8619667199753773
3.151176117154881,-2.889895158104204,1.7846075340605805,-0.9906585608330806
1.5745220783411962,0.9081206542022415,-0.7593576655796926,0.9246233470492374
-1.4579158696888812,0.9995673330602401,-0.3688029350929621,-0.919192597496488
2.6535337849244165,-0.07515990624020287,1.9796055327689042,0.6547947460017886
-1.3222493026280113,1.082364099808763,-0.26080465536025293,-0.7009000901509022
-1.785590595508101,-8.110370389029567,-3.2391496814379654,-2.2165813392642777
-0.7065991374258589,1.5912693738454946,-0.19122437030813003,-0.5702757682668531
-1.0599718897118362,1.2552661144154276,0.1555041169102339,0.14540630312512334
-0.2692567956723874,1.279941489432704,-0.32616533056142105,-0.19754458476614065
0.5856200609830005,-0.35437525559094807,1.6116984290862515,-2.3984357460481758
-0.5471654678784731,-3.0026355179973696,-1.6233908686938021,-0.43486263682050647
3.934169091317526,-2.847899197882555,1.2246776087935292,-0.6740981607738548
0.8396958341002737,0.6186530612641079,-0.5951816794333586,0.924317362342724
-6.1960089694283615,-2.5998031862096087,1.516927275257023,1.195395229192336
2.9282597450950174,-2.7667679106495666,1.6168546234093035,-1.6287668458225064
1.4725848052216208,-0.5650754187566994,-1.0929561671493182,1.296385806726307
-1.9840965996562152,0.585435944775026,-0.34647140373393887,-0.931235724541495
-2.4253774197431865,0.2966288346644401,0.31812547083143167,-0.12206058946958727
3.090980673511592,-0.7751931817389228,2.6193272179520384,-0.37196997574220464
-6.1960089694283615,-2.5998031862096087,1.516927275257023,1.195395229192336
-6.1960089694283615,-2.5998031862096087,1.516927275257023,1.195395229192336
-2.6217360609392446,0.3027410119754892,0.41945961287169703,-0.42706450950833696
2.522103164236826,-0.05369226086438946,2.1914237301461035,0.8658652430513109
-0.5109720577366934,1.7066432685665933,0.01023773301490314,-0.10524677565229067
-2.722845095581365,0.09711921026118059,0.5392865373033534,0.14590959215747673
-0.44149198202669515,1.7725066564331675,-0.11107564479492421,-0.3253873503452715
1.375514335070172,0.661962065429452,-0.750243097433406,0.9552560366934393
1.0153259323780632,0.5951796927143663,-0.6563869249801365,0.9989141832883345
1.6488810671154701,0.6534428512567882,-0.707802117135612,1.3892397933693221
0.5693812375195076,1.2474420405505073,1.7890027963814774,-1.041908046991982
0.9640608769070386,-1.7371644382134692,-2.198014272195691,-1.0916506354361286
2.032760524432448,-1.1610745032850156,-1.593643572544837,1.1529130068399183
-0.08242343293600903,0.2397190749968067,-0.4585018520678712,0.7332933694394406
2.213625378341478,-1.7228740321767813,2.724449888687937,-1.5030868709009364
-1.198773816456699,1.1875845466829729,-0.0689138465066099,-0.36232454193845953
0.0982401862317748,0.7260666232410711,2.2253477497274967,-0.9817367168864151
-0.5438325817349254,1.7320871284395942,-0.0236296515121522,-0.2940244742310974
0.9933647462597186,-3.005311744153159,-2.468490216766039,-0.7958932951067865
3.1575457134908143,-0.4371441744739396,3.3600690396332165,-0.11396543667722404
2.574771016329859,-0.3304491413795315,1.47441131795047,0.6219478016726252
2.024282485298098,0.6271680322285839,-0.48527829452803856,2.1087752993552353
2.0878298782531255,-1.967640493894464,1.0867240762304908,-0.9307247636090632
1.725217205527202,0.05966806916260861,0.9004567325079056,-1.2612819845872125
1.4266783348175756,0.6060033566926311,2.7129024621073206,-1.6061913078602779
1.6341331636917809,0.706147704329794,1.8933705050698277,-0.5663362462095772
-0.31335603802985373,1.8662272114420155,-0.3474547797183248,-0.6856737733219458
4.000062416427449,-1.2431325296868774,3.497585144351709,0.5112022686805724
-6.1960089694283615,-2.5998031862096087,1.516927275257023,1.195395229192336
-2.2925403126185695,0.3214924982828329,-0.26887017482767434,-0.7710772610970598
-0.4118422785594573,0.34030707087913914,-0.8255439163753078,-0.3764581122659657
-1.2168542876164818,1.2179948041023094,-0.6895608882893797,-1.523950139743754
0.7576305963508058,1.3621863999788517,-0.530132659548939,0.4485015751825231
-3.021816763791729,-0.9047507486062762,1.884820607055188,0.5513089329679193
0.36988487265317765,-0.16680264500719458,-1.0892561880855687,0.15209977145542816
0.9182481839550469,-1.4522561441152677,-1.894781449637931,-0.4316601124728633
0.1338030876516744,0.829792710914631,-0.6795381065890348,0.053178777251288
-6.079202927781011,-2.5124290392396698,1.5961087494019894,1.3410280415159161
1.9757887247101378,-1.30946245076851,3.090121140270066,-3.0299390791458514
0.8699106152479563,0.3072882556676992,-0.6754790877039338,1.0426300355562221
3.0625942973040217,-3.0306135699654044,1.8026016199335175,-1.190608501632285
-5.879521680686798,-2.3630619484223576,1.7314703735186627,1.5899889785743433
1.772366865590769,0.5373923949487667,-0.609147698643658,1.7973649445206445
1.5989407124057993,-0.4082800082773864,-1.2954978162952087,0.8358998000246305
0.8957646918138271,-0.9389032726440363,1.7835546104186648,-2.4180170947141066
0.5484726947222555,-0.013772741932184232,-0.7889762107337519,0.7863734699776755
0.7772897124274406,1.0727399453449458,1.6797184108432146,-1.4931519167625646
-6.1960089694283615,-2.5998031862096087,1.516927275257023,1.195395229192336
-6.079202927781011,-2.5124290392396698,1.5961087494019894,1.3410280415159161
1.866631969798355,-0.35267418942447604,-0.777808261367628,2.2125162327067596
-3.2758279892763227,-0.2315666140169986,1.2976882012886615,0.9645241671166225
-0.8566844751033648,1.5255796636559664,0.22874585653353083,-0.05363494582039612
-0.7871532268006907,1.6140352578822597,-0.007581641985069186,-0.5358766506478371
0.7719785058207372,-1.5786633984236385,-1.8959842126871882,-0.4912306330587423
-0.46694789709840234,1.7637817129711972,0.045022580873962735,-0.09393761050889797
1.0169593103165422,1.3400761325310413,-0.16729443028351687,1.3328897795642918
0.018763298921550212,-0.22828635223574148,-0.9785226456623146,0.03956316342773164
2.851337288378947,-0.5397658849476059,1.763205154953444,0.0871904909393462
-6.1960089694283615,-2.5998031862096087,1.516927275257023,1.195395229192336
-1.064658423345264,1.2571036871287142,-0.15287806760314657,-0.37624376996101083
-2.322647914637852,0.36625603754799013,-0.28351463249769854,-0.9846194165589554
-0.28568117021548,1.8801716054450348,-0.061396940500910956,-0.17715718900128433
0.3066196992393725,0.5544200088565541,0.5093355211200671,0.15441995837626965
-1.7184260938003513,0.7620064101328008,0.11634199928920738,-0.0690260418976185
-2.5263957640595973,0.12131849374059245,-0.21127918885044042,-0.6520866523092116
1.485547582780081,0.7370784969921677,-0.7583516507025332,1.1287785370737313
3.6196242730104884,-0.9208563029215907,3.1602507637744623,-1.3843791571093365
-1.5198629463556086,0.9805533887761863,0.28622003412978203,0.05154337565013157
0.017592878117564197,0.09453107217456654,-0.8462799178655098,0.14707486894759195
-0.5651092353533314,1.6426778392649242,-0.2754848459783152,-0.5182091796662283
1.2553945678101006,-0.1866136275376886,-1.208076286894449,0.6118234464112484
1.2283897674590587,0.3409169625238307,1.2518186260771946,-0.14419885110398115
-0.6021156376446591,1.619472076290515,-0.4085600577343726,-0.7633106463171901
-0.7133679307690606,1.538193411830082,-0.31148520801249274,-0.6255153068551716
1.3533816660536342,0.13874346267324228,0.10241602004191454,0.7097701859443682
-1.0404010653818523,1.3410154551871043,0.23326356545066024,0.06778368412394199
1.4181814483207171,0.5679928158721965,-0.8972520691157299,0.7441503874600337
4.344255735454195,-2.7775037633572177,2.6452816433948594,-0.4733631449718404
2.790669461826703,-4.027985030675618,1.4946302421914244,-1.7572855824527127
-2.5307756009890316,0.18818436977354913,-0.2305328676479366,-0.8753371509664111
0.9909989505083625,-2.951950063600802,-2.4817590006554475,-0.7960149610101651
-0.6686257868478254,1.5714490928086862,-0.105028094585677,-0.2661240318987949
-1.5634594595019518,0.9578771166246306,0.006502702689611541,-0.43141796057468884
0.6510639816767045,0.05647861770625104,-0.24094090262382134,1.8270236605378807
1.7245290813023808,-0.17206347761440965,-1.1648423755253183,1.200227513759238
0.9028394475253795,0.5394669098726872,2.15065755477003,-1.7664800819907844
-6.1960089694283615,-2.5998031862096087,1.516927275257023,1.195395229192336
2.4378699832720394,-1.9789806845628426,0.8805069753862864,-1.308137461895153
-5.635432837555821,-2.1804767486102024,1.8969353969786773,1.8943169412433853
-1.7014377200809334,-1.9660729082887116,-0.19923605215331316,0.9424542720558267
-6.1960089694283615,-2.5998031862096087,1.516927275257023,1.195395229192336
-1.29325004092639,1.2560520222230742,0.41888230836098156,-0.0014362280668590442
1.4880974402839067,-0.7889238299394742,2.1071164944855822,-0.5189521260936827
1.1368219265069688,-1.0811852194680165,-1.489246295472852,0.35759586188875536
-0.6700365868099445,1.5596015506298564,-0.393558115700644,-0.7268098471577233
-0.008542166597154848,0.2082689089377438,-0.9130645648909421,-0.05488760469877069
-3.4864850630779562,-0.5248411675734942,0.43640272684962605,-0.03335489665472873
-3.7473995644431364,-9.006106660287891,-2.0791050631484027,-1.4950393746578508
-6.1960089694283615,-2.5998031862096087,1.516927275257023,1.195395229192336
-2.1856630424848134,0.48345086315359964,-0.31855562697549716,-1.0568787578173553
1.5711776046876718,0.19006824960591884,0.15081134475510932,0.9567404245519348
1.4906058580891077,-3.469857211340443,-2.673693348878664,-0.34146838361848875
1.273124460816788,-0.49791549299819704,-1.2923222236174783,0.6801418411008692
1.556139723182654,0.09956341223300791,-0.8312418480754998,1.479744610787213
-3.4656076817989008,-0.45667602394646073,0.6733949203411821,0.18422992973121308
0.8953776189654385,0.6319391981253867,2.2957471754878997,-1.69475972625858
-0.9733933975459886,1.33471830421118,-0.3629414761343715,-0.7398744395591865
1.2559631129723918,-0.8282534424870469,-1.4277498883570334,0.628923694521602
-6.1960089694283615,-2.5998031862096087,1.516927275257023,1.195395229192336
-0.9719343659767934,1.335748870977047,-0.5367230045934925,-1.035174037500872
-3.954779213538437,-1.0320715840217247,0.09110124699564366,-0.2076844441335898
1.2725598299838825,-3.528299195661741,-2.4563252133338263,-0.04690437069356595
1.1151981120789616,-0.7436886941587073,-1.6558158253255388,-0.009730184953210715
2.8135738991795005,-2.4183853025611546,1.279951149227878,-1.2704691181785828
0.6482346668290792,-1.1059672235625828,-1.3375644045829027,0.38943319656005715
-1.230564359699328,1.198699878188832,-0.13552727189874011,-0.585303119159435
-2.9406996037038033,0.00893547479294685,0.4744049748212749,-0.24761418836904622
-6.1960089694283615,-2.5998031862096087,1.516927275257023,1.195395229192336
-0.9747161042121943,1.3148515361339284,-0.06264277331313975,-0.18035524011856632
-1.9935697793960052,0.5398687401239439,-0.30606372445551594,-0.7602556017518636
-1.3295037241162353,1.102250254341827,-0.15622486235994784,-0.5829636402564372
-6.1960089694283615,-2.5998031862096087,1.516927275257023,1.195395229192336
1.2050256358308338,-3.0134249601988614,-2.6840053212857664,-0.8939408918900509
-2.5116016084458215,0.24552405950178158,0.30141550243655074,-0.19873204359998872
0.6271990169026388,0.594680254383756,-0.39787821225783165,1.1705930109749576
1.9537906020406055,-0.23622407895447364,1.6896895624920898,-0.4382170442450756
0.45666833244685145,0.9171429853776663,1.6405556111904789,-1.3348218691291358
-0.37277656939440773,1.8143427743270737,-0.12246264490421999,-0.29577037802681444
-6.079202927781011,-2.5124290392396698,1.5961087494019894,1.3410280415159161
-1.192938613033144,1.2011299365053447,-0.4691411716167953,-1.0466693125235362
-1.0537451158009914,1.299827173904855,-0.42015639382832676,-0.920885711689836
3.5887165769319087,-4.972771137303023,-0.27615056130823906,-2.258936174684751
1.9234178212238153,-0.3802868439525689,1.5671015964512476,-0.778009189969462
-0.26930244749797694,1.9431170133734157,-0.7091548205951,-1.410524438807279
3.1326363376626594,-1.7804575360480617,2.477746736623446,-0.36644234277993054
2.3461644290982453,-0.4478383074438086,0.8804762870431698,0.07402490219545386
2.019790056943547,-0.35947749537602575,-1.1347032364375256,1.5499243848234723
0.03428060744565442,2.264383757345208,-0.24395068598413464,-0.8493876196520636
0.1272713543350277,-0.3133588399314562,-1.0684061900865667,-0.00419293897819148
0.04662472853905274,0.52924653679325,-0.5265482505813357,0.471061230457772
-0.9722246999504542,1.3168567154448987,-0.3878988520921293,-0.7317392248596462
1.0857024863679943,-0.35657769057639876,-0.7631529125249091,1.480937030836071
-3.3045397398967356,-0.23514042380911745,0.9707741258138484,0.3610114428806353
-0.6322462391378529,1.6398844007027327,-0.13278345633499575,-0.45783579820591525
2.7144297407207465,-2.866412633935488,0.7602790861167403,-1.4000699078629948
-3.6693732510065162,-9.053581970173619,-1.222537183430279,-2.2049649440342463
-1.9547817014634559,0.6561842588057741,0.23533531493236826,-0.16514228601301498
0.330667262245989,0.793302902066784,-0.4032784465815537,0.5569484921383249
-0.651775307341939,1.5778155984482634,0.023242798163251945,-0.036315366836145606
1.1537955865203002,1.0778144701710335,-0.38696008891797073,1.2567279147831412
-0.8020233368639262,1.4890983688575266,-0.10089651841263655,-0.3318515663564205
-1.2064120700666048,1.2035054036319894,-0.2710874810045307,-0.7830136334291571
0.20308060513983675,2.3020755171550435,-0.02094804345848879,-0.17361708741209023
1.5252196627013759,0.903861695206449,-0.5496858828457606,1.460066545771936
1.9124659488267786,0.4763016864354924,-0.7646691978974209,1.6959703376147854
0.7856154146501693,-0.4388082795275404,-0.9640114944805146,0.8532837557030692
2.1668430996562367,-1.2504885557538803,-1.9988085060657075,0.39626332678314957
-1.6081934057416194,0.9070441305806206,-0.44238460220910797,-1.1290470415008709
-5.732363471778162,-2.2529835415892996,1.8312272332631099,1.7734646234777829
-1.1978585159227764,1.1501927940954813,-0.2963752674118946,-0.6263722159193126
1.7749796660934798,-0.9388042763823286,1.1757484939193124,-0.227854583153032
0.002917608794546638,2.1288198313168527,-0.09782733948749864,-0.2721002355620748
3.518055943879205,-0.3546459983294313,1.8297148001052521,0.627530914949397
-1.1525818291177343,1.2456266083952858,0.015028548402274557,-0.2889678905256939
3.4365846539431133,-1.872875207554691,2.5233492418789933,-0.11465234721258072
2.8584427813375224,-1.1503536277680582,1.0758566345321112,0.8276180252565836
-0.6963009328115102,1.5588882570046971,-0.35852856918609394,-0.7233296673261268
-1.4323157013170997,0.9925422937191737,-0.007050116400990479,-0.2607201955133391
0.152156445408575,0.38696664717134505,-0.2845647219599956,1.0048264651960126
-1.765874119233538,0.7777152988554361,0.11287888066790797,-0.24978525233036117
0.048968469166188126,-0.9719521739033449,-1.3430707847517933,-0.14293999678709526
1.4788782959735283,-1.0625215459275295,1.4059348301506094,0.8914764416521724
-0.8025657406976449,1.4844953378608787,0.25778647626603846,0.2533053321841702
0.23191412717866564,2.2714103225947007,0.20866882012655946,0.361723302673697
-0.8967221118053104,1.4021215885246474,-0.34694390261436475,-0.7246116751101498
-0.27839255994056983,-0.20857830399849242,-0.4795957817657794,0.8789247814091635
2.108575506533668,0.0939740958770795,1.6420292183495706,0.017837718597759636
-0.6613490030476498,1.593684809371024,-0.3892481672186881,-0.7919061360260844
-1.519725708219806,0.915948196610987,-0.19767753780191769,-0.53967725742045
3.6969635655949444,-0.11709997487773044,2.1507569314290356,0.779393518407024
4.172954933386694,-1.1995123813844553,3.6906376873258586,0.3812818858541824
-4.7380424739256135,-5.836068632642948,-0.24030346444968512,0.16173375402663162
-0.40704197947702286,1.8562745278077795,0.1119840128240847,-0.11764349113633928
-6.1960089694283615,-2.5998031862096087,1.516927275257023,1.195395229192336
1.0205414185644848,-0.8133847638582367,-0.14257891546268928,0.5001415402439527
-6.1960089694283615,-2.5998031862096087,1.516927275257023,1.195395229192336
1.2489275250528984,0.6555526089572731,-0.5903927823593517,1.2901117516861877
0.14108891572299492,-0.4667229399797536,-0.8097591637420126,0.6662204340160889
-6.079202927781011,-2.5124290392396698,1.5961087494019894,1.3410280415159161
-0.3955193189570766,0.5974923512250273,-0.5756715439940412,-0.21219270518872502
-1.5330379750214238,0.9496033300371555,-0.18402231944389805,-0.6861525771383777
0.1873436196323479,1.3046278129434024,-0.2879994025880574,0.4283394550494593
-1.339107928497437,1.1185955865632897,0.3353259861625202,0.16949805249516964
3.767189619623163,-1.2068832734955834,2.4075507369498275,-0.0017214432031633844
-1.0703545908697873,1.3060019953467523,-0.5005499688093248,-1.1114332428603462
-2.465563780857698,0.3527223364353524,0.39542308110056873,-0.2354799380689053
-1.9904857474300597,0.6467766395322784,-0.04674346097500522,-0.6290029435858333
-2.0695981427170658,0.5058829295939876,-0.021388975161745944,-0.35249913011178985
-6.1960089694283615,-2.5998031862096087,1.516927275257023,1.195395229192336
-1.0584125278631042,0.3352760626576499,0.01903801366135446,0.5687928286664402
-5.704906596675926,-2.2324450402696425,1.8498399335596665,1.8076976295994023
-0.8262842418944896,1.4462532247152255,-0.25383011199524025,-0.529749453998499
-2.366867538153889,0.3284235929835771,-0.27222859758139545,-0.9613434389302656
-1.1386408909617658,-6.715706186652602,-0.2506951672910407,-3.9040023479480053
-0.06000183464327039,2.066719476166539,-0.30617707187600246,-0.595676557642641
0.6778986101112613,0.7383887275047564,-0.6383503279998793,0.617982595678417
2.8527577295773803,-1.9136729783752824,1.5373708185630457,-0.09079985533962955
-1.3787780617109646,1.0375050931945184,-0.03087158689024951,-0.3131648925515946
0.7948048682301327,-0.224810231744066,-1.2766220524995282,0.1283805184581452
0.2552774479967556,-0.23987043388519066,-1.0297488057298911,0.23272348190076061
3.2363360327281745,-2.6290843073645926,1.7768008556618484,-2.1374854148442908
2.1738717582351192,0.0009734712778210416,-1.4235795168226024,0.5434429971349244
-2.908554969096369,-0.03546789702699018,0.5377543099463932,0.08210199904453658
-0.8076499168437246,1.4391211546996094,-0.39034351180729016,-0.701271245324705
-1.5282990480828886,1.0584586020512254,-0.46877900379418097,-1.5144839780631074
-2.7615565055624876,0.12029017285569599,0.8180870372850368,0.40520463688508845
2.951516964354767,-0.9126814626568218,1.1304667592277315,-0.07686321028528274
0.9136465147711674,1.09380304469074,-0.7634703205674249,0.24728855068467148
-0.5925527162302684,1.6946130436497122,-0.14510012066519914,-0.5216913071002792
1.8702112513356461,-1.93423571235177,-2.4116739899396236,-0.45196869633022807
-0.515615113899842,1.6830687660333437,-0.27303041300329417,-0.5134036812500217
-6.1960089694283615,-2.5998031862096087,1.516927275257023,1.195395229192336
2.1549329115873195,0.5988595171270139,-0.44792486244933855,2.4526861729445124
-1.6835293241607787,0.8634355738508672,0.19012847181289547,-0.1753974165232666
0.219612787511002,-1.2702560212737855,-1.1914046903578723,0.3562808693680602
-0.01855470431790864,-0.6498177513342464,-1.014962011920995,0.24131093333696807
0.4085340786677538,1.5315844586601086,-0.0089279319267908,0.8994198575978621
-1.700105285680267,0.8593755907696317,0.0710411510271335,-0.3619339652084459
-1.462688544699621,0.967118067972989,-8.32148748960629e-05,-0.2614365311069327
1.306258341370853,1.389819798155884,2.439552927466458,-1.082918142922581
1.2149081876535885,-0.1670661030336844,-1.2449510046523025,0.5527259274654699
1.6590656251427909,-0.744619363864755,1.8706178674110163,-3.201591018573625
-1.0510415979447776,-2.398851557875985,-1.2654837831283998,-0.4314439229338739
1.5484535157890253,0.29189235500590266,-0.7800668076212077,1.4828444352919943
1.6236733377185588,0.8979388661963312,-0.6423289057952061,1.379766881045163
-1.690192610174712,0.8275085972086973,0.33100496750028197,0.16505794027346785
2.8237042283107767,-3.4352967076960548,0.6139010097812473,-2.359203534986929
2.9399761852969086,-1.45410009313541,1.5701352806453082,-0.03527687647066964
3.4264821805376173,-2.863934273255054,0.8401706597107804,0.35015694442584006
-2.0049786543071146,0.6050413796961723,-0.07344773814167702,-0.6396425254242801
-0.3659111214688388,1.8251283893529575,-0.11779360226893182,-0.30166359114463864
3.060170817326575,-0.4944764653812161,1.1920752806692307,0.674904473719993
-3.3986067054144997,-0.4794932149991736,0.21782908640504456,-0.3094827919717949
3.047034682329779,-6.567187391628136,-0.5246938792782034,-4.139152949507894
-3.8167297343002677,-0.7434497931456405,0.5784077070195722,0.015481802836270611
-0.5105941062327605,1.740995177572277,0.011070081876882222,-0.18703397218412834
0.6185676177924819,-0.9031351786325893,-1.2492036433711944,0.39295338886272724
-0.6112752802439593,1.6365249671215096,-0.4020457353850074,-0.8182976535465731
0.23794478535458918,0.2823722205116947,-0.6667524882953519,0.6207713188330685
2.376281090079034,0.04254380610943467,0.709406746785812,1.4131067884470054
-1.632111675933575,0.8491723594361796,-0.3971245482396821,-0.948180080909706
2.5876986479669664,-0.09366696233742716,0.872864830605643,1.1577753936900779
-0.9175772359244905,1.4052514379108556,0.3874344868442388,0.4435824224929234
-1.9935697793960052,0.5398687401239439,-0.30606372445551594,-0.7602556017518636
2.6770415318685936,-1.415854780857016,1.3725223081743945,-0.09997202231971154
0.38434727734317664,-0.03003723128732978,-0.6162947327407102,0.861068990701215
1.4344015533044872,-3.5023462676699144,-2.5483626348992066,-0.23464482269896333
-3.8530849556812035,-0.7595419095932918,0.9298762199468953,0.5484555471770817
-0.1936275844799615,1.9883874985464918,-0.2835543382579481,-0.6414550984444404
-0.7981871692696744,1.5039189462346652,-0.027541254285654477,-0.2634543287011632
-1.0307671818582385,1.3395291090768828,-0.07995704513618837,-0.4173589896035641
-1.7198741905466968,0.7334705825337584,-0.29856977183621153,-0.6630141256235628
2.115041710784797,-1.0806827007856226,0.4416965925899148,-0.9544730385359717
-2.5232957275140966,0.16797110939972804,0.10955482622636158,-0.2831493871739312
-1.0680239421429778,1.3301491945765773,0.09804445306905112,-0.2162666537453863
-1.037111806613369,1.2597662686429638,-0.45003349538160425,-0.8271831801356038
0.958951478336182,-0.8968023397629755,-1.4542443799010045,0.29778095209553973
-2.099638805821455,0.48194209591931175,-0.018200235661346115,-0.37013908632443193
1.5735830107947668,0.7020467044647761,-0.45412061668474246,1.7970418155637167
-1.2905527154384566,1.138826417427544,0.1912560921253855,-0.01776233925111885
1.5713287492869896,0.7736629709532021,-0.561012559109002,1.5073884188201407
-1.7745278293836824,0.7492633438269294,-0.07578481524136696,-0.48953538525349516
1.4774504121010563,-1.1390249016435308,-1.55561599191533,0.6336568997406832
-0.7919150103123416,0.31555354246759004,0.014331929233579451,0.8045663780902049
-0.6587398917279874,1.5943244643405048,-0.2901685164487045,-0.6196210702867853
-1.318924049351338,1.0539921326046284,-0.33257774289525427,-0.6966352415813544
-0.44106571745445555,1.8363052512286686,0.012315205493274008,-0.3316396261253351
0.44381597665442796,0.8816175712091735,-0.2949514486554139,1.015960833530377
-3.7473995644431364,-9.006106660287891,-2.0791050631484027,-1.4950393746578508
0.9653332959311656,0.8948468399901868,-0.8173874376763682,0.4131215602017625
0.17171023543819913,0.353749604589941,-0.7794779968709471,0.17117717376677585
0.5855837810459277,0.058351879267188704,1.8932442885740655,-2.0749385421286166
-1.773258356826351,0.8498511023095175,0.0073747789391427135,-0.6534049953741125
-6.079202927781011,-2.5124290392396698,1.5961087494019894,1.3410280415159161
-1.0977534338953325,1.2903839182697279,-0.32708010636102197,-0.8343443463390365
-6.1960089694283615,-2.5998031862096087,1.516927275257023,1.195395229192336
-3.0660558803566946,-0.17754994678312844,0.9229184574385402,0.7171478042532434
2.5868801577982876,-0.5738046871985928,3.0568397903842257,-0.41333806635266457
-2.6407073012055577,0.1405010534289483,0.0895127719399995,-0.5100907993383177
1.1963267386280374,-1.1896729032163254,-1.1202677664456908,1.4796502277469443
2.673606763900962,0.4921127792088307,1.448747816350883,1.2967581484100776
0.6110262011451137,-0.01600490652951712,1.8552025298794343,-1.93232611310031
-2.6611669293650038,0.1033990342350159,0.3444563977733511,-0.053898895144523444
-6.1960089694283615,-2.5998031862096087,1.516927275257023,1.195395229192336
1.2318069550100033,0.6489433268610667,0.7832815152624437,0.1860465644426975
1.8045823611866072,-1.3791504398053993,1.232770638431848,-0.528822130539518
-0.8437140825832011,1.4521035460173541,-0.2958148995011815,-0.6551049732124774
-0.7232559388791774,1.603902163123792,-0.0865550873094876,-0.46553146132017076
-6.1960089694283615,-2.5998031862096087,1.516927275257023,1.195395229192336
-1.0055133718062677,1.3637919584717937,0.2801672675576554,0.15537839943658824
1.540123623138191,1.1033896445428775,-0.46992558913735355,1.3700384600083793
-3.837311903642866,-0.7422869067437456,1.101250843579293,0.7943699937178361
2.0835407669764185,-0.8018467746664447,0.7272972185129402,0.8065785821124091
3.56865823985952,-2.4784942521941096,1.4498208307553409,0.14738983723013346
2.975025030426006,-1.1270996537151459,1.2976482425779023,-0.06040432507397545
-5.996327722334148,-2.4504360953922966,1.6522888993736964,1.4443561662507634
-0.466277854598666,1.7431111100609398,0.07407923411665586,0.011157165777477676
2.9285893675253276,-1.7044783425784464,1.767022280242712,-0.4888686671252751
-1.0656028988208992,1.265198701207859,-0.22001337379103228,-0.5385945559804571
-1.599136782838356,1.0613144785107915,0.49961487809686944,-0.06016255219948879
-1.2314260615411043,1.1082291718533375,-0.21425640625442424,-0.44852753923064115
-1.4285158897364298,0.9979227853011663,-0.5698848850009861,-1.193368684128979
-0.8879153552059125,1.4179749180964598,-0.08945750661374155,-0.3420150393303812
-0.8214617491318502,1.4707848489756123,0.11192699788930989,0.019425703748791504
-6.1960089694283615,-2.5998031862096087,1.516927275257023,1.195395229192336
-0.10627715757667704,2.063902852486421,-0.08177786869590112,-0.316335885713325
-2.716939959142051,0.04487277244319766,0.3691764205952333,0.03603639985296115
-0.4021781693225135,-0.2547589368878134,1.7455635998892591,-1.302571914749112
2.0501755997034743,-0.4464193737254304,0.9043625104827492,0.0031308156259105824
-6.1960089694283615,-2.5998031862096087,1.516927275257023,1.195395229192336
1.2744422045401504,-0.10160419164271031,-0.9319287468004841,1.2191605490864583
-1.1466289576924131,1.1755913550670223,-0.2702191880900953,-0.5372802053989829
3.728318135634747,-4.406196565683194,0.468152517840935,-1.5700614337362946
1.0800798710271593,-0.37667533734567366,-1.0895771667667387,0.8397368511054899
1.3496855307235622,-0.21849578203574896,-0.7719227473570206,1.4660721492029012
3.8583962853862843,-0.3722733757599068,2.9635631189411344,0.808770315970517
3.5480304002016343,-3.006851408666696,1.4577896870903693,-0.8605232847475246
-6.1960089694283615,-2.5998031862096087,1.516927275257023,1.195395229192336
-1.0178958215409468,1.3746448221592182,-0.5544219228666907,-1.27253031060396
2.987289880900857,0.8637652439722148,0.4042939381322366,2.1904575697353486
-0.2574392369669152,-0.9960049321673087,-0.6653977962985292,0.6048733793030502
2.582222831063579,-2.5821171745592415,-0.2175007248047168,-0.06263141640329443
-1.6725457382422577,0.8701298548654428,0.5109018043948825,0.353596911206427
2.9843821647659525,0.08587346870210529,1.8955854536237238,1.0195942605559762
-4.950571587835883,-1.6681286233028574,1.2254840535901013,1.0123626336440865
-1.8572962888181044,0.6803750990416968,0.12223568710099883,-0.14563312135664572
-0.4176953044230444,1.8169327976242147,-0.5327022360774519,-1.0982707422085058
-1.6732560191668358,0.9453787879241543,-0.085319412539923,-0.8428234670853516
-2.8356014157612344,-0.062184330432243494,-0.307725698405594,-1.012111150939661
-0.7531895988983346,1.5703569385578062,-0.14529343679414072,-0.5573536807800112
-0.13452155427488524,0.42899853573092306,-0.7380175720359614,0.0781821442132025
-2.7589483198718514,0.14729318028771426,0.4927491625658278,-0.23719012135509485
0.7169287926343924,0.017516076596245003,-0.9873661754025754,0.4910191964528393
0.833645922813328,-2.2114492294633865,-2.0796526918248213,-0.43697539524123985
2.3456658959325947,-0.36943922337237034,0.7744123775782072,-0.14028077174324044
0.29291695055465605,0.6348999892262425,-0.7184245268549695,0.25255740503959895
2.3345731720131893,0.2910106348962722,2.4658089918067727,-0.35359245513976495
1.1593498533216982,-0.314441485553648,2.8853119569880805,-2.208381137818017
-0.7171870045385353,1.560721470655117,-0.4558080108799369,-0.939733566283283
0.7776470996379323,-0.010495133757010612,-0.5349404954123249,1.4679014923535967
-1.1966650108002013,1.154375647410652,-0.07144767457837634,-0.2616751354155508
-0.8892922269926128,1.4317989244359148,-0.21949051759810947,-0.5944105464540217
1.4327779189348102,0.026879716982590146,-0.8629644082403682,1.3617987214022647
-1.0954560721514925,1.2677779112954128,-0.4561796913564871,-0.9882459231248343
0.9000507374019254,0.16385773279874952,-1.0777977210549197,0.36197971279992314
4.352815290121339,-0.5496705626390813,2.306269884453389,1.3953747416875493
-0.6806257760018455,1.5641356087777991,-0.3225068118813202,-0.6417003997848602
-2.272533009204175,0.4091314992368342,-0.29632120577115145,-1.011029661679815
-2.604473734294367,0.2801271951827469,0.45476082215070673,-0.2667934139683312
-0.1543229901311336,2.0486324829640865,-0.2966886174894597,-0.7464501353048618
-0.2430212452833115,2.046377784730616,0.058308619863115384,-0.35873177491096286
-2.943272979504611,-0.0770611157506608,0.36619629005368504,-0.2059380462325948
0.45162173839258785,-2.6186289301558,0.5645077083821685,-0.9084087688355359
-0.46977741789371064,1.698927141859457,-0.10964309807544836,-0.17826294097090703
3.3257010998642778,-0.4807474434486571,1.2279769571796473,1.7550686644196698
-0.29837383747313767,1.949777276916221,-0.1534034734635795,-0.5602904157805012
-0.44260778866623823,1.7585314664294835,-0.27464780408367123,-0.5578236653325379
2.274392039036611,-1.1186992290540956,0.43494380003881933,0.23920535927370243
-0.2377108763950218,1.9542465755020244,-0.27988198928776237,-0.6524645548857828
0.8643174281987013,0.21831095825435914,-0.940371154047001,0.5856279083309825
-1.0615968141393977,1.2880879737898667,-0.06658316438497305,-0.322559221601809
3.4130958980529877,-2.02025314936822,1.8600698719205968,0.3206506464813744
-0.9009772506910405,1.395022602852901,-0.05644232429850867,-0.24902447405139647
2.4068925151414944,-2.4913602305358755,0.23014834097320258,-0.1722050255579291
-0.2235747699382698,2.016100985408065,-0.11193114673870336,-0.5041112314949152
-1.6983322139752919,0.812431949244996,0.0252555116645258,-0.301669178599209
-1.8810507488339687,0.673359253885564,-0.1541079341214837,-0.6868103290062612
-0.6044377759293311,1.6378693795672512,-0.014673067020579876,-0.18036544210819042
-1.3148763905859917,1.0402313479464484,-0.5117667092720695,-0.955783056949045
1.577728892893324,-0.08961078615978813,-1.4001258817444582,0.4202066223179005
-6.1960089694283615,-2.5998031862096087,1.516927275257023,1.195395229192336
1.8854578758906138,-1.2411169692565676,-1.565030306674635,1.038076255483113
2.4585351992748943,-0.0032762732483570117,-1.1737134719810978,1.6825304610265912
1.8405735593886006,-0.24299479284435943,1.9793413439010075,-1.401311544978407
-6.1960089694283615,-2.5998031862096087,1.516927275257023,1.195395229192336
-0.38555690758696876,-0.45836038957615255,-1.017999705965843,-0.15295778001110122
-6.1960089694283615,-2.5998031862096087,1.516927275257023,1.195395229192336
-0.7185170115068565,1.5555129539984451,0.16052611229957162,0.08241106594782288
3.350424615834635,-1.9667876357664187,1.9268909498439597,-0.9602764084788071
-0.5689834770197478,1.6665654064503468,-0.5209366326292385,-1.0078332835979322
1.4167743105394153,-0.047651846249315614,-0.975564924457014,1.149699640436245
3.122617132553471,-1.4359624333651924,2.3539430872488882,-0.58378988075046
0.25160179934869675,0.1580427390368293,-0.5329864134517708,0.8514398846621356
-1.1640810722450807,1.22283157247231,-0.22563124235894386,-0.6598977803852886
-1.3144790348628494,1.0974837567287108,-0.18317785673067213,-0.605689751472261
-0.6767157323736906,1.5395768899525342,-0.14905512224969594,-0.2732295704609176
1.5379166367774866,-1.7837817442360362,-1.497210540367737,1.166338162275856
3.0218090638323396,-1.9355968136493304,1.2837179249073953,-1.3577752943544474
2.0161674747108957,0.7816798559735522,2.665495689825058,0.005934552135658772
0.9428937939388322,-2.380335331411045,-2.3551466509372623,-0.7588584122728856
-2.660716618498015,0.07699813223107066,-0.1976743550616882,-0.807539106393057
1.847128843392221,-1.4895602546585855,1.5447953557494163,0.03998455596743392
2.2035900269748594,-0.3318007337227919,-1.1179752336572524,1.808367380139993
-3.6910208733015093,-0.6618932211008216,0.4478636549540708,-0.04818670207492003
0.617202956992883,-0.9801249797523413,-1.4703113120928397,-0.02662316692669577
-2.383063760185828,0.29096854670367295,0.03473431921484584,-0.44626768825056573
-3.37333170898736,-0.3799013636586492,0.8655764841357695,0.48763664594446887
-1.3412492414423223,1.0479896730146547,0.05280702181638305,-0.09017186006845788
0.09605892562523571,0.061947986099998485,-0.5668809707480328,0.7996551679891692
-0.6529720303222067,0.5534519276050408,0.023704674828287774,0.7675659415052687
1.8161236451786347,1.330995123186713,-0.3269595262480223,1.67564970906219
-1.3369420491258317,1.0149820719316398,-0.3591862713650857,-0.6769640284052021
-0.3031770286561846,1.9595605379651988,-0.06412381128017072,-0.46906081587799964
2.4996924895513213,-1.3791982990752476,1.1476551769681012,0.8156866692003155
-0.4794014356344107,1.745721464732739,0.04036847203404045,-0.08673572544214807
2.022277402447092,0.016880193326941337,-0.8465687305612382,1.8912399128605448
-1.0981986843898661,1.269613988640795,-0.5096985323293767,-1.090582318401361
0.7275272321380946,0.5338819307596464,-0.9877727660922866,0.07869139960178245
0.896907307217104,0.8647831750497339,-0.7507849017849326,0.4620265883172222
-6.1960089694283615,-2.5998031862096087,1.516927275257023,1.195395229192336
0.7565838815478204,-1.8610228816542511,-1.759933288802353,-0.21480239176475963
-1.2319002178227074,1.2270468638630243,-0.050791816697661994,-0.49441590131175017
-3.051111885411241,-0.1425687132705922,0.6458749047600184,0.20916429387741328
0.5410030311366644,0.7776686542098199,-0.39908303576893644,1.0296782157095152
0.9845373377631458,0.7599983555666608,-0.7065060416292012,0.7825919256248005
1.2164793038156672,0.5618308038904174,-0.903641932718203,0.7058112986602938
-1.6470179496835846,0.8500095875925858,-0.5788082029755085,-1.2956367833575857
-0.4749538765927952,1.7316186243428175,-0.04890095873671376,-0.19158599174697397
3.0504713302889144,-1.658162838639895,0.4811149354147032,0.07130667577880197
1.6986095959387608,0.713072231516261,-0.902175301705983,0.9908974843982233
-1.5551397293863765,0.9100963310132477,-0.3522777358201013,-0.8652355148986989
2.494145706830706,-0.9013318510398863,1.6097958816243434,-0.1684595636559274
-2.24808054573227,0.4403814136262808,-0.45966812627806336,-1.3252666710282792
3.359022288221842,-0.7403715687253607,2.461326190347721,-0.28339034087044174
-0.765696591475856,1.4872580276155318,-0.12319406009094752,-0.2848854000677579
-1.8527417086970186,0.7606674890519076,-0.2982688061740553,-1.0304641363317788
0.9793145759393223,0.5393658784521155,-1.0769865730588175,0.14217917163542132
-0.06420814606928761,1.228678228164287,-0.7641656588991085,-0.8231562823207891
0.734764843965499,-0.0649584416458964,-0.9555797267087098,0.6204986782881912
-0.8413823997744668,1.4625860788512277,-0.4538239114493459,-0.9467553829038152
1.044940368613523,-0.13593958719929186,-1.0287018691328156,0.8321242380097001
-6.1960089694283615,-2.5998031862096087,1.516927275257023,1.195395229192336
0.9365989905695105,1.124790599718721,2.0556957226048294,-1.6379416674054144
-0.15657859372231991,0.8774891406240424,-0.49946591586854777,0.07663047319264026
-2.3045329289056675,0.3760227589179511,0.7314015182204501,0.6268140531668359
-6.1960089694283615,-2.5998031862096087,1.516927275257023,1.195395229192336
-4.232616183821803,-1.0450478741590328,1.3056844229179225,1.0699266278349806
-0.9998618493203312,1.4269040078150412,-0.14324691012818938,-0.6727972819780519
-4.0150419033691955,-8.790512150682185,-2.025314298023738,-1.8691900911182011
-0.48860890833825865,1.7345660935796727,-0.003417012413526897,-0.14304104093773953
-2.79046091384053,0.1680974529017235,0.7814914719854095,0.13025695425358
-6.1960089694283615,-2.5998031862096087,1.516927275257023,1.195395229192336
0.8852068053133971,-0.5124025328444249,-1.307737184078926,0.293260155208367
-6.1960089694283615,-2.5998031862096087,1.516927275257023,1.195395229192336
-1.480159022094959,1.00472300541844,0.3053227015437138,0.12590707860364506
-1.0607026500946684,1.258049619235311,-0.09912339908553605,-0.2790122900550673
-1.3723011328331463,1.058647092564305,-0.1544730175466459,-0.557270234083126
1.9341858927728885,-4.176256261366448,-3.1882831241950305,-0.8616512563840918
0.5020436500005139,1.1259096992980178,-0.5712445202243656,0.34838377511653146
-0.7326875102812558,1.5254961122546273,-0.1644921960341035,-0.38467322272198556
0.7281036072895893,-0.28463108644787377,-1.6454315228648329,-0.7340870248850518
0.6168022268931108,1.1562242941564833,-0.20128398985399246,1.0260000679808305
-2.19540363926505,0.32627738441322984,-0.18475624660665194,-0.42750723166423443
-0.4219947687965657,1.7819893326508323,0.0010450193299845,-0.1298736227006704
-0.6090683745991804,1.6998114530751882,-0.30602096580504695,-0.8477613739455017
-1.7169028438384866,0.7233488530010205,-0.2653798660355144,-0.5730121598385745
-2.619881587904594,0.1119403502093107,-0.2079781795444076,-0.8288016455598739
-3.9015209508787576,-0.8010196482289855,0.9414200111924638,0.5723477548578734
3.415367670484596,-1.1109493463203286,1.9166809190445067,0.1747642289983463
-6.1960089694283615,-2.5998031862096087,1.516927275257023,1.195395229192336
-1.655150079563095,0.8668721444956524,-0.4303533417763468,-1.1042389587926473
-1.0562591881566108,1.2634176260917043,-0.1653622928306093,-0.4155529844937801
-6.1960089694283615,-2.5998031862096087,1.516927275257023,1.195395229192336
0.7439317589326052,0.7979907045386302,-0.9106415902836139,0.14099304177863456
-1.7376223842881058,0.7926612923120191,0.23164317497332695,-0.011274761543943065
3.0875807190944347,-2.5581149297249275,1.0372154871099684,-0.27357848547525127
1.0823505662016855,-0.3304583059382576,-0.9870233925109287,1.0211514874546097
-6.1960089694283615,-2.5998031862096087,1.516927275257023,1.195395229192336
-0.5882470448581538,1.7324849203751336,-0.4729775317403138,-1.1891859530203892
-2.0996185552044793,0.555702783218255,0.0365153064565222,-0.5134884275320665
-0.39113159752967236,1.9075407368333113,0.043349853908649004,-0.3423883260293111
-0.27589696217337584,1.9084581337975985,-0.04184706510206817,-0.2057185409610721
1.1112218900485795,-0.6115916707997088,-1.2555976279467118,0.6633202509617018
-0.49188086411265436,1.7239522757404744,-0.3498006453275741,-0.7011061097565986
-1.905601098875343,0.6486612678958398,0.12283690255384458,-0.16926455419056588
-0.24936747336638285,-0.10380405089934337,-1.0314869562698112,-0.26835292218592566
0.28953723715408586,1.7457970876272173,-0.5245712718450994,-0.5314142060569927
0.10243017096195761,2.235311688834041,-0.28344934916865877,-0.6519882173824659
-2.809298980928267,-0.05015236637588751,-0.1603926453726842,-0.7305841899951291
0.2559675492810687,-0.3512701507315202,-0.14123948291218358,1.8625472097220552
3.4155464982163513,-0.962941039935555,2.0190982663457158,0.7166799110422999
3.3538234721059657,-2.585325177885077,1.9776569390600178,-1.0737806499687923
-1.4126152903595999,1.0249587209958593,0.08287777616346555,-0.1547846796107242
0.2832870487854219,-4.961144405265102,-2.6850793736884038,-0.7465349834731522
0.06771888875120957,0.49526440804471283,-0.8177447415742772,-0.03270447632556915
-0.6708457802749794,1.572350591270045,-0.06986955347576893,-0.22402888850261085
1.5736741966751246,0.23663227739514334,-0.6797266520429227,1.7671149597108449
0.9168457235995698,0.7752999306494704,-0.46363092287828583,1.1141780739245388
-0.5099347045704182,-1.7894663299177458,-0.5426453161789814,1.022667818168592
-4.490568830138035,-1.3204067724772843,0.7407126393997462,0.35121543616310547
1.5646864776941443,-1.758689840806747,-1.6426456180709117,1.021840764274043
-1.9444005955744221,0.6987128639661687,0.2474326362334148,-0.21934150209160527
-0.3330659421402887,-0.3359900422799694,-0.7629269736577275,0.4005702545125534
3.5372944612852018,-3.935209497490162,1.0481878453786788,-1.3870602940146817
-6.1960089694283615,-2.5998031862096087,1.516927275257023,1.195395229192336
0.6740451902365593,0.31734380891780095,-0.5895105485488245,1.1447057148497148
1.04458195245082,-0.7876796208478981,-1.2774135835776812,0.7850536373912301
-2.272640118274657,0.38250116037410586,0.0472994176667594,-0.41172081301357244
-6.079202927781011,-2.5124290392396698,1.5961087494019894,1.3410280415159161
0.32947147145575295,2.3961429224381416,-0.07644187364086133,-0.23268064377484662
1.6662074351130876,-0.17612225961313807,2.066909626387338,-0.2067702903387528
2.9567578077901047,-0.24448068479470578,1.7180405617110148,0.44477779984394816
-1.798288303344405,0.6664470334612955,-0.10845705474170958,-0.3336912568062583
-2.1715749627828664,0.620071901559113,0.874641840780258,0.45660525739618213
2.435824915147495,-1.7093345735910446,1.5485814268478537,-0.3260579984138299
1.2357669042005734,1.1656388402454607,-0.3728056166013616,1.3606537524973927
-6.1960089694283615,-2.5998031862096087,1.516927275257023,1.195395229192336
0.6234025160459759,-1.5638529127520155,-1.1815675450862815,0.7758360400628989
-4.490568830138035,-1.3204067724772843,0.7407126393997462,0.35121543616310547
-1.7841786490316163,0.7197213679510702,-0.17687211925699678,-0.5608721742212082
0.9586759512826927,-0.3271965522142927,-1.1963929833712532,0.5599461562370955
-2.5508109806645725,0.3548199250511568,0.6016237434328952,-0.12894885308503787
3.4895178151221655,-2.5325564397475575,2.9164074652572523,-0.07144310174491918
-1.0403664564436992,1.2442674002618848,-0.07258385436247641,-0.16552278076993585
1.6892915653010696,-0.5490256695637625,-0.9160962989944259,1.7984564630479216
-0.05650460143605868,0.32383728582254606,-0.2878255764305542,0.8151825997034053
-5.996327722334148,-2.4504360953922966,1.6522888993736964,1.4443561662507634
-1.8443346184800617,0.7233814301955188,0.26251839341500294,0.005732004111698122
-1.9909425611287594,0.5640567696071641,-0.021655504301162493,-0.37778638753329863
-0.3433350242401602,1.8584667336666147,-0.08982194123319734,-0.30268724021425514
1.6696635010142704,-0.48184564902967403,0.4004131396994732,0.9519090725417849
2.0539845582822513,-3.3950234749379486,-1.4772400196372188,0.03831618925512315
-0.4940250813246369,1.7633910429112374,0.04028403826811785,-0.179783837004071
-6.1960089694283615,-2.5998031862096087,1.516927275257023,1.195395229192336
0.17742912791466067,2.2684432017997547,-0.3689269189338366,-0.7206410905207757
-1.3511110141099323,1.0264478525362069,-0.32450232551719776,-0.6799663104936348
2.5470790477477574,-0.9475000684791811,0.9988091668553567,-1.2392501685084756
-1.0840186569466859,1.2760869039343432,-0.29502377193375157,-0.7276470356625062
1.3358267422574186,0.14226056239497117,2.1452547744012787,-0.5607306170228266
-0.5320036834554346,1.7205773261918418,-0.08092042149209497,-0.34893922228525404
0.6684558325022817,-1.230666258087965,-1.1153893869024478,0.8709689089336948
3.6826024987017623,-1.0179628743538685,2.317682057127611,0.7700108653861513
0.5690194175457232,-0.290857349032565,1.4265215321656934,-2.274044694430349
-3.323784376377619,-0.3353022196054594,0.6379692154366113,0.11108924186366084
0.9569212952914128,0.4052013775629734,-0.7142922838121576,1.0481197145317427
-1.297246819055554,1.085779821049801,-0.15297768615373272,-0.4291569839121957
-1.7519182018042276,0.7473319171310657,-0.18489294768929834,-0.5774361083497827
2.866954196753578,-2.2192355927724314,1.2110735829421655,-0.5806742317171212
2.2906050479692803,-0.37806826230528867,0.49233058330193846,0.5310325096089735
0.800607482195119,0.24512204942548516,1.651546587383196,-2.2564432746797145
-1.135897858991402,1.2157581392797012,0.073088271591093,-0.06384211797527804
0.46370612310041737,0.5557802062972428,-0.6724837650200526,0.5217403901931914
-1.0041200696751413,1.3144970951376242,-0.5203362227791822,-1.0212423682709624
-1.1377845130437123,1.3144987287733696,0.01162103180823041,-0.4935046891816227
-0.40818578842834485,1.8037056384750583,-0.4081486154928366,-0.8298912511406231
0.7258635334371718,1.022269605051323,-0.2829512885005053,1.0096751696252113
0.1925601923280287,0.4860842784519484,-0.6501625145006678,0.36231248584700415
-0.8570209234080636,1.4892738290400651,0.2572348213827388,0.09758546623795988
-6.079202927781011,-2.5124290392396698,1.5961087494019894,1.3410280415159161
-1.332629314564552,1.0579871889146235,-0.30847002626397074,-0.696594600003363
0.2662549825450813,-1.0461275078562182,-1.365003684665909,0.0572933470603987
-6.079202927781011,-2.5124290392396698,1.5961087494019894,1.3410280415159161
-4.662580900987076,-1.4570580856146436,1.348851016350795,1.292507668378437
-1.855973654799026,-0.8146376250912728,0.5799833251725168,1.532143942005637
-0.9802125837586733,1.4557657314773806,-0.24383154999682236,-0.9212059086214611
-3.0582891447755185,-0.15108886789637857,0.3120548012533392,-0.35514071156390165
0.2612841155240321,0.6007299170315071,1.278417420161521,-1.613048699163863
1.6835541968906849,-3.6573922636726577,-2.7440206792966335,-0.2650703104107495
-0.8673765212515723,1.4195952890080374,-0.2796673067453424,-0.5925868945597607
-0.5955360274817133,1.6822205128975762,0.02916740269200138,-0.20435896611066315
-0.845955348421734,1.4784302624192511,-0.17232830059199425,-0.5281909659359834
-1.0814183931786565,1.2342460067655994,-0.46769051381448007,-0.8864804178075708
-2.7053371413833425,0.038815477316270226,-0.18644167098090472,-0.7843570574874283
-0.6258315849160447,1.6506010814804055,-0.3357084467646783,-0.7755801151498085
-2.5932426121476246,-1.383300168820043,-0.24794584925239385,-0.09255694373840538
1.1440142977199563,1.6112894823655641,-0.5425882966262301,0.5177389025246603
-1.056150050312103,1.2899354832797605,0.22011776799946617,0.16310655439276162
-3.5232013043856565,-0.43926635647366635,0.7174978593501542,0.0680076807406343
2.3702420068760146,-0.2924803934593679,2.32454580683251,-1.4886690606960513
-3.288098500864377,-0.3703538055302173,0.5813095226339811,0.2364450315697168
-3.389899146305909,-0.49578736168207854,0.8081835681004531,0.6810808813009231
-1.3708938401398651,1.044594040493645,-0.05033441493870052,-0.3095738572558761
1.0565535615446726,0.9125338877870787,-0.3947750965225155,1.2740635883425948
-0.28240823736586995,1.937100622745908,-0.09728199050938655,-0.3834472344040395
-0.12788755052477502,2.0601771533516877,-0.3938568209956223,-0.8996704224627089
-6.1960089694283615,-2.5998031862096087,1.516927275257023,1.195395229192336
3.7786284065465243,-1.1587998064493152,2.7508638037041764,0.6539487971153857
1.3386638592679283,0.5055549277396023,-1.21939300382071,0.145510999134265
1.1754073476041724,1.0917845781858002,-0.48446317717831017,1.0814997557556751
4.786792681543815,-0.9449219568056584,3.4063358653127445,0.12066557020425278
0.33870412714849785,2.380575512102108,0.22703702405489037,0.3349849882572979
-1.4864050175203805,0.9698439319065727,-0.02504841806400811,-0.3446144086476221
1.0785179572252466,-2.519137921467124,-2.1456730231787513,0.01786195157115707
-0.6955984842530165,1.5637424307355643,-0.5217127565738504,-1.0122738844071717
0.22645978487729343,2.2838323858910883,-0.1897015315577342,-0.35002676117440806
-6.1960089694283615,-2.5998031862096087,1.516927275257023,1.195395229192336
-0.6494790861537092,1.5739902307132076,-0.2152575407574944,-0.41764062826495585
-2.445189260102583,0.34545877961490085,0.5492580141068981,0.07125854804069663
-0.9957250531654701,1.3979689103185702,-0.011130992407416683,-0.43040653038875165
0.7966776417228019,-0.4921368062459809,-1.1732844421337982,0.5855239810333573
-1.55859521636097,-2.621248027074403,-1.1063714512575569,-0.1782124480226245
-1.0180497636312078,1.3490697013723898,-0.6753065467255196,-1.4107189071994155
0.23892967396760312,1.174245981716436,-0.5555769783238407,0.05713797342292324
-0.7555133538603327,1.5039103035809174,-0.322918877021857,-0.6457826592267504
2.6530518772561162,-0.893795715244469,1.626861456641054,0.6070293497196274
-1.9821584455242338,0.6029266393125641,0.32624106028294997,0.11454502534432712
-1.0726872490763792,1.2951127086873475,-0.45180679481747626,-1.0040540979613342
2.263391326309925,-1.9616457007875614,2.3235311506397984,-0.9768834526412826
-6.1960089694283615,-2.5998031862096087,1.516927275257023,1.195395229192336
3.693989818031581,-2.4235625934374356,1.5650237419767625,-0.04496447593958187
-2.4418844922567073,0.2642406799782651,-0.25311615128313475,-0.9219230012597487
-0.9911819201510716,1.3346699803889892,-0.6425427840453865,-1.2556720903732814
-0.21888961126327192,0.4350121918105389,-0.6329093846403446,0.1618415837695226
-1.2638786908058999,1.1224308581129063,-0.17865187187398227,-0.49745033147436246
-0.12000519995397838,2.0627402277621094,-0.09886326743804938,-0.36879434261011423
1.3236682313129438,-0.25360280024120985,-1.392968425127988,0.4011006513174967
-0.7178299384065472,1.5397981833467909,-0.029822311504429672,-0.18247418614219016
-1.4047637779321707,0.9905027567602059,-0.3428702485069422,-0.7330510278369704
-1.5512075387878792,0.8848090095895447,-0.19540749329457455,-0.521720193226643
0.04880431780251532,0.950092502266977,0.7269303908594323,-1.4167503580439642
0.7575808253759798,0.8314995477223103,-0.39260221907729953,1.0869975911371967
2.695580709734948,-3.6365840059007293,-3.289616873761318,-0.8045907847436564
-0.5818054563135121,1.7630870257307805,-0.07006332732232504,-0.5447398110445227
-1.097324997459234,1.2975991741274542,-0.4149397832105915,-1.0025035315089699
1.8549091612202333,-0.6239129710694866,-1.2568008660858336,1.3979124785996608
2.4778800117617252,-0.2301792488386176,1.5383820179058407,0.5179442401173163
-6.1960089694283615,-2.5998031862096087,1.516927275257023,1.195395229192336
0.8760193307431897,0.10761022490833966,-0.6508370996317275,1.195799445665082
0.8047174518631719,1.1891138273632191,-0.294727509741914,1.0379715702150683
-1.4953816386220977,0.9209920535832501,-0.08128713089179126,-0.3268129357157373
1.3596236531626755,0.6569404281482513,-0.456442961550144,1.6441085334819168
0.8157110766147314,-0.041884453761071715,-1.0502411471686963,0.4805387708192669
-0.5053944514289178,1.7599241621829704,-0.09240986522533759,-0.4086339758363575
0.4039805244333784,0.03450688515570231,-1.012490167927773,0.09868979553499087
-0.598260257546163,1.6248558734147298,-0.3332005031936563,-0.6413266183812082
-1.8173047077047666,0.7423602515282897,-0.21188959874969807,-0.7544711364308048
-0.6175294797374608,1.6130572829086565,-0.4544489755860898,-0.8580502968645246
-2.9645218049654267,-0.1595047318468892,0.24142126688678542,-0.16867117644232657
-0.5088772159000897,1.7363227389566758,-0.47617945464332606,-0.9866422980242081
-1.3805633207052732,0.9903126294328336,-0.4869309864126666,-0.9244160463640815
-1.125268606362546,1.1902246911701797,-0.11821022686195798,-0.2718869497436806
0.267154041746141,0.1625956415976362,-0.2616344076790931,1.473541501229098
-0.9311382813120549,1.381983618956686,0.15602837775320305,0.079719686254198
1.6855362049641451,0.604562806178499,-0.5452157515166729,1.8429405751550467
-0.8864735731730814,1.431557191368596,-0.15761670354585214,-0.47820522277706934
-2.83980809730222,0.028873260966981954,0.8439418582821224,0.5513950807108238
1.351100417666468,-1.1807809196121504,-1.4858506786776848,0.7238006001790512
-0.44900359511470034,1.7789231490553692,-0.6763544498279394,-1.3098288977348176
1.008678882844006,0.455501235684017,-0.6213793015733161,1.1297498613568455
2.5927113597442624,-0.9873302535990972,0.9776001988131036,-0.7279528856419711
-1.421114620553176,0.9681896556781864,-0.4602132187093459,-0.9090444476666896
0.7688592564396227,1.4113917133220548,-0.09062154598057588,1.2386728405651795
1.451245731850707,-0.18382428924395686,-0.9865116329057141,1.2444274984486108
-1.523624884408892,0.9165001110896741,-0.10255672837722171,-0.41788612662768176
0.009070255785529243,0.7395814669681108,-0.14479062437759427,0.7361034967201271
3.2850100721246407,0.4856658490308794,2.543230187322018,0.8190195682552782
1.4748077850553438,0.20997492749650531,-0.6857300565399752,1.708269909765831
-0.8295069368887749,1.455760765616936,-0.5241099288577241,-1.021765677422654
-0.19946918326031382,1.9788995600181998,-0.06394801716219164,-0.2688334771810201
1.8158822154110579,-0.3510389983095164,-1.1741402586180156,1.2872766680359011
-1.0223818863015581,1.2661942004882827,-0.3220441439980222,-0.5945353375750181
-5.879521680686798,-2.3630619484223576,1.7314703735186627,1.5899889785743433
-0.36113292037047906,1.8369484985447866,-0.25122658735723474,-0.549086102552416
-1.080765052568889,1.3215979232782995,-0.35498829031165996,-0.9283598170149744
-2.0048759705001404,0.5676563358922506,-0.34120366082338854,-0.9203679972505138
-1.300938800559702,1.1195705291326266,-0.4112166959714933,-1.0179204192710998
1.2049208631678203,0.42050509796451163,-0.48502846040989595,1.6906088538455915
2.946234811720953,0.5760052802083082,1.7622308099734558,0.8912484841385567
0.6797207566606238,0.054622184927343595,-0.5563909308697049,1.2554828749141262
-1.0314923631075563,1.4010140193766585,0.27579039924384957,-0.04517030386689113
4.374017331343408,-3.729216831050532,0.9703607351640053,-0.8911082303484322
1.9199423064052794,0.2636091649537418,1.6211538349825372,-0.015301337471029365
0.4838466658676699,-0.7719380549824412,-0.6645413727678473,1.3313981528159735
-2.474803873641566,0.28497396495564753,0.19731076844715592,-0.3407451193519642
-1.2786180186004656,1.0811430334211087,-0.15890253959323034,-0.38591432907662704
-1.2106245767255508,1.269399553396968,0.32277433530794253,3.256631657418084e-05
0.7213477496501507,1.1843290535619766,-0.7176060032969763,0.13559790635058236
1.8614376686261496,-2.1644102248080164,-0.02687726832252883,-0.08278616295716998
-0.37304180357506006,1.791581827403855,-0.13097985890504507,-0.24981575241572948
-2.1659923639397998,0.46817487637643646,0.09333407616298005,-0.3109250635823548
-0.885212458367021,1.391014195548893,-0.3772237511900666,-0.7208362834110088
-2.488483297226045,0.23691151802054805,0.7252843840461556,0.588364136211979
-2.1771161644450214,0.5640854640823634,0.4013735937204842,-0.1386597707097331
-6.1960089694283615,-2.5998031862096087,1.516927275257023,1.195395229192336
0.5312026887700839,0.8617990789811539,-0.47734824485501987,0.554880612277993
-2.3551405041259383,0.38039281274987935,0.06922821869820463,-0.5923061257084192
0.07879634155988352,2.236591584164626,-0.011752546887895086,-0.27676848462826525
0.10142472777355367,1.326390972760241,-0.19910597563475874,0.48816752334390084
0.725521873351237,1.2595453380571546,1.7232700693078427,-1.1605244052262382
-0.8927723211115072,1.3826159667942894,-0.10078240743756925,-0.24615274049334032
0.6987804240604363,-0.1090685018243277,-0.9740005463490125,0.636924884155402
-3.0325855001992768,-0.19926525704011946,0.2407347624929009,-0.2384518668071862
0.4495129681554838,0.5762425647351282,1.3885174244997358,-1.8198071080028597
-6.1960089694283615,-2.5998031862096087,1.516927275257023,1.195395229192336
1.194102456275426,1.5761359262637251,-0.43053101928607546,0.7507879109642063
0.8441222974016859,-1.488669054172095,-1.5989835189912458,0.17241469722413258
-1.7147189208109879,0.8255881968123259,-0.0968208924788165,-0.6056276386074503
1.6743800827439197,-1.403629900499042,1.587217969645725,-1.6519062074719597
1.649688468853746,0.5168009976878416,-1.0092332333793852,0.9184210842738182
2.362705853843589,0.25815021131240573,1.2209387483361396,0.036770449508592234
0.1861861893569404,1.111415012350498,-0.4494779707865324,0.33894713597528126
-0.30400998762997683,-0.08905319854174548,2.9009378199408977,-0.8745095882414675
-0.8685961347888574,1.4281710191258994,0.018707996092594752,-0.11247045717940497
1.5671787108423914,-0.7028337837996846,-1.2114742253504216,1.2507386147489326
2.68554416421702,1.000333378221652,-0.45983380832515636,2.569832931636399
-1.1614885675160178,1.273308812025457,0.05493948205722795,-0.32265806718464046
4.169698981396974,-0.8367743090508198,3.33507808129773,-0.13268077972083286
1.6361506018223078,0.3592868625095497,-0.6080923836647989,1.9198839750832943
-2.3592621415859263,0.34135233979129853,0.09532695710399734,-0.36745304820481417
1.3422885620381961,-3.3966274214572287,-3.04534459358584,-1.4112769767306106
0.8087960461689542,1.2933643621957305,-0.601487910275402,0.2559998594225038
-1.1432191775285447,1.2726230225110486,0.05445811495163174,-0.27193049185853474
-2.184945041979688,0.404895309060115,-0.09713438307106323,-0.4943581208204221
-6.1960089694283615,-2.5998031862096087,1.516927275257023,1.195395229192336
-0.4289983578540661,1.786415137949884,0.09094484001265034,0.007477045391261275
-1.4088437446812645,1.0364920616845565,0.2487779655072412,0.06826842622450248
-0.21513334689124258,0.7578144177192787,-0.69584937853793,-0.23447732402468194
-0.7264765433211975,0.7680922808349179,-0.45831142258555707,-0.3622216771508997
-0.6316163469123083,1.7014169867700382,0.37257690649179276,0.2059933709288389
-0.6332997382599331,1.625274680754679,-0.05938851195839242,-0.2837417921830753
-0.844582557769731,1.4697941660697,-0.48532617663551775,-1.0269013405953862
0.7780627515190985,0.7057362154006068,-0.43406158466538425,1.1787964883799202
-1.691258650695866,0.8457086019857827,-0.32067841897246424,-0.9395055063311141
0.306828775799628,-2.133867491681098,-1.728739159346624,-0.0757374407713683
-1.8237733737223039,0.6445351196294934,-0.272994521773316,-0.6101710117808999
0.2733915617848337,2.3474167735074425,-0.22699484498415448,-0.48057391581592823
-1.443099679481084,1.0949243399142352,0.02195945459836959,-0.5529239351958781
-2.582239455511134,0.14414956317467054,-0.21749504252554977,-0.8484382881446799
-1.764420115348237,0.7899605684722132,0.0906425389206227,-0.3172382237383285
1.2273912028415987,-0.5075908182510083,0.3428727073346089,1.3944126786428135
-0.4150952974611818,1.8296277298334458,-0.5198415323686254,-1.1048438492642092
-1.1533870298564608,1.2692375656436503,0.21867614481357223,-0.035587101636047995
2.5406692542311604,-1.387546736469015,0.48349071000463434,1.2517092033450288
2.707335959714176,-1.3429050626093726,0.5792262048638556,0.3106104946239498
3.746908645401532,-0.0525745710507417,2.8787475511836456,1.4123355268002629
2.2843377061459997,1.0134017752489055,2.8368787698074662,-0.4403380878491702
-0.6088972580338924,1.6765696794830955,-0.21337941858592605,-0.6096163634000817
1.4996571259298552,0.7401787025916902,-0.936814101265244,0.7112391045495321
-0.016028136675172115,-1.0328852767706407,0.8813661589377695,-2.482128517162056
3.9871569737024513,-1.4163528817506534,2.5767709588752483,-0.10154529872747398
-0.027311463345398496,1.4815508136496576,0.8711961630828382,-0.30215001898992694
-2.2478472121179465,0.4951162963894732,0.7717679758902337,0.4746144455341294
-1.2258177124427023,1.2395390981598997,0.26858686253814706,-0.016415842765352837
-1.3740284232492563,1.08638469209927,-0.08678104118577931,-0.5371839134828239
-6.1960089694283615,-2.5998031862096087,1.516927275257023,1.195395229192336
-1.7458780049295473,0.765751697816379,-0.27933585327309324,-0.7743676922215132
-2.417435623732102,0.37484920665128735,0.3655758656680636,-0.20914804638917625
0.776434188969167,-0.11415682635611403,-1.0502416455084123,0.504095409148046
-1.438780340055015,0.9703784014274044,-0.3225078720718499,-0.7194339349433104
1.7309058973657652,0.20109894477504137,1.7712159187358234,0.548212783954389
-1.4021446479444062,1.0459241829324413,-0.4557808857417674,-1.0691550105517629
1.4643866789760476,-0.9207547641445673,0.37742389392919995,-0.13689965581497984
0.7609481501948072,1.0510476089292493,-0.4223703733494977,0.9233958258725482
0.7452530703099078,1.1500815986999315,-0.10580482743461274,1.4013398761716989
-1.0286161630982613,1.3476110649962443,-0.7786282215412298,-1.6083033742968826
-0.351434167431185,1.868812084561414,-0.13291340281626682,-0.42322100252895634
-4.827429446272276,-1.5775672637672298,0.44995802097044996,-0.045834475199719886
1.519294492471782,-1.9266356875472477,0.8125377636068992,0.17274065638748687
1.053763307006744,0.8874767333037328,-0.6986756976044081,0.7264860904682445
0.5239298198971536,0.7526935820325033,-0.9013890736996463,-0.08992006796172067
1.4413789061440134,1.127120945993043,-0.5331620523796838,1.1727427426602448
3.869546543258292,-0.8026136377703316,3.6874128875132537,-0.6646855602331231
0.9788959506283458,-0.4113847699228087,-1.057405468289638,0.7522963005102913
-0.36647953783553244,0.723057377509731,-0.4063681182674462,0.16912849407106154
-1.21465735347804,1.3344076336927562,0.14212172365053918,-0.4951781360747187
0.824258970826634,-0.2534387515647966,1.5590067155659681,-0.8323550451776333
0.9866593311081934,0.05610538305872856,-0.9748047447562971,0.7505278370501091
-0.6948091480159009,1.558053361284807,-0.1488149167282459,-0.3761117686482772
0.9093873428107248,1.0834844411424205,0.6463445262968915,0.4475037037376589
-6.079202927781011,-2.5124290392396698,1.5961087494019894,1.3410280415159161
-1.5138460133663614,0.9139931226016346,-0.40384160063607005,-0.8722426573023868
0.8696980658337309,-2.063831426068577,-2.3732978264741997,-1.0208331294527626
-3.5239841175795728,-0.5066406831239253,0.6878575524423776,0.21410238137172796
-1.0288572794697655,1.3221880158297896,-0.015715179459599066,-0.2844621781143482
-0.8406198352227777,1.4935185909396305,-0.18249730023953672,-0.5884222189337884
-1.5156596717244395,0.9396834446995209,-0.3083038848939034,-0.7825669804624795
2.221449533329803,-0.34307958945904765,1.3264809303859875,0.9413497508294838
-1.9529986373522832,0.6182882536552666,-0.08277424181555018,-0.5608530839186904
-1.1519898077524324,1.255013392462042,-0.4551941025923956,-1.0774848793764296
0.003101880625762188,0.7434517073899982,-0.750434826398409,-0.16424731103103335
0.9520836522858768,-0.2404274399443173,-1.0308847578313347,0.7861499611907546
1.0784289618504324,-1.9549419375522894,-2.197241154584485,-0.5668546072457764
-0.9681845640148239,1.329034063853719,-0.4992080292276965,-0.9448709301964241
-1.4388852318482104,1.0661249625009006,-0.3083652087287256,-0.9534506084401201
2.8767593317114857,-0.6657727675441303,1.4661012748309021,0.7623821399433077
-0.8248551355367638,1.4879101961118812,0.12507549028748832,-0.026376958731782793
2.3989542266223496,0.5369979236675405,2.0285733408229936,0.903465074616017
-0.5570296692268945,1.620397253056935,0.23787059197715765,0.42421628418109747
3.043943120515083,-2.1927058295352793,2.6693823110917236,-1.9615188660110632
0.4644874437517159,-2.0874819163925546,-2.1702944253739456,-1.1301697266414965
0.4343030181105362,0.6649770182363385,-0.5507031796595168,0.6854202716853961
-2.397282230149654,0.24303970733930136,-0.03534471383082751,-0.45333752553544937
-1.6377802335399616,0.8770461144136473,0.43732162522234813,0.3060075546343354
-0.634557348853691,1.6222302113406308,-0.4192715717861735,-0.8605387559559362
2.9069793796962875,0.11204854552433885,0.5739651376398991,0.6583471084530966
-0.25837254292266315,1.906810791891789,-0.33833718804065976,-0.6654429202724884
1.2556872717746024,0.42811392153806904,-0.6844433511649106,1.3601566393175462
1.0847899167546673,0.18631080958270166,-0.8464608349036487,0.9033822270211795
1.5856454174691916,-0.5308322974850229,-1.232026735105639,1.0088737175750682
-1.016730568980187,1.2783141798136692,-0.25975711254896444,-0.5088870299993337
0.8531738127655847,0.5700660350703091,-0.46480135588852434,1.3527937652766648
0.7114390239552598,0.09934483033064939,-0.9308182006224235,0.5865468395133528
0.7839221721150637,0.34756906649426417,-0.8263968629185213,0.5977159352101401
1.6874276503117098,-0.4399060452157265,1.5106381637102757,0.24252530250269744
3.2359999220625975,-0.7509505955613468,1.907496402887319,0.6899413511646727
0.6930296366432104,1.1909124730057707,-0.47252008397979667,0.613724929199895
0.48749889814146297,1.2776885572712928,1.9144966191406112,-0.5597698187676533
-1.7494457789668323,0.7247057098393355,0.03367210247367294,-0.16355235702600554
-0.9618904302595079,1.3445605590739569,-0.36586006028443246,-0.7458954267775764
-0.13753303436292957,0.7087485788589857,1.8924684556499722,-0.7359551409329641
0.9854385359433174,-2.6318578417026526,-2.512591680436003,-1.0785313507049292
-1.5685089591603927,0.9583510535170023,0.6502926807555208,0.5883717420894891
-0.1183622526077386,2.0826892357972504,-0.7944444683021233,-1.5981735570330544
-6.1960089694283615,-2.5998031862096087,1.516927275257023,1.195395229192336
0.9303056483818959,-1.0295524212378204,-1.2867688458813276,0.5442142460152984
-3.4864850630779562,-0.5248411675734942,0.43640272684962605,-0.03335489665472873
-1.1426769630120626,1.2686311739068663,-0.3391334456088236,-0.8956667728385531
1.0736588328871473,0.28321810779855117,2.6380794261077165,-1.4641158422650056
-0.1256195244581292,2.0884535507176083,-0.5102519697736932,-1.1455633479284115
1.6733994896333337,0.5875743538342635,-0.734568608304497,1.4638515994064472
-0.8409269756707853,1.4629014922812833,-0.23492147081577044,-0.5745725565091949
-0.3237878497307169,1.9057886520297445,-0.3218935460088263,-0.7716423577547749
-0.8557198006642889,1.4728748098066773,-0.5176114574543569,-1.1149156410560612
-1.3411893838132498,1.0741516709324634,-0.06709637621063694,-0.37172892523028633
2.894689355424204,-3.4077599458536896,0.7588861372885555,-1.2204527664632765
-1.318824352090088,1.0934290873683583,-0.4369755403174819,-0.9803356309854302
-2.0523262113539835,0.6369326629450914,0.358190548668921,-0.15110766631077308
1.1492192974705966,-2.9269924332765824,0.4370556019266682,-1.9970397244942946
1.9258393240071363,0.6295670909161741,1.825212285366261,-0.2406912664565022
0.892931215674215,1.213536482671849,1.9485900890904482,-1.0466053749340618
-1.4089313398067989,1.050794796838814,0.2677397794036705,0.06194450270593702
0.866773449833628,0.1409803367069703,-0.9949583081106393,0.5531466994171779
1.9804261136427967,-1.1422934746444549,1.6235218483149283,-1.3953904197108455
0.3393846470663374,0.30241638650709446,-0.6677358870868769,0.6419777503271639
-6.079202927781011,-2.5124290392396698,1.5961087494019894,1.3410280415159161
1.8390873193068573,0.5647424625288994,-1.2121769012081784,0.5899099494421036
-0.014637298072090485,0.5632171736510982,-0.2363079946915295,0.9316684847110458
-2.87112326368975,-0.10306434679229351,-0.14499586920803317,-0.6987907894923776
1.3363072118138684,-4.151881883718574,-3.1003300692461218,-0.9728069330328112
0.6361500698013243,-1.5966192998938769,-2.005933980745682,-0.812829443613129
-0.39428231739916947,1.821775712945334,0.30902116060766355,0.3465644715887597
1.3434324763718999,0.10163576404812613,-1.3410948518356693,0.00999097455304109
-1.766781589504638,0.8153253689161432,-0.08109773756772529,-0.6765968186375131
1.6802775148099127,-0.5974086763475579,-1.2161084628152656,1.220954640205864
2.6004698847798955,-2.364529038317799,1.296326977459139,-0.807432111446802
-0.3126759818168265,1.8832128553180492,-0.020751475134876258,-0.1902557579519484
0.27143162671925536,-0.18816019378905668,-0.8938296360826752,0.5297832808079226
-0.8285160782501768,1.4357977820576848,-0.2873856026338785,-0.5635621302349685
0.8426798488186573,0.5777472993910164,-0.4481691601774425,1.2940357475402446
-0.011492783673921427,2.1304168497032983,0.009821820138847616,-0.13473476101591889
-1.8948779331559007,0.7057332897696561,-0.04836639021225827,-0.6090965776040391
-1.0324919519605753,0.7847981483263765,0.17397895080802553,0.2698594099895788
2.4196369534292934,-0.48343327359001964,0.42411028258464617,0.28853225443793185
-2.1950648606595857,0.4049120795893466,-0.2932374475205822,-0.8213844473660361
0.8278098706297607,-0.23816199875277158,-1.0649101523109863,0.6236236396282542
-4.4770851076559675,-1.1961055833849001,1.440168840753477,1.1170420019302778
2.154547623053866,1.2569152437857354,-0.3290333280268768,2.1470194908305738
2.239746044477854,0.15532063079329922,0.3371716453629879,1.991791202394386
0.47931825974931164,0.674980461548639,-0.735921318238431,0.3681324179970092
2.0673513563457746,-0.8069377862188888,-1.4695669430913156,0.9973546512892143
-0.7945744571022206,1.4807417741968831,0.12136984709430898,0.0695068445710635
-1.3810398175603928,1.0462039193637598,-0.10002728366384786,-0.44460122298485005
0.3617698180702953,0.20384271086073283,-0.4617540039767011,1.1476544651023415
0.5572270041142389,1.7203788056164435,-0.1481225493215768,0.5119983088733918
0.01911836556837004,0.6225219543649084,1.4499282857497486,-1.4914464068587183
-6.1960089694283615,-2.5998031862096087,1.516927275257023,1.195395229192336
-2.4069073974578705,0.3448757544702866,0.4191922208138907,0.002543236635744919
-0.10349371659336777,2.081218467431089,-0.4401235485542017,-0.9579805512079186
-0.9401971393259639,1.4586819801155613,-0.2901078714268472,-0.9516720857916384
1.0576545891421296,-2.444975671683507,-2.2070711807434207,-0.36464871564479157
2.5091218572478255,-2.1651603740324163,-2.0257193198404844,0.9604635342331708
-1.322395966024568,1.0510210463524299,-0.331705868606783,-0.6948356403443086
-2.159572245028111,0.4433959830141576,0.17824557063137902,-0.10983964907300804
-2.9358322579418643,-0.15331536533722293,0.36743322289709646,0.10161609361844959
0.3556052348655552,0.43480418921988867,-0.63234247261282,0.5683207226052307
-0.8867075969304226,1.395972741747618,-0.3101819792687229,-0.6235952324055541
-0.713919013586396,1.530448422150528,-0.04145090955987037,-0.15840213043764786
-1.6997484140999535,0.7674911423245907,-0.3405166943366719,-0.7813228849658855
-0.20105492303700712,1.0287367844614614,-0.1583992781210015,0.5122480805665821
1.0356186601733712,1.1288743089784665,0.7437187213024622,0.6932987613510131
-1.1745538436206862,1.1749665420853372,-0.23889971792977707,-0.5573803554291449
-0.7182825822706439,1.557175171342445,-0.42249999397872445,-0.8759595584732768
1.07455876225993,1.170602916109435,-0.6623049240373449,0.5181041585283364
0.05000871876043547,-0.3444403542061472,-0.7160106919397037,0.4745041658662029
0.6751930185288725,-0.2758704113900997,-0.7052692965231561,1.0504071299927846
-1.3985238126631867,1.0490134814784364,0.22591615429184966,0.03275175381202298
1.5461358958066935,-1.1015586609862655,-1.4426750509083632,1.0378941765367753
2.9918598414740853,-2.329557285004235,0.34303047053282926,-0.31769724438997216
-0.7528086678249186,1.4848231289152578,-0.37771715091567787,-0.6816235215179648
-1.4003325650915754,1.032167176098578,-0.13984472884420554,-0.4900461421630701
1.3559653374285703,0.018151257196954124,0.8954050768868435,-0.3055827792154431
-2.005910318270102,0.5910908676951783,0.39811127958687265,0.17302067562247783
1.7308517511143868,1.3492364835769253,2.930510673198675,-1.3213174639773395
-2.333213385219064,0.22514040180280215,-0.18713941770862277,-0.4641437869277435
0.9855407584272902,0.0518503365414838,-1.2420441054925708,-0.014395515240652497
0.8782666131093335,1.0768902856009401,-0.5285901009190912,0.8153960429815686
-2.520490887931352,0.20736142523034606,-0.38921839268943664,-1.1800687610635383
-0.36638879292861815,1.833528059427073,-0.20400855897101736,-0.471400434094166
1.2647716122092847,1.0035937852473813,2.258595524847078,-1.7595980453384803
-2.005027091576868,0.5987148306104028,-0.08161085391733605,-0.6366136131519067
-1.6868898222304711,0.8313804311627614,-0.020078987696874457,-0.41248713093676725
-2.9159801136885077,-0.0994719757844941,0.21163458751733347,-0.2985355173032908
-6.1960089694283615,-2.5998031862096087,1.516927275257023,1.195395229192336
-3.315663565103459,-0.32835284343520593,0.6359300526431583,0.10688027074659226
1.139520858191178,0.2801446597501265,-0.6868761325466796,1.3233114732615627
0.6441629505095197,0.030382322177301524,-1.0553830256999794,0.21434303934292054
-6.1960089694283615,-2.5998031862096087,1.516927275257023,1.195395229192336
-3.9015209508787576,-0.8010196482289855,0.9414200111924638,0.5723477548578734
2.0962016540288677,-0.8893439229347561,-1.0523673357153487,2.0095656577191567
-1.1451206316739453,1.1689055157114765,-0.34439089403159634,-0.641945630271956
-1.2832423937252857,1.060939065073445,-0.3725935135672695,-0.7046455771520884
1.1408006871006025,-0.16447740402478214,-0.6942931511530558,1.6163348533509556
-1.6297148792054406,0.8443665317251058,-0.08172205868442425,-0.42607329175500264
2.878003452532335,-1.4809486416866107,0.5301326158145186,0.5063215096520816
1.6054585764190459,-1.7633749992141712,-1.6978779036114116,0.8366846507556993
-1.0182956670393775,1.3476147056710899,0.38327656908996843,0.32899123135065217
-0.8398132671350996,1.4610946535257376,-0.14459437386447485,-0.4305166486453499
-0.3804178871834447,-0.0017107361654444709,-0.1668280958766151,1.0171257152596056
1.6380330221533062,-0.4768559895999666,-1.3815810995873525,0.777655256566511
2.1622971919512812,-0.9576710272457056,1.476732634098884,-0.016783613285222487
1.004953340481306,-0.5408045107873365,-1.4257541398313145,0.09683549464290371
4.751547161373309,-1.5280568274328519,3.1416818907608235,0.5477003274746522
-6.1960089694283615,-2.5998031862096087,1.516927275257023,1.195395229192336
1.8647390635673669,-0.5917596148560752,-2.029320223070639,-0.3853386692231732
-2.695885853618363,0.02020985541332707,0.15143856933620184,-0.19654561089646846
-0.1685712354060054,-3.971979253303438,-2.6581487018310654,-1.7902473162421366
-0.8776195501796394,1.382314189804521,-0.20595901632543792,-0.39025999290914515
2.0017085725162196,0.5099511129667598,-0.6910923912304079,1.943178460285506
0.809947764682356,0.5634911836492585,-0.5892204701540351,0.9739108067864511
2.0691710609092198,0.36690663431091236,-0.6450604973779621,2.1782676203000473
0.2186969899476451,1.1247215475326218,-0.2499015706788231,0.5158967248463209
-0.49345852391643735,1.7966042479673279,0.22184815504032918,0.018157561653360313
-6.079202927781011,-2.5124290392396698,1.5961087494019894,1.3410280415159161
1.1289940944413448,-0.11883537099150866,-1.0561445253091153,0.8269166496876608
3.191421127936062,-0.7779036303787822,1.0845184214094779,1.204813375744597
-6.1960089694283615,-2.5998031862096087,1.516927275257023,1.195395229192336
3.237819175279458,-1.834094173010682,1.8790944533320446,-1.3878108284902524
3.8550247415910657,-2.2620635979624404,1.4497605439634422,-1.2053936446980102
-6.1960089694283615,-2.5998031862096087,1.516927275257023,1.195395229192336
-0.8932194488264683,1.3974987174495372,-0.3577753294363704,-0.7228692972034686
0.3902370524634305,0.04719926108070137,-0.7224682587401189,0.8330954459923269
-0.2698784234875858,1.9027740111097602,0.23050354409638035,0.2707379872857143
0.3242331290047911,0.16042551070309255,-1.365329532981854,-0.7626416338805502
1.312725530270005,1.629078595939743,1.948005599750478,-1.2256355471756348
2.092845011614914,0.7479026776714687,1.2179430474646291,0.8319469874356983
-2.304588233456309,0.2874097602877676,-0.4112035842947089,-0.9499508109965987
-6.1960089694283615,-2.5998031862096087,1.516927275257023,1.195395229192336
-2.203784435321336,0.5176544245504734,0.3027577221647993,-0.2531081609198174
-1.0721289096803028,1.446291227383468,-0.7637882958875782,-1.9520626964507644
0.6618277368147778,0.84186035714607,-0.7134980449598298,0.34666904021751394
4.396323541363822,-1.6013113844128024,2.1193417446509746,0.8200696725245473
2.3186064415021512,-1.1595098400574548,2.2148311210008065,-1.1620768981145888
-4.0150419033691955,-8.790512150682185,-2.025314298023738,-1.8691900911182011
0.9737415324702519,-0.35779736147848445,-0.9537273130988022,1.1046081738435667
0.5684845941014228,0.4487882741064492,1.6059185211257851,-1.8101368156031605
0.27338741109006476,0.7207633974345519,-0.7671306797468681,0.11013121551443195
1.7130087403593421,0.07298262674512228,-0.6306953895790993,1.9014134548935149
-2.0154255210077245,0.5840634471081577,-0.21781478084357422,-0.7769911568790575
3.3367514247395342,-2.84464143217937,1.7657602554685317,-1.9923895985274136
-0.865215418776044,1.4314663557324894,-0.3849832344579586,-0.7985877353011768
2.173852994003923,-0.5446468971819548,2.1771818255407847,0.5773834905934413
1.1732523445216658,-3.6087655744044023,-3.0809204916233712,-1.4626483718404983
2.7764131086592956,-0.2941691366678114,1.949091108129168,-0.03915024619983186
-0.1482364255818297,2.046582045633855,0.23144553315847888,0.14819505041356823
-0.6340107873271787,1.6442036427835176,-0.34394058362850705,-0.8176468919633875
3.2589747931578263,-0.5090643406734688,3.2136244400221843,0.08681353489269034
-0.27206360262058127,0.32258643362276224,-0.5980396699065372,0.17992007499343668
3.025000081483973,-0.19045231697017106,1.5776054854113912,1.0241993318042628
2.0300991282629344,0.2750918584906756,1.722917665327913,-0.07440494021438268
0.6336632805746123,-2.1033081821939943,-1.676694767599273,-0.1222655287747335
2.0263227607743604,-4.843794602718571,-1.4951984518294286,-1.5456196505131343
1.6963749214635535,-0.06258167957565128,-0.8745454419247003,1.6575278986370863
1.1999370453750275,0.15067132118202897,-0.9617617149705793,0.9208826116729569
-0.6418163103207686,1.584684794685198,-0.42766897693698874,-0.7898820959111632
-0.39429549294175975,1.8507113615686912,-0.4207172100527032,-0.9470503878621103
-0.8161592222866965,1.547219945147641,-0.6063893549942712,-1.3796568493296868
1.2203882621185087,-0.5710105050107719,1.31312040189573,-0.1024548666777118
-4.4409951101682,-1.2543770256993647,0.8700503519302536,0.5036405738495574
3.0881085855125394,-0.4599505737079447,1.5740402589539486,0.7959184302404199
-0.7437359566785624,1.5245063987130012,-0.28772909764494364,-0.6153782503771369
1.565779365861329,0.7644051672664733,-0.3056941322530828,2.0299097503095163
0.8439315928364721,1.118539001318656,-0.21565254267123435,1.2727917475948318
0.9932173236471771,0.45434715216964394,-0.7325795856576485,0.9997957564547896
-0.3099490819700531,1.8987768671256253,-0.21065099022592218,-0.5334878650224746
1.7459912496659922,-0.5726853349689831,-1.567854626604458,0.4030072750025207
1.3859321842655403,-1.0668895733090438,-1.630611837637036,0.4778979755324182
0.6902341848671595,0.6235936456850412,-0.31605700004599324,1.3807683995742581
0.03379240342400827,0.5195517730899848,-0.4254159465554372,0.49669854929529195
-6.1960089694283615,-2.5998031862096087,1.516927275257023,1.195395229192336
0.11330162943344657,-3.033937469039614,-1.8369502100979471,-0.3915043947588482
-3.7078601926786097,-0.7009272424038643,0.8994022332219217,0.6390371268131094
0.10220462295337125,1.1272282700928828,-0.3600148701275345,0.30968353483287503
3.783552527283851,-3.45235213716679,0.8105531651389416,-0.4889241614080664
3.3471183260588306,-0.6255824232530364,1.4969040302613759,0.4623455844064486
0.7714261666286385,0.6249547511602737,-0.7600554039064049,0.4128908356842357
-1.0424251340770008,-2.6730004676309407,-1.108392199755662,0.09017391662039473
-6.1960089694283615,-2.5998031862096087,1.516927275257023,1.195395229192336
-1.0636504320741194,1.3023158747214671,0.02191036264092169,-0.23159608259353046
0.8919783074820511,1.258990752714241,-0.5697136172990322,0.4989395388308561
2.8364180172387865,-1.7864226848608113,2.5448179555107453,-1.3090495129677568
1.0840760561104525,0.3029454784670483,-0.7661495117522076,1.0942587158451784
1.745976580759055,0.7173191246545368,-0.8257645534687209,1.1802969866353148
0.9562813751486839,-1.2124420475367939,-1.7614214007198903,-0.42518688640619406
-0.11694733465801163,0.13572095249616895,-0.5724981885205315,0.5392064438165374
0.8813440904400696,0.7432446540402632,-0.9752330310440815,0.044716323086354516
1.6301352795729143,-1.1217376708673845,-1.9342749155433565,-0.24417639124373897
-1.5378036592484796,0.952170230113338,-0.26163019564311835,-0.7856449143223558
0.14819859215262546,2.2451953743399553,-0.2244822179677254,-0.47764819685495397
0.9418304981086664,-0.046560114969828,-1.320817431024545,0.06016589710387439
3.2096470532345274,-0.9904392014163755,2.4229856680791158,-0.2120547395446429
-1.5149670312701706,0.9256088646385161,-0.3871048979976071,-0.8774642489337846
1.5763559711086732,0.5518435609549652,-0.7901554800635209,1.2535587272728577
-0.887688381036896,1.3590632165915786,-0.15443209368431524,-0.26299426447838264
1.7616640610263028,0.12355405038664559,-0.8028230659787966,1.7212261103384263
-1.0793543328085562,1.2471982654664278,-0.4085128796852476,-0.8160517498391588
-1.753238604821587,0.7915721953894949,0.2673057259745191,-0.003613064195293989
0.6735788612050461,-0.22101910686150003,-0.8465499914358217,0.9731992819743466
-1.8256825862927033,0.6448233371919629,0.12996340470995646,0.030852680121727358
0.5180935766278899,1.835486520913963,1.2157844054049984,-0.2906562865974337
1.942053281880651,0.5030624838785644,2.507702354843717,-0.42902601450681016
-1.747103826669904,0.8586271306843521,-0.43127488745775705,-1.2892661426336807
-0.3689413363050865,1.8328694939924322,-0.3994090105351243,-0.8068449554363228
-1.0755814065618954,1.3415587796990478,0.3540888570740467,0.17125249507589854
-2.124441293896387,0.47505238905232117,-0.21105497490260153,-0.7133245779052798
-0.7986754654659772,-1.0187061269220243,-1.3626141828023406,-0.9912924009796035
2.8725422898835533,-2.4651046901050893,0.5438258516804485,0.34947469172944184
0.27512400606652976,-0.714792675754378,-1.3904753707543793,-0.18446578356448243
-2.1353950093258707,0.5510461242593182,0.6263994604622204,0.38267544938848885
0.46179339612094095,2.4845596192956734,-0.030415767325715343,-0.10438450396450925
-0.9358071061305624,1.4964931933131234,-0.4377173787349677,-1.2201240399057462
-6.079202927781011,-2.5124290392396698,1.5961087494019894,1.3410280415159161
1.1718865389940174,0.8095342538667243,-0.2266787552462479,1.875582471225509
-0.08762943606809738,1.2655362253530282,1.1993954187514484,-0.5205499548866916
2.206719395698046,-1.0421244407255361,-1.429363433167241,1.3801749717217027
-6.1960089694283615,-2.5998031862096087,1.516927275257023,1.195395229192336
-1.3799938091427064,1.170751142021703,0.450211509637609,0.08542584485403262
3.176878919708813,-0.5297585068970714,2.1391318120614726,0.10083997647648683
-6.1960089694283615,-2.5998031862096087,1.516927275257023,1.195395229192336
-0.9343264459376033,1.3699466651416008,-0.33739460835111496,-0.7049124992271797
-0.9693391029386799,1.3276047516069882,0.013896593426814464,-0.09475177415213619
-2.227425230837033,0.33969473558170354,-0.24847273847828202,-0.6412649929640152
0.7164500265344425,1.189682817412627,-0.8285574319154366,-0.07334994052057688
1.9990184664004464,-0.39418709169375665,1.0613331943559667,1.1594100689825961
-0.47884623198301407,1.7942980571168878,-0.19058043728714094,-0.6159959465736505
-1.1747014607758408,1.1685509206672164,-0.47688407471374467,-0.9316191994279134
1.4110618312552259,0.5742696357083581,-0.7073776764059168,1.2328590833185482
-6.1960089694283615,-2.5998031862096087,1.516927275257023,1.195395229192336
-1.2927972057461656,1.0628665653438976,-0.28064351497845524,-0.574671962891952
-2.9252296074501816,-0.11840968320886006,0.356115733486263,-0.021656815415646444
0.731126478470141,0.8957693421283286,-0.5535894094270886,0.6975937689876206
-6.1960089694283615,-2.5998031862096087,1.516927275257023,1.195395229192336
1.2077493966807804,0.28612087591788676,-1.0471800771023216,0.6056995142115786
-0.6127561028990353,1.6606489696155924,0.11370003002301107,-0.03877521621892915
-4.7380424739256135,-5.836068632642948,-0.24030346444968512,0.16173375402663162
0.9482435374540156,-2.700953506401069,-2.0178535562141184,0.14942973466089488
-0.7347157968207704,1.5538409590699667,-0.48114656495340197,-1.0030946138032633
2.6254500609119615,-5.4464561104800095,-0.10693465490044787,-1.8395333741259352
-0.44188274179185033,1.7500699013846814,-0.034373839137882355,-0.12633041527819253
1.6789673510120346,-0.5027562661238741,-1.0802439250027496,1.5359985373524827
-1.9330430586946339,0.6147169645162008,-0.0912992447297081,-0.47254057613192957
-2.530168900357707,0.21256431406478887,0.4092870853271211,0.02400232060108483
1.8977848872170955,-1.1100193138986774,2.5243118347777522,-1.5498542687203047
0.0018095746204503029,0.32016571720708736,-0.7738224564330387,0.1027976256569607
-1.3050667743485662,1.098732311159482,-0.2600868849013303,-0.6816300701265379
-0.6003515162207538,1.6695008753939393,-0.16312583000738787,-0.4937372828269039
-0.21503961212308273,-1.2913389595029445,-1.406963457628044,-0.46350771103728844
-0.6135014721596478,1.6485169808993536,0.19933538827706995,0.1536579292332392
-0.28662067251695694,1.9008073460785517,-0.01295807595305589,-0.15917752672840094
0.6797149204966476,-0.35526099482415685,-1.273283833336228,0.149052269445358
-1.432885337857079,0.9986640267156911,-0.18268628205195972,-0.5819469519447271
-1.9926620683208338,0.5923072316379011,-0.16766553844951257,-0.6632097632268201
-0.8195240634111409,1.4752181699717049,-0.29881606704627633,-0.6689375288773444
-0.6859488676575208,1.6144791494271908,-0.5144372180412828,-1.1152852994444826
3.737623020397493,-0.312579927012813,1.9825017689391817,1.1386049830101979
0.5202921628150218,0.22497239059469124,-1.0607513426239772,-0.015270812988152744
1.1445336575771345,0.9361543372046236,-0.6877413857777173,0.8164929492693968
-0.18735336091541901,2.048583196815342,-0.2224280732767522,-0.6902237142492629
-1.0732654725822415,1.270930117284676,-0.38589531418522666,-0.8279432425715518
1.6267105583772983,0.5720517203750088,3.0226665297457216,-0.2663369498974748
0.09482076739616495,0.09826950850004408,1.6790733957782022,-1.6246492720307093
1.1235778156589398,-0.8932044398856402,-1.4798550318846064,0.19086900537148055
-0.09233142758927201,0.2002756453985237,-0.9265744831466464,-0.18910317523463574
-0.805849530221818,1.4608409655874275,-0.3101543129897098,-0.6194488669473484
0.8971056211203141,-1.8641328416879304,-1.9529584618750326,-0.25695014452624926
-3.539499185416632,-0.5702302288228543,0.44923424562775577,-0.0068192538517045515
0.23016806048185942,0.4234834107089128,-0.9653274592816581,-0.16176384367305746
2.216963465609537,0.04882756272057973,1.039373451722781,0.725920058890939
-1.124096208319775,1.1971258130880553,-0.4126083166886551,-0.7872333242018987
0.17820701260478788,0.8621301533417337,-0.8144100406693876,-0.222987216645837
0.9773736317564782,-1.0548268489505717,-1.6290896051095891,0.051100040830697774
-1.4341566078075376,1.0321051952568177,-0.6335583706511514,-1.408508205490391
0.2109013611040086,-0.024397644035115112,-0.5325488217175947,1.0520173690849839
-2.031002864531148,0.5078312104779833,-0.2967548288479244,-0.7410318738162822
3.394921185101285,-1.1675616934083066,2.5599816834683957,-0.050786105535873385
2.5785478425947432,-0.6585077566896171,1.1563984167985566,0.4358897651180501
-6.079202927781011,-2.5124290392396698,1.5961087494019894,1.3410280415159161
-6.1960089694283615,-2.5998031862096087,1.516927275257023,1.195395229192336
0.6286505830053286,0.904308976774936,-0.776693190164039,0.23669312351820454
-0.4337017836523386,1.7728859569884015,-0.12125139023201498,-0.32650798366285433
1.250444287049816,1.0602551318048734,-0.617835635870513,0.9331028023491725
-0.7439787321935818,1.5672208706229103,-0.17604898456602006,-0.5596779281623807
1.9636621819562694,-3.210827948966059,-2.7062420779820613,-0.06441388136706246
-0.8237490408690776,1.454738995574039,-0.3478681616537644,-0.7065581418270992
2.940351227093902,-1.3699135109930338,0.015489280414195023,0.5682105806053043
-1.5962349577013266,0.8798684968208532,-0.4062482369969787,-0.9669999154896359
0.6639587694282548,0.3922388653103275,0.9805915299766821,-0.3983590016434761
2.498745235575291,-0.5069532372766087,0.6694555037404775,0.2153321180988194
0.38208435480589464,-1.052755904265555,-1.2734403889860846,0.11253055334635126
-0.9535527739060575,1.429061871233825,0.1532444491369636,-0.12686000379789972
-1.3965606994593869,1.1585995683951424,-0.18105295383491996,-0.9299113270709344
1.8842867252421702,0.7305589448592489,3.0852206821904575,-1.977798391421838
-0.42476220797344016,1.7563317004736652,-0.1849916829323706,-0.36062702673303026
0.2969616095471906,1.7925675302540178,0.7250544951282262,-0.8021829915604354
3.625287682291171,-0.7502421642671218,3.2361526603455624,0.333723138314767
-1.8406342882649886,0.6843708049541272,-0.5291507869104276,-1.193249787568392
0.4725960175635045,0.1460989893617336,-0.32764769595057486,1.6015721689456095
-2.2615875904624265,0.5232556427861893,0.1264979227419524,-0.6727747232141958
-0.5834171664785835,1.7979375922828162,-0.5286395629434981,-1.4075375589390557
-0.9967298594248761,1.335307834172131,-0.26665990819284574,-0.6293582756741677
-1.6176422343405308,0.774702857086114,-0.290217961620915,-0.5344493170279774
0.7299977853360651,0.3381378705014627,-1.0139857691247978,0.24864544143829112
-0.6775389026599505,1.5939075452124232,-0.26779138402095765,-0.6334260901919043
0.4701435367589472,0.08450842512755488,-0.7309853984934142,0.8103161471251159
-0.8811128274506288,1.4310910143559092,-0.03989753933594661,-0.2543106645388081
2.1090784787748214,0.07463087599686101,-0.8117924122113461,2.029952385074224
1.0032931974869015,0.08363584608784994,-0.8524698210344138,1.0038693500990925
-6.079202927781011,-2.5124290392396698,1.5961087494019894,1.3410280415159161
-0.6607805178539947,1.6396395731564037,-0.5677332257545552,-1.2182471986688652
-1.3978589082442825,0.9510437046987016,-0.3597418131728643,-0.6407841745264548
1.9435492479320955,-1.168923579601525,0.7971591956635302,0.2829372478461483
0.856314078625979,-4.789877060011872,-2.5497465410566758,-0.35404308475533475
-0.8777440004890168,1.391392677321964,-0.3565845990304252,-0.6703386053390781
-6.1960089694283615,-2.5998031862096087,1.516927275257023,1.195395229192336
0.3796210570606524,-2.5572984336629814,-1.275521731207758,-1.4577053875877162
1.9081903587568463,0.5568661955585192,-0.8096106298455487,1.4545665518218494
2.2361891426487124,-0.3181760722068285,0.532338370315668,1.2488161302652696
-0.8460913591141443,1.4188181452776252,-0.07484760845246066,-0.19653912374648044
1.18942317047233,-2.2380111914448206,-1.9779557714213658,0.02738877324614173
-0.4576876355468309,1.731347690934251,-0.24117488822377067,-0.4613384887033348
0.8422789375514882,-0.08767761816091356,-0.9695622323046764,0.6700520033345485
0.4586986360223624,0.12615212062937936,-0.4071239067928459,1.0522430842406711
-1.773021439640695,0.6879793305683894,-0.2854517832073776,-0.6359137903031554
1.8549465141398587,0.3247174400933551,1.9251046094821467,-1.2124603761944304
0.4906357864411235,1.4003186243117367,1.717775565183213,-0.7633704478733948
-0.8644273570407615,1.3973609642371991,-0.22361092905898608,-0.4314439988193294
-0.07180475059508824,1.0264187827066709,-0.4819318723420303,0.024743660231463963
-0.17340526674415044,2.0019204676126043,-0.4718542814029491,-0.9529047074282136
-1.656940659803675,0.8623352613316134,0.36610340219417975,0.19401588317436225
-1.9267354570831152,0.6246792924233978,-0.1057231668853009,-0.4992410908132511
0.5152242962719062,0.18980723733797777,-0.8981558714511981,0.4319007787962056
-0.696069429850684,1.602835003468154,-0.6981482366593114,-1.4199369584695307
-1.911719118488605,0.7021987866304132,0.07487141068566013,-0.4871858557933656
-0.5847435105313619,1.6257749541855928,-0.2049102294799975,-0.39645351680936225
0.8556351754677926,-0.7808260336760118,-0.9683287151945456,1.107473914726884
-0.1976145051446343,1.9935974440718758,0.1138879737263932,-0.0026255923189276585
-0.5190497100755911,0.15027176318791197,-0.9851958367064145,-0.6245657972085419
-1.7686368792937013,0.7145458559476165,-0.5883467059777939,-1.2160181835430575
3.1359421764291575,-1.2840561804854105,2.065137555140677,-0.03737065133994481
0.7816009353763957,1.3600777501344727,1.3311497164355393,-1.4367663143154312
-2.291930502377402,0.36599305341598753,0.05213510276878105,-0.40173876761309646
0.9696939332696214,1.0313065125217589,-0.6685776504347269,0.6286906108713415
0.191629633532132,0.6090556877603248,-0.5814277334719158,0.5051307141418465
2.250920852674844,0.9556753856923343,1.4264769867540639,0.4476991886251868
1.815205343486058,-0.9781027177032893,-1.1431247790516768,1.6955159606815537
0.37935906623134014,-0.0950302456749031,-1.2139464799967021,-0.18712358893544098
-0.7587570317778951,1.5324656618359167,-0.05228407018311073,-0.29067040786618253
-0.7986535649015638,-2.8464838425977597,-1.8462365906634424,-0.8089888311758593
-0.42788843861456266,1.8000904471710175,-0.1461699156280125,-0.4368749470324438
-0.6118670726176684,1.718499365212131,-0.06878088930892903,-0.5326379468803031
-0.7984340234214982,1.4616626999514484,-0.2718970255559832,-0.5404051846588255
0.7743126612935909,2.2649944016763874,-0.10668548078517104,0.23640421535217407
-1.450700609503079,0.954740039049074,-0.17270341361883926,-0.44934640841365003
2.7858663971482764,-0.7295353925247955,1.4589906347062491,1.5314893002896939
-0.9894394500248873,-1.9611978995243948,-1.3883941895068888,-0.5344788876189867
-0.08160916295438973,0.2670645498575214,-0.10747461538189354,1.2919625990014882
1.123796313621103,-0.11160560364196846,-0.7739299016294854,1.469882181603998
2.2997646030354435,-0.4146940605474313,0.6639940378772854,-0.05382177055439516
1.5232096743394132,0.8620264076053475,-0.31404526137925504,1.915822804691628
1.6803954206676082,0.8506888473915358,-0.6090491592656917,1.4969014759268735
0.3104309493303228,0.9964203751499132,-0.2215763672136386,0.9495831856793535
-3.7645782150214653,-0.6750522657875718,0.7105884699690236,0.17340827038601628
-2.5412151563342453,0.16760637960472508,0.38129307020467634,0.08836749510791503
-0.7831024520114068,1.4629033148449502,-0.16139920708458108,-0.322702751389725
-1.339588364411979,1.1467367953701189,0.07092385439782307,-0.3255770488495761
-0.22445320811436098,1.920940044985905,-0.22039219992376072,-0.42116775432378584
2.8944807635958343,-2.15034948011895,1.3051870518061472,-0.992903301274707
-0.17276145534336038,1.9303639676677171,0.21593389505055008,0.40564193736497395
3.349946684762224,-1.104314131787878,0.9621069965088507,0.2806402158545459
0.16212052036687355,-0.9195978719813234,-1.2892302302493925,0.008560242416400717
0.6465527639371982,1.3196201996557253,-0.20365653575762424,0.9167023816106709
-0.3623673688228859,0.20777623749381732,-0.4194940898858916,0.4536415289463366
0.9584444665481552,-0.5190996711441843,1.456716779288648,-2.463414344475978
-1.7093605523954236,0.7592653878482706,-0.3381068651874852,-0.7763484325924939
-0.7200965573258434,1.5601714624065441,-0.0830431019199149,-0.32415701102733746
3.57631698786117,-1.8486547214860727,2.1584082658042645,0.3590761807394072
1.233162432853459,1.2699889807908034,-0.4236937009491459,1.1452003826500226
-5.600265763305089,-2.178258659312437,1.3771188601621294,1.1691550446579984
-0.29968446620987155,-0.08746819222655579,-0.3584233964693263,0.9297840859882014
-0.8488887168527544,1.5032189039299655,-0.20881470808773897,-0.6637716569061716
-1.1809893695592417,1.156800918617589,-0.011439315422766515,-0.12728469191525463
0.6934715407286239,0.31963399808114223,-1.0927128687246181,0.050327214024435796
-1.5593520196070976,0.9114250170339884,-0.4156394471859231,-0.9863703707993269
-0.3807881337329173,0.8750175952687603,0.06315997669729997,0.8590660819815825
-6.1960089694283615,-2.5998031862096087,1.516927275257023,1.195395229192336
2.0361103347687037,0.7694005649592391,-0.3893642864035074,2.2296016064175816
-1.321645915042919,1.144410024616424,0.2102003955836414,-0.09016840652996876
1.4357713480463499,-0.7683597128951035,-1.1928819544885032,1.2244740494328021
0.5460369605381269,0.26271488632930956,-0.8890231043704525,0.421210232339507
0.5978594231329146,0.09345173412918047,-0.8485601340406267,0.5692264643154232
-0.2563509245845532,1.9353507708636686,-0.7368076639291053,-1.4079805255202893
-2.402917449114379,0.2975803155124382,-0.2630383545658241,-0.9423886565124312
-1.4448054038288196,1.0855406441287554,0.2325983422087853,-0.16095197687425492
-0.9826866576803848,1.4380910139792935,0.014415213321971244,-0.461212330710586
1.3757362521753604,0.2560816746425239,-0.7576380428500974,1.4184427015601733
-0.2893963142476172,1.325133385035763,-0.2456057807634345,-0.12199079590063451
-1.4517875871527626,0.9707905575414048,-0.05095426806781158,-0.3108543619566591
-0.8295387884240158,1.4662969103563788,-0.11700906884048451,-0.37341171235475024
-1.323009225351887,1.060461170548087,-0.3634630003262059,-0.7755491538227055
2.5030751935629554,0.5331181837672433,1.7069388827729182,0.36273547924654076
-3.0690484280773247,-0.22368994649338594,0.3435139975846001,-0.0386548819165165
-0.3215447848186948,1.8851271486710206,0.3187987740886617,0.3430801654969498
-0.6535054151814315,1.7085875946689473,-0.10674463699987163,-0.6411313380374091
0.33718603906049005,-4.013979012979344,-2.6370813284195065,-0.9492439382941459
-0.6900271353498263,1.6227597037532921,-0.3428617107839694,-0.8546257552745811
-2.3994646359650873,0.2697420959242444,0.1323599182326252,-0.24417588381299157
1.059262347412701,-1.3272949091454689,-1.4622293891543119,0.6058828566058525
-1.8422734757209218,0.7659082463011795,0.7420579483006607,0.6343205827564508
-3.719834056087942,-0.6454554414759429,0.8976489297434729,0.4818066606304621
-1.2687611010564357,1.231632419315421,-0.26670433445167013,-1.0278742817523192
0.22878350191453453,0.7623562041708609,-0.4694641679203874,0.5948726628980392
-5.996327722334148,-2.4504360953922966,1.6522888993736964,1.4443561662507634
-0.4717858010787642,1.8008372924108467,0.06893464134422618,-0.1770707845760567
0.29494242408032273,0.8449287746710125,-0.38643846311308105,0.6574762444221429
1.9214479777209257,0.7556095144411076,1.6309899041814748,-0.20534489629139366
-1.3113750296238975,1.0942525949080997,0.19513160837272028,0.051841551403580356
-2.326072214971536,0.36534552016738947,0.13998257031354655,-0.31579221801216834
0.6281499518042761,0.6809833228900557,-0.7818329301630974,0.37007463981956595
-1.3853156483770386,-0.42423992349379147,0.023365825694107098,0.8509702723224173
-6.079202927781011,-2.5124290392396698,1.5961087494019894,1.3410280415159161
1.4174824879770598,0.10335352146438635,-0.8795480693463604,1.2582127573760131
-1.6933832666546837,0.7807079350920022,-0.17678963224500757,-0.5242108580753502
0.8480367863177571,1.3200689244799706,-0.8321688877797748,-0.05018165096599396
-1.175853546649702,1.1863744678573709,-0.40073841058998566,-0.852454069726529
1.1448334333983996,0.6903052859734695,-0.2827337666110941,1.8066944915057859
-0.044237594106619274,-0.04148587270547905,2.0311725228102633,-1.5132383275862058
-0.6314665746900339,1.5802880737396627,-0.010457202152915256,-0.05562079626531751
0.3238991218910369,-0.18465720780074033,-1.0659598065372884,0.2041041313058362
3.277974523598922,-1.8266460628184347,2.012059444568174,-0.2986407586395256
-1.5290228488350919,0.9328834533915249,-0.5169850954376074,-1.1504836125504991
-0.7633682314433036,1.6136853887835205,0.08781262074780301,-0.32473344637981044
-6.1960089694283615,-2.5998031862096087,1.516927275257023,1.195395229192336
1.076144242638096,-1.2548882603924951,-1.5718444526852702,0.36466258152202474
0.1683321517885714,0.5514013991221466,-0.6803192820718605,0.3294030449609296
1.2547950484711843,0.7075068451418792,-0.98488376540108,0.4877763518926957
1.4060327007977562,0.31970828367416776,0.7586589652245774,0.29381767635451433
-5.932044718872375,-2.4023506324066117,1.6958656091464361,1.5245036864193553
3.1025462140804283,-2.071635208679081,1.6519674623463476,0.6659401118007703
-1.0981799405018475,1.1900897167959177,-0.3179759777752627,-0.5506031790052056
1.2005435611496338,-0.5024101071600511,-1.4532670919647497,0.15451443239472468
-1.3836604197694187,1.0121195697831895,-0.18932272039901113,-0.48367236245736944
0.9091380152148153,1.0647541129279838,-0.4277536196094243,1.0428382782413004
-2.5903085449028285,0.08065245254253806,-0.02232651341115834,-0.36272265233711554
-0.1899395516765347,2.0914339171207823,-0.39989478505124404,-1.1382611760388672
-0.8586179072440208,1.4899915893597635,0.34877568035124995,0.2413861747985441
1.2977286186985144,-1.5071685242635067,-1.5346716810653973,0.9080987511730785
1.2076894493087544,-0.45263687883156933,-1.0454665003849226,1.0317981233158198
-0.5380305758625,1.6523367318346007,-0.2195114726274027,-0.38963160360467697
-1.5364843287972232,-1.364034681330253,-0.31975683480099,0.530730669538778
1.9338669848584453,0.8642795898817066,-0.41603234493968727,2.089932728795063
-1.0078509577249681,1.339910930115692,-0.0966107533663482,-0.4172272772839666
1.1792685164671917,-0.12643839854024216,-1.1440021262452122,0.471825209209231
0.9104228354657478,0.7220468168389549,2.542906069558782,-1.4403588375295489
-0.9791887412127251,1.3321898631377431,-0.48004223653447947,-0.9450731842604357
-0.3289307131894963,1.9092959598067387,-0.33937914731854796,-0.84514585921654
1.1155959767911123,-3.0719781177329004,-2.2591761172301275,-0.6204413467275067
2.8665990227919402,-0.28919019439329324,2.5995159034845448,-0.179374061748362
0.7129488812371408,1.289274588872685,-0.023992838884315828,1.3546914693420193
1.7108388453491463,0.010154424524817712,-1.1700116978222317,0.9426879572328711
-1.8033177141970893,0.7766557219109306,0.24099523225880704,-0.12013702591197602
-0.6650802303494666,1.632331630122982,-0.519803248825192,-1.1263479235367537
1.586756298377206,-1.702213110057378,-1.9176320409446173,0.4143103968893157
0.7376651564964621,1.2380797957625869,-0.566071023197932,0.4361494083810196
1.4377962062702268,1.0179517048040556,-0.3574520200954598,1.5708166321264863
0.13262292244256263,0.9240250278038655,-0.7058376095013239,-0.07467461906961669
-1.2013406084831908,1.2669192690614803,-0.03194474002491079,-0.5231966023794165
-2.088933621868087,0.5235945508806021,0.2467038650295959,-0.0659832473192171
0.9810534387410531,0.8897378901186768,-0.49806251133509694,0.8961572247016013
-5.996327722334148,-2.4504360953922966,1.6522888993736964,1.4443561662507634
-0.3492750050100369,1.8628044277068567,-0.23385697177922407,-0.5629198216274729
2.4777881206754646,0.583760144223949,-0.34106441561686346,3.0050382038214867
-0.015997071177248186,0.31760065617934025,0.9812196865849101,-1.8508023144787116
2.333671818575999,0.14410843594092468,1.2788962633873642,1.142412845440556
-2.30822801888333,0.3080661625607025,-0.26496537653910074,-0.7630138708701946
-0.19681261389025345,1.135390655887198,-0.2171902741039167,0.21100908936006207
0.7441902183316427,-0.5132583799938794,-1.1578506038092258,0.5913440954342669
1.2381799578906927,-0.6799869217289759,-1.2092582756980483,0.9875475909653141
-0.7710419584194298,1.5299087447909536,-0.11649141476052105,-0.43447021225512394
-0.442750781261505,1.7654934939046962,-0.22236866812186287,-0.5030132846916388
1.0872459243020058,-0.005570081696316697,-0.05391829201568777,-0.015673608917419177
2.127387459995284,-1.3909852439690695,0.3650938250185714,-0.4169664946454939
0.5985540686567867,1.1846753757965525,-0.19259762100361427,0.9495680551974721
0.8731883848583439,1.160823043448424,-0.598923895200835,0.5724838479051643
1.2744760376488864,0.24833528497796395,-1.0896626365704667,0.63510629429119
-1.4286546461756937,1.0605892122866412,0.02097542716148856,-0.35561818007642537
-1.5994633672865093,0.9849246330239427,-0.469332984497654,-1.3677170947981172
0.4313515628047025,0.7845879861627408,-0.44075794947213387,0.7719878591042347
2.5441138333203783,-0.02512291489717972,1.26341864589154,0.8332507233681612
2.98886258647236,-0.7657668657261683,1.7105324655125682,-1.2358396872978747
-1.5905514503788196,0.8797967113609595,-0.3433010731856298,-0.8467159708080398
0.82428731242708,1.1367629213515151,-0.32265903819603486,1.0212396825397871
-2.3468555272309697,0.3436150863910268,0.576655376424706,0.36880750563401415
-0.6546129968053682,1.6194903569387233,-0.4650602799932177,-0.9753589484997541
-0.46272572710824533,1.7964625004623083,-0.5834821111941894,-1.229263210259639
2.991045381455907,-2.091859303035197,1.363354049522938,-0.28772912699187386
-2.6919788003270027,-0.9009650150230315,0.293493396596695,0.5243646392999807
-0.7842813529515648,1.5971632736256145,0.2113551692053837,-0.1163686847847883
2.9142645626030985,-0.04342031810418849,2.252169593117257,-0.2934255018933947
-0.6777504266903993,1.5962032058720574,-0.0003113043499422744,-0.2014357382208156
-0.7660181178332436,1.5283058851285243,-0.39475316239507535,-0.8565711336200472
-0.04793597956655555,0.8491627263447358,-0.016359374210644456,0.8972049354949219
0.3091242915289181,1.1610096109650667,-0.2674299953612277,0.7596540684153315
-2.347248586972397,0.3445993591395422,0.45090273695259225,0.1628848687213657
-1.0743380780942953,1.2564244413928005,0.030830249762315267,-0.10286689652357421
-2.3931642771105515,0.40622500503477715,0.6557038737874574,0.17048362355533875
-2.322647914637852,0.36625603754799013,-0.28351463249769854,-0.9846194165589554
-1.312680201963118,1.1161213823927245,-0.09171842386429777,-0.44041420637856876
3.6098475609074363,0.5611387785491543,2.978781240428903,0.6618412052126547
1.8176323009793822,-0.5920697290569008,1.2748051673671619,-0.49689189947796664
-0.38609699356450894,1.846593588192277,-0.5009690972394201,-1.0542937907370737
0.8965728299913533,-0.5764929149141157,-1.1822229407045421,0.6719372685205657
-1.9602895439637602,0.605805897524178,-0.3525122289705213,-0.9436977987397023
-6.1960089694283615,-2.5998031862096087,1.516927275257023,1.195395229192336
-0.9123432355043627,1.424433966475775,0.04105911107467416,-0.20292307640120463
-1.9010666144658435,0.6886156609055913,0.30376509823012227,0.01285349825634964
-2.794708915069847,0.005457073650440768,0.6057528692701154,0.3383034716706628
-0.7763862101187685,0.360292383756171,-0.3160685520709659,0.3613254989439049
1.8202189885711237,-3.660262299584415,-2.868326844505122,-0.5127794833917322
-1.3706878227306185,0.992705898247591,-0.3869205733966751,-0.7387338381589599
-0.6681299835163045,0.15568545674115158,-0.5820453535395558,-0.10979642092625656
3.1947935447504294,-2.256520635323706,2.9525254981488116,-4.594431771423304
-0.6299209434986011,1.6846219345870082,0.4678955590040316,0.43464586345979755
-0.8681445994811676,1.428969033797472,-0.19737728652521105,-0.4797901191650741
-6.1960089694283615,-2.5998031862096087,1.516927275257023,1.195395229192336
1.4942237775567164,-0.6878731372119157,-0.7789355046404529,1.88866043732437
-1.3238736368491382,1.0416191737855116,-0.301974801230293,-0.6223681907902806
-0.2684158423713802,1.9533842299448776,0.01466623827360728,-0.23956282545137883
1.1735872692953428,0.57478055391977,2.1671377033131423,-2.061665373799579
0.6540843713823594,1.0629495223792602,-0.5951922594233121,0.5001046963571307
0.22911345889399523,1.1124380739814415,-0.30613486055140626,0.4782923783078551
-1.0260657157449145,1.2841214254503195,-0.11340565326872354,-0.3173240187243685
-0.345549582025054,0.26279681801289917,-0.7157288876630098,0.02695172514710016
0.8578303686208827,0.4361875820766828,1.6361605615152515,-2.081773772732019
-0.24489341713944746,1.9129812555686747,-0.36183957583285103,-0.684731757801346
0.19544741976239882,0.9665255636335591,-0.7455125274220882,-0.2048548879035569
-1.7920997252219963,0.7258928760132694,-0.541582405003514,-1.2188838001210152
-0.593852457824852,1.6894961005974805,0.18792305950211904,0.053799055189933505
2.2492483973966366,-0.51931887368887,1.5736928697063843,0.6914489719631051
-0.7601834711465055,1.487410231380908,-0.3923471128061678,-0.7296668217672713
0.12671370265429657,-0.28675748085893665,-1.1885443006621124,-0.22570174119069739
0.7558263024242158,0.5685441622661155,-0.8615856839456774,0.42748827775545234
-6.079202927781011,-2.5124290392396698,1.5961087494019894,1.3410280415159161
1.9723319854590062,-1.3711239473278638,-1.8545095515106513,0.3832350793789771
-6.1960089694283615,-2.5998031862096087,1.516927275257023,1.195395229192336
-0.7629071369263014,1.556087529162695,-0.4493855724026094,-1.0678241518050948
0.3603572837567534,-0.0073287028547671254,-1.1013473042419755,-0.07111470984069711
0.9731588148497573,2.0098974638084424,1.0229490398226369,-1.0087561273689507
0.29343107500811,1.03309494793477,-0.6565665653656861,0.08339091690603626
3.367309103881911,-0.3319671213821165,1.4274527254822607,1.133848398739729
0.5225167460976998,-4.398461867204633,-2.6569233076995236,-0.7054510420655904
1.91855856186273,-0.5586822571461766,0.9226270125441818,0.3201778568615001
-2.305030611308059,0.5173213927165138,1.0249923449634395,0.6769512624738508
-3.5627430444346015,-0.5398167292643482,0.6974146366476309,0.23384729518156636
-0.9353593898390902,1.4230821554484345,-0.10705617459359545,-0.50135284948464
-3.318703284093723,-0.3812180141460752,0.3952225028235109,-0.11845359224190001
-2.2861538926834895,0.40273323856710347,0.5620989073750781,0.31107042428755
-1.5730123587172302,0.8283699963716049,-0.24047128204985527,-0.49530971543396707
0.9582427074259883,0.5060855138166969,-0.7897104883361331,0.7697811418161642
-1.0122435330015882,1.3917641760303086,-0.1832219522834008,-0.7035160714195926
1.25555835841044,-1.4597940454020217,-1.4136394933157366,1.000529170185406
-1.4960436055971824,1.0442588743855301,0.41396737679149376,0.09649829805038204
0.7430031190505615,-1.1207864655016286,-1.5178432937398485,0.028261336123793383
-0.34147788611736024,1.8648319608701214,0.20147609470423203,0.15135854902250145
-0.8700071294184755,1.5165666803416735,-0.18723981261405523,-0.729215972372375
0.656620388423909,0.04061910193361656,-1.267718421690735,-0.20155480005969562
2.853562142234367,-0.8239419767050397,1.03125451840561,0.38998235775435136
-0.8797000788421897,1.398288264967601,-0.2662275859080679,-0.5397823801580532
-0.621595859707408,1.1122407887936336,0.020999472730598847,0.19667259799392922
-2.5821177229313146,0.14854747740761376,0.45989693818099997,0.1787571139397792
-1.4732256334379914,0.9383589664857656,-0.1103004491228366,-0.37870241045340225
-1.8097496954325893,0.6733510409441639,-0.3130376614569828,-0.7245892898991221
-0.6728767668822462,1.5897243684323668,-0.13865455759640313,-0.39488490828513023
2.3322802937665323,-1.0428258514968203,1.6215759994669883,-2.018703224728812
-1.953843733947527,0.6080473167023159,0.3388950280086549,0.1821945078617396
2.405654543271058,-0.5602834867714861,1.1523467525312654,0.65343105674417
-0.37032686592731673,1.8286135327406765,-0.36276124446260233,-0.7592073160192931
3.553102853377758,-1.2446182300592663,2.216313674935999,-0.008664637499163705
-6.079202927781011,-2.5124290392396698,1.5961087494019894,1.3410280415159161
-1.6848153179266732,0.8414929115690094,-0.42275838905537405,-1.088577797198529
0.8480255014767561,-4.257481943168616,-2.8158667845724197,-0.7428608817062025
-0.9998336985173317,1.3534045497916019,-0.38845416615592004,-0.9422087788575039
1.1437321764376702,-0.4037353126321473,1.1244564884754318,-1.0263447276360607
2.529066939344146,-0.40280077388801827,3.196832839942124,-0.19145106946743595
-3.659855047658626,-0.557106073337086,0.8748298373840753,0.3306880700995319
0.9476761382013235,0.0030057231982866263,-0.6916455374077582,1.3131263936424338
0.2875795481977963,2.367333294697445,-0.10729167130544154,-0.30510025364914733
-1.1104341325421327,1.1840066389425379,-0.3723072863209201,-0.6534590427328227
-1.722309160310189,0.800819197772018,0.26078900280859074,0.039911458763966935
1.626322952354999,0.7156584326822019,-0.5738874084204458,1.5583704975987231
-1.2590852426886603,1.147584660022084,0.001843242919768042,-0.26551895647008256
1.0374946265812361,-1.3310051523469029,-1.8205788569421342,-0.15221168496555354
-3.070246501389849,-0.15950837305759072,0.43262423256097443,-0.1517023781183892
2.0467038863581637,-1.4761831319890324,0.9322897952991668,-0.41798962329127015
-0.3187533509768281,1.881889108228667,-0.4551677980735271,-0.9226066441450939
0.020838107147805596,2.1339445294793977,-0.0652239034182934,-0.1950996880249882
-6.1960089694283615,-2.5998031862096087,1.516927275257023,1.195395229192336
-6.1960089694283615,-2.5998031862096087,1.516927275257023,1.195395229192336
-0.5770178041309507,0.1479528935234656,-0.09458738786765974,0.8661536709108401
-0.017903703243975843,0.08737477387727965,-0.6164426086072692,0.39861616663229527
-1.4496235525628178,1.005304291568394,-0.4436402057312922,-1.0441187956673048
2.937598389072133,-4.852456923589764,-3.1360485743212423,-2.1162377030379536
0.5923777349361604,0.7455829635931595,-0.7437035128418144,0.34542997046978885
-1.0821798465731787,1.4134101110513346,-0.15963407022818363,-0.8894241438116949
-2.8852551326074427,-0.1150573880911189,0.43570721433751936,0.2234819551426433
-0.1522677264019626,1.96313394972983,0.053028413498373526,0.08340617781078472
0.4401252081424842,0.16628160342232934,-0.6306280497970914,0.8393638528744156
-0.8676572319327025,1.44649051089942,0.06579053674978337,-0.1138777416173299
-1.643348051353406,0.8709865980723827,-0.35333483981675423,-0.9571955003878895
-2.7053371413833425,0.038815477316270226,-0.18644167098090472,-0.7843570574874283
-6.1960089694283615,-2.5998031862096087,1.516927275257023,1.195395229192336
0.25451703329403924,-0.1086654012257787,-0.9297241266964559,0.2747567197411136
2.1515794732727014,-1.5492744416877209,-1.948067775543462,0.7433892750335734
-0.9939638475713689,1.3958564554911441,-0.37724834200684193,-0.9742573067375283
2.633799633330721,-1.5171830491941984,0.5887093351852541,0.20339014543411046
-0.0805609862853043,0.21759757993216225,1.6273723810470204,-1.548551471449798
0.7615973899769809,-2.9219347338888992,0.9273824687799022,-2.9024856555675385
-2.5287171138501443,0.24761940861811593,0.9061788965190505,0.7550183368432327
-2.5395925485749324,0.34917909904256134,0.25167566265751273,-0.6582806185211292
-1.918098032146812,0.8458120770628493,0.3736672834276243,-0.4400547627760705
-2.7811297806801454,-0.02604504459637549,-0.16743245121870085,-0.7451183589897552
1.0224743501804727,-1.208821572633258,-1.2990593281952683,0.9274301729569225
-1.7678831443121465,0.7771819002218894,0.13973295240503625,-0.16982032149486873
-0.33423258109172477,1.841521493133167,-0.2981468352290934,-0.581679309039529
-6.1960089694283615,-2.5998031862096087,1.516927275257023,1.195395229192336
0.6349414341258882,0.3397152992872139,-0.47516556680145794,1.2677979341273795
-1.6151958744908363,0.8855981546627705,-0.11608155368026013,-0.5726803315386418
2.073608047285194,-0.2072183765207219,-0.9687433033661897,1.898610918765017
0.41347837769613144,-1.5831415904766477,-1.1873296060140364,0.6012809822287847
2.8610633805080994,-0.8758208628417558,2.3305368801811683,-0.7511986187236585
-2.7021468887110074,0.09829879808649872,0.7523637820264332,0.5232379790674997
1.4411035924355389,0.3640626179762559,-0.8252590629633966,1.2311998868752063
-0.8399253687973546,1.4400113245543238,-0.06203767604793949,-0.2297215197439004
2.0242259071488187,-1.33223940404676,0.20793990047730154,0.4663306752653667
-3.4289632456368713,-0.3952402112156466,1.156455462028058,0.8718800710582261
0.05302807449724378,1.0657908133500351,-0.3091654482515155,0.4300448091095504
4.06126952212067,-0.9002310517814933,3.520623340559705,0.5387767430038922
0.6033012993802755,0.5303239456781865,-1.0524669724453017,-0.1619489665970067
1.3158016378783757,0.07838398747192893,-0.8268240876849812,1.204643453372974
-0.6752072985003407,-1.2009075043334518,-0.04678690287011254,1.5255844331039037
-3.8976256264954325,-0.8770098059542073,0.532405282049144,0.16556162850572462
-1.4840716475188465,1.0069982366260593,-0.16730392341401248,-0.6537945102309567
1.1881936268511828,0.49558128364484644,-0.910398726740644,0.7571072734470503
-0.4807858714289488,1.7622053174895977,-0.6546479928718613,-1.2981660789846625
1.6025200298941,0.5305230448919891,-0.7839316595691412,1.2128860824151695
-0.6569105666843424,1.7280304852469757,0.020709365029957596,-0.5272458360404169
0.4845434465709684,-1.8597272555214832,-1.7041074437692456,-0.043139189019811265
-0.4701433994101601,1.7327257167855146,0.13063555812734814,0.12737499875449046
-0.7372153109803431,1.5315048376005798,-0.5066900339678739,-0.9919352505586082
-0.3449751311314069,1.8747558068490189,-0.6427833802717314,-1.2806153343404307
1.8638901203170375,-1.5401023362357624,-1.8168377761897565,0.7193885577120893
-1.079198165436805,1.2731586181516832,-0.3950480261361777,-0.8769460812647262
-0.05853504452442112,0.39188892555559124,1.1632393060001847,-1.7728716257376291
0.7180776502092129,-0.3322207202990206,-1.2037434916378216,-0.020734261738846516
0.23361643590986697,-0.28571656894533504,-1.0270066866186467,0.154320814697107
1.1972151463267209,0.09052613089813963,-0.9561877662568181,0.9569927798651061
-1.7130359628443979,0.7799313827478525,-0.376590639912517,-0.9058191426056451
-0.6340791945919665,1.7140033990170798,-0.04267684307497257,-0.5033613279270299
0.33164114737462463,-0.3057591931478996,-1.0033429815402266,0.43354702942176065
2.205531693959943,-4.0719922051757,-3.279353212840307,-0.9933792166673797
3.616919343730347,-1.1352064812832037,2.4361798626713944,-0.3474483629828538
-0.505312789044805,0.10404849666704033,-0.8426010214710201,-0.2751868190103153
0.5094124432268018,0.012604884821604486,-0.20952772051839508,1.8131920617040174
1.529446540799993,-0.012502885258739221,0.14514385145731853,0.9713587144883616
0.3386072103200161,-0.4635816138153567,-1.1155976312189537,0.25777968809318347
0.5630221057057301,-1.2308887040435947,-1.518291396054033,-0.004643807642653881
2.1385953473907273,0.10714586455217877,2.0257398401488635,-0.7068150898531891
-0.8759786544352575,1.4402887558462854,-0.22665919535301274,-0.6000271492219943
-6.1960089694283615,-2.5998031862096087,1.516927275257023,1.195395229192336
-1.7246689958437886,0.7699775857358897,-0.373644540709617,-0.899740821588857
-1.8367243654808392,0.6655915832686127,-0.09159631913535701,-0.38689800946272757
0.21475035410625706,2.358792890091915,0.053874000884493865,-0.17999859254708742
1.0479507358232194,1.4242949321749485,2.2656952100876655,-0.8202790099568269
-0.09422290261082837,0.2869280322800483,-0.6170310577158302,0.10415672870527573
-0.12276751372345955,0.9254634707219784,0.8021157010242604,-1.2363086316057719
-0.3012862577663161,0.10082684192863846,-0.29353064510463034,0.8851172323214305
1.9693566981215593,-0.6864374357551467,-1.4387611064405947,1.0528350050167758
-1.2613729748771143,1.3037707937094662,0.017529594919543073,-0.731997106067503
0.7584784709008066,1.0898817154568896,1.837796191467753,-1.3171655949714378
2.8182692691554516,-1.908361778774927,0.9350744837456327,-1.1216618216420107
-0.4205263066975972,1.8263276069178298,-0.2447411534159636,-0.656199407735638
-0.4372844661221498,1.832693497177081,-0.23978812872693758,-0.7110732850439132
-1.551658587636054,0.9695284338040454,-0.19091837766593947,-0.7593227536269715
1.0369852879512866,0.2738239767092107,-0.6188354880409994,1.1311756837896296
-0.973854454826887,1.3211402552290765,0.05297204403370156,-0.029868900458485823
0.9879203907885751,-3.3073418189595505,-2.1934066945493815,-0.11116355959387668
-1.250404872820573,1.138405297320251,-0.08437720418932063,-0.3718085275639258
-0.5175797782165438,1.6569400960391352,0.0034998704000280064,0.02049942062190109
-0.29152076606297606,1.904526967538496,-0.5914573122929005,-1.155114845661347
-1.4867319718420922,1.0224461425872902,-0.11375548468895696,-0.6530235676333883
-1.9880263082170537,0.7060710401453042,0.707589651344588,0.3940023285277056
1.4310429270259875,0.9612152441808269,0.6468021363575067,1.1413629058007027
0.8775149104867664,-0.8582696509654055,-1.3192060467927298,0.5967895928798003
-2.9607370721069426,-0.07488550374986694,0.3054067473965858,-0.30384687664939086
0.42407977837339694,0.7302447845384171,-1.0489487427328923,-0.47484668158814014
0.7937549037155756,0.2165181754004069,-0.890773154002451,0.5087242829161243
2.5986035297990795,0.28315403373223036,2.762831171533401,-0.5282137730487978
1.4664138721828073,0.6681298029114887,-0.8295957901281336,1.0381254284419192
-0.006600203849439324,2.107295406578791,0.034295151531273625,-0.009952478266390882
2.536720565170086,-0.8347106647584155,0.7185759378534623,0.6984846781509876
-0.4569500982306818,1.744848840779236,-0.4178895390441963,-0.7958166994162477
-0.2691342523497807,1.885002606252487,-0.20603716521532303,-0.3988005268740188
-6.1960089694283615,-2.5998031862096087,1.516927275257023,1.195395229192336
0.7335434974488397,-0.0013495719833513241,1.3309996587166588,-0.09286199908901648
2.3851081848526445,-1.1282467693763683,1.0196155698484153,-1.0705667114787258
1.6852485731384055,-1.1413434154985262,0.8325624259693153,-0.5725303079440303
2.1954525810793424,0.7030807865946314,-0.46153067569447254,2.255575853934624
-1.0014096161839752,0.6676088758966039,1.011669367398177,-0.3201299805870459
-2.525730649053824,0.22298299036632319,0.32884005045723586,-0.0812947216117451
-2.5996398770739324,0.15280686965140922,0.15118402827531102,-0.35507267740784315
-1.5778074298349103,0.896331635300935,-0.22851356929782188,-0.6674824727311706
1.5910010395469347,-0.14992894256981798,-1.1139844413965558,1.0326105507514631
2.558915194062696,0.6470127156331313,1.484711421590545,1.3695284520548674
-2.455606814097357,0.2524999180940018,-0.2496251083615413,-0.9147220149716432
0.27127629085312344,1.1824966832429156,-0.25380793526939527,0.5089183101170802
0.17048699164496592,1.2791455053394842,-0.2406053459436852,0.45065249662494217
-0.7832751785118981,1.4810016441236382,-0.029260813076143383,-0.14766160462031477
-1.8952054909238911,0.6614922549797422,-0.3690546873691371,-0.9778215748348326
-0.4562721508919836,0.09684877688858343,-0.5946618425413643,0.22783217344865764
2.016932697787355,-1.0994830521552161,0.8548628507892925,0.016824584794661323
1.5871221738833152,0.4213391552101166,0.8821467844435622,-0.6513264083222794
-0.27843703789873964,1.9249449614259264,-0.21275082026180206,-0.5502833369093337
-4.022116578394337,-0.8365803222872501,1.1685090912993013,0.7292676266548691
-0.9457968648589875,1.3631707351367004,-0.3001077615021263,-0.6486784238999596
-0.36570242579089096,1.9460838439954278,-0.9093985276165873,-1.9770676551491664
-1.2775822250995819,1.0691529197887903,-0.36956716369354276,-0.7090551385149998
2.4761653229112164,-1.6319305381660483,1.3642370397228107,-0.33911634240604277
1.1059857523932306,-0.4746899912643222,-1.6748668152122463,-0.310348279332722
2.3864550649287013,-0.05500756107546855,0.852905842171371,-0.02940875002756151
1.2830787167487723,-0.12821316280282644,-1.1898772060095806,0.6490017189872352
-6.1960089694283615,-2.5998031862096087,1.516927275257023,1.195395229192336
-1.5647954408783993,0.9867988063498376,0.21456087922409434,-0.18740094125950937
-4.675589293782249,-1.457550718005246,1.2317399950966648,1.0742253470518213
1.9747277089883013,-2.182555193816336,0.951285898933064,-2.167019284936825
-1.5956426571248492,0.8810697294268733,-0.2240227444760329,-0.6582144011457413
0.8814332219335369,1.2502003167181883,0.017821746938169538,1.6777406965324206
-1.8488236177850497,0.7325655962503722,-0.07646312215301956,-0.6273147533538487
0.9011284663119732,-3.503252180090328,-2.639095222326929,-0.8271717556789938
-1.0646383302539182,1.2840559068384936,-0.1618573955524145,-0.46357625304535566
-1.415441323891555,1.0344534576035422,0.17066491083200178,-0.04504128197895917
-1.3471612117992418,1.0936833359328573,-0.2869379787947461,-0.7880209970557672
-0.4678133365625034,-2.2989754474477335,-1.0976696581702787,0.4268262774797496
1.356916005592981,0.6085649923607576,-0.7015181429694877,1.165006232450216
1.1969990812232936,0.8684060683674957,-1.585309835360037,-1.0355071705903616
0.31270641997544746,0.31908379669077075,-0.9004806184862912,0.11203067970855184
-1.0133016105588968,1.4863390795665978,-0.6206804468778309,-1.6796712342647362
-0.41975072471657376,1.7873298118324161,-0.389078049079387,-0.7789960550733952
1.2898439686443648,-0.8691131284356555,-1.910130987750766,-0.4770920506251746
2.2972507276279144,-1.5070636482171749,1.4692052358387757,0.2538575975872198
0.8973144178684848,-1.7076295629484144,-2.2494094589344074,-0.9692769252049585
0.38500297801145916,-0.0696819821980908,-0.6332659143100436,0.8901314598885701
-0.6664033650898578,1.6215912882027965,-0.13799512109944176,-0.4663753098152027
1.261216485048172,0.7710486919521263,-0.5520189369779451,1.3128001627468495
1.9133828506371287,0.9327125223388104,-0.4454112027873994,1.8957020633784365
1.5832942216629968,0.49529413163793456,0.6683814780793482,1.5086035068914754
0.5834732923315507,-2.1115435884045963,-1.5878225150372955,0.3962531586264183
0.49846029597718877,2.5500532874708677,0.04070721520871481,-0.08135429297960693
1.7369649288676734,-1.0622809736664078,1.23212488829606,-0.32724447615046687
2.338835873955149,-0.8040734390743935,-1.3054070561358142,1.6250206994922212
2.18373293596374,-0.8951718604270578,-1.382618911176716,1.523623191528915
-1.8010672021120786,0.7046056543631681,-0.3543365165866064,-0.8599007969221494
1.0285485622735897,1.5852082289263771,-0.4116971126060451,0.6914311988544758
0.8996608300411941,1.5697892219254723,-0.6285488231221972,0.08088393483754604
-3.2791116877185678,-0.2843954514873272,1.1496069837386005,0.8791193776848346
2.2012419699483368,-0.21555986544081335,2.1283844439279127,-0.8799831873649371
-1.5149670312701706,0.9256088646385161,-0.3871048979976071,-0.8774642489337846
-1.863400660047577,0.7024624133235134,0.053513253457394515,-0.3533825389720518
0.10648214398794756,0.30385267737330746,-0.9064501300295961,-0.053093075030358525
0.020121247690235138,-2.1762996528610326,-2.0259371204159913,-0.8757618704442228
2.0973767698596686,-2.098969958106583,0.24742866185532778,-0.43384936026895976
3.0572716526273584,-2.3206507313495917,1.6101858019723094,-1.0250628236996393
-1.044452399080051,1.2686417016843898,-0.42836209156687516,-0.8303850475251024
1.1597295944691257,0.5423802129384278,-1.2585037835355437,-0.09535259148403155
-0.15448873893107015,1.999086693310109,0.17180178073721605,0.16943264592726698
-1.120733351996061,1.1942677501699848,-0.18012894149194816,-0.3776004026379597
0.5276388075257057,0.214383486527467,-0.7455128813261004,0.5951048335239306
-1.6150575285265667,0.8063718005117073,-0.21142220447163987,-0.47955816171341337
0.28280402063438914,2.37160960470846,-0.0997588933623609,-0.3154901393357435
-0.8245293573127273,0.5314871095227947,-0.6241277153306779,-0.49917750872548594
1.7294372841398953,-1.061926175007965,0.4525627324067401,-0.13593067428539388
-1.2841978850365643,1.0881732920431115,-0.07326551731376837,-0.27182790585547295
1.8131586495020011,-0.7448887539566283,1.3919479456186652,-0.61224359512462
0.4990831899037786,0.6899682732502334,-0.5629996012681151,0.7461418093107751
-1.5816092079869724,0.9143354401375322,-0.12461170673708277,-0.5902770123294775
0.03957598371302481,1.2646371140145825,-0.14917863546229626,0.4619172072882685
-2.456449360523234,0.18119788877730453,-0.228350576172225,-0.6873749222991717
-1.3442446926683356,1.109020156419847,-0.6567194092201574,-1.4562527915759407
0.6495433636333824,-0.509701921019319,-1.1597139050902183,0.36207936281716535
-2.0086571069089394,0.5294922005197008,-0.00798632106409499,-0.29584104823782015
-0.4525074972357066,0.8215529381348408,-0.047828582009779554,0.6843992600942516
-1.6553891129782141,0.7820983812057499,-0.45294108095393143,-0.9142666704144863
-0.7634071424825901,1.668150743870685,-0.26500744563850426,-1.0499201381914485
-2.754517877178981,-0.0032710655366679185,-0.17409604418360072,-0.7588744399884826
1.277407705169633,0.6927563746129939,1.3462330632886275,0.06442532277159929
-0.043460477926849775,0.44974426219875596,-0.4347789012350394,0.4934822841737336
-0.45241704211664685,0.6271537170250345,-0.24057890039737773,0.5317725958049633
1.5593107808457949,0.7053510011543929,-0.6318243378539924,1.4261083188449457
-0.6081437268953427,1.6039340624506577,-0.2624894488400011,-0.4896197546194109
-3.75984760121577,-0.6174910941349033,1.1288050702069057,0.6673676951817907
1.5349177909359653,0.007953156718679166,-0.7305815404179964,1.683055300848379
1.9500264798136866,-0.18651881748723786,1.065912848446429,0.8270547594527513
-6.079202927781011,-2.5124290392396698,1.5961087494019894,1.3410280415159161
1.6789787067007167,-0.09143980535587917,2.2249631913579204,-0.9548968794250193
-1.511848389722206,0.9848537663805431,-0.2545831089621688,-0.804223075724867
2.0710848069709993,-0.9775276016770991,0.9634197741436488,-0.11327364778638647
-2.352061434958628,0.28264551223464146,0.4557764599185104,0.36213060436513034
-0.48463120488417055,1.7591950059116244,-0.12886340658747528,-0.41063319873723414
-1.1454138404899115,1.2148604136745595,-0.012778460170330262,-0.2179477865857071
-0.9787384848318345,1.5261774590837962,-0.7879405747518474,-2.001840889118673
0.10363062519427158,2.1864570561876415,0.24731652565646356,0.37456321521860014
3.398738496848584,-1.126842885106745,2.4178684485939383,0.39661697554841785
1.9664284076420162,0.6782953759056496,3.3285889606851558,-2.017054750866689
1.4101795472834975,0.017087417092651585,-0.9935766455612691,1.1294794186453503
0.29962778658389805,-0.7260738442099752,-0.997031567225459,0.5441271931604916
0.07511728548147201,2.2326424250644292,-0.2749906912720584,-0.6989905607293962
-0.024413479683889044,2.083121723179733,-0.1075629937656693,-0.224640265464401
0.7223169046177011,0.6001177444228373,-0.9894899981532882,0.07673046170961347
-6.1960089694283615,-2.5998031862096087,1.516927275257023,1.195395229192336
0.5788344062492367,0.670181607165178,-0.11061344135957275,1.4540149189841098
0.7760328267809901,-0.063239357424849,-0.7705734843098131,1.0591149923571794
-1.001663116852466,1.299492169712712,-0.49185688107692377,-0.9268697502716438
1.3308972004093083,0.9264555601187706,-0.2643728074002188,1.696610393041668
1.5890609340592365,-0.24156910096541787,1.0251321264425362,0.774257435867784
3.564288461524196,-2.4850706212395117,1.4976913289618443,-0.7345338922905803
-0.738860780855424,1.5570833276966298,-0.3046473215423427,-0.7358132398821611
2.7370945574598546,-1.6512035609176026,0.33295855572671085,-0.6006791568929436
-1.271008388263208,1.0861470546518202,-0.45247049450642934,-0.8812521449620391
3.102751959342988,-1.1631663042706146,2.6409564540210964,0.04488310087086871
-0.106690733562593,2.0764581988210318,0.2194328476362066,0.13841348206044846
1.2685745339034293,0.048300196268651494,-0.8486565061943985,1.2366221595645464
-1.3982323183732612,1.0720733578461954,-0.22526548260900228,-0.8132968729404346
2.9321383223560025,-1.4700610020332732,0.6892916758610581,0.8245407909617414
-1.0628064675683413,1.3516594892140388,0.2873654273695051,0.0635927544656323
-1.0063993771981414,1.3544851303196626,-0.09383559031130992,-0.427359468255894
-0.9265871810307892,1.427311212502878,-0.6988662840160723,-1.459285454786621
2.984130969648451,-2.0984770542090536,1.7748223058602586,-0.3319759058351528
2.408954858262711,0.03875485657742239,1.0191723487495865,0.9153740358861565
-0.07021646054189706,-0.029556305297152214,-0.7291149969881293,0.3883403695540505
-6.1960089694283615,-2.5998031862096087,1.516927275257023,1.195395229192336
-0.1344897739984773,1.9931482577340787,-0.11739041952416296,-0.24914245891466522
-1.6555107624089997,0.8762928170394413,-0.3298059107412688,-0.9583293900637718
-0.45921896175978394,1.7099733334898055,0.12118047261060266,0.20160611808114298
1.3199019201758582,0.3160752387303015,-1.0853624324519198,0.5595273195317673
2.075061462120867,0.10832846496277626,-0.7902906315758056,2.017215588987189
1.4141114177007823,1.1496017797262326,-0.20360171878647615,1.8156597411616153
1.6001694735748104,0.7974398215092474,-0.6079081501244652,1.436333880147663
-0.27017612732886426,1.9031686183872263,-0.3585078725540625,-0.7084659851131402
-1.106953625807599,1.2265159958354552,-0.4941129096055797,-0.9671578645980193
-2.52209879464477,0.3003948725402713,0.19345381955187632,-0.5347351458315075
-0.6243321559401163,1.6998194614218882,-0.31531999805318106,-0.9201410398535418
-1.8441343426061219,0.653746940576174,-0.10579534967295248,-0.4378085229069715
-0.5572076349282771,1.7979229341960221,0.2955677586926939,-0.016383234354083828
1.5797833162469064,-2.610521909320588,-2.472667922317164,-0.3007933225440655
0.29672130317418427,1.394332938746482,-0.4103029018530567,0.20395880056409532
-1.5495752976737065,0.9793411989504032,0.13927859227118536,-0.2844298605426802
-1.2188108557231765,1.1396602863937626,-0.35779440419790304,-0.7486759611266962
-6.1960089694283615,-2.5998031862096087,1.516927275257023,1.195395229192336
0.4228033688317846,-2.081740360991197,-1.959570978433596,-0.45432336080573643
-0.6955220696775306,1.593495378064855,-0.24091904410654466,-0.6148894421925836
2.345775845413476,0.39781832134740347,-0.4727556691439788,2.6647253624275042
-5.133523305119745,-4.1763660734118195,0.74677814695801,1.114600786898086
2.3306451881631403,-3.3637734869177254,-0.28331080550800003,-2.0061148712144994
-0.2099579397623545,1.9561063888039274,0.0024679021167625455,-0.1059107577640314
2.7372056372512357,-1.6984965699321664,0.8996556882213735,0.1502170727042536
0.689550047653784,1.6481705618008364,-0.03914192970085468,0.9914421506298723
-0.669857885776385,1.5790186536694437,0.07499660587442682,-0.02717335056973784
0.3181189505037311,1.3113241892041958,-0.326913820875381,0.4138822257399664
1.4419345371158634,0.14548401678402245,-1.0670095929077257,0.9169124543005068
-1.105241669543326,1.2984893249862615,-0.01722812977449391,-0.3859418224788108
1.2674471829257707,0.44615118520246716,1.2030525119606954,0.6557841946521574
1.072105085605639,0.2324784205101124,-0.6362538024788693,1.4621401706234232
0.07728815121335864,2.1830951297525347,-0.046305067984653746,-0.17034809453133362
-2.226530381673594,-1.9527265282693391,-0.41288448884776846,0.025313737619441515
-0.9121346311284246,-0.2855515372576936,-0.8563908079414151,-0.5657299154640858
-1.0427931646885094,1.461111684639302,-0.6130599197914718,-1.6639645586793568
-1.4473126733418833,0.9667270228344036,-0.36674790040827315,-0.8037660794213091
0.8735359025178666,1.1375297982895467,-0.23650599543939715,1.2164556762968188
2.6300196283050052,0.014956373873954862,3.966608076647365,-2.7983133404273905
-0.08807588301261625,-2.376380015807843,-0.86223991109906,1.1726518804523753
-6.1960089694283615,-2.5998031862096087,1.516927275257023,1.195395229192336
-1.3005861248746409,1.127886822251314,-0.41713525003748403,-0.9990072153545752
1.6826779003232382,0.7644172210129697,1.3403287397694552,-0.974285146370169
1.5277943958126061,0.42448184545724243,-0.4584971480855865,2.0364236557080875
3.0300058689448393,-0.12236255147850333,2.740597533005473,-0.4082673489348362
1.3579436591258485,1.3137989384573974,-0.30097303267952186,1.4392923799261208
1.730962959071962,-1.2247634237678788,-1.7092935071366522,0.5603152647555167
0.8171152584310144,-0.4602329452628486,-1.1775514799721722,0.4298263895657681
-3.485872737853633,-0.48623202969733154,0.39863383973138294,-0.15004045748731024
-1.5428935669992558,0.8954517978337718,-0.002224476750614899,-0.23952645278472415
-1.1667638018362478,1.1798720242975005,-0.16818212543978575,-0.44268648989932646
-2.87112326368975,-0.10306434679229351,-0.14499586920803317,-0.6987907894923776
0.8600566156045858,0.22708292615995782,-0.805401170677,0.9020269106056886
-2.1360047604047914,0.4398871860253239,0.01406373461873326,-0.3039851856874339
1.0515273935729015,0.6932534320587658,2.016438529998659,-1.9202518203760883
0.7050778479602102,1.349403364161647,-0.4072735263443292,0.6451835624861886
-6.1960089694283615,-2.5998031862096087,1.516927275257023,1.195395229192336
-0.34071589137846153,1.9156423851897828,-0.13633018819435996,-0.526505838793504
-2.7053371413833425,0.038815477316270226,-0.18644167098090472,-0.7843570574874283
-0.5294257543684263,1.7187437396988379,-0.4709033525156248,-0.9757642887948726
1.2602477810417878,-0.010477182543873293,-0.8114855533242668,1.319957486213237
2.005303850470537,0.09903137479655925,0.7495169696167621,-0.4911394197076611
-6.079202927781011,-2.5124290392396698,1.5961087494019894,1.3410280415159161
2.885192826659779,-2.926458799748981,0.3215576494610313,-0.43922283033089926
-6.1960089694283615,-2.5998031862096087,1.516927275257023,1.195395229192336
-0.6342013245691376,1.6637400412972119,-0.32092013849244877,-0.8125969962597857
-0.3315772882812914,1.861096301575019,-0.3908212151735679,-0.7856946490949319
-2.2209610082452658,0.3827509000598339,-0.28674728292654256,-0.8079869966736901
-1.0312965601842705,1.2893653370692086,-0.34278897635474165,-0.7115474957179055
0.979799303710408,1.869152905423867,-0.111473930424158,0.8509796150784044
-0.8758945486494154,1.4386955969660433,-0.29736729109140153,-0.6927020139115261
0.2759616702950519,-2.154367749516375,1.1937257733531976,-2.9209462845893994
-0.21564210256096963,-0.7252853290566788,-1.0827225940932055,-0.06357746582777143
-1.293470558605165,1.1825564545305582,-0.2074316691878321,-0.7947168445483663
3.1029259007627266,-1.1037831808085694,2.9105959273810877,0.2017661477025143
2.797009706722665,-0.763034684397859,2.424890227159832,-0.08375714601373373
-2.627105198271463,-1.665260625629475,0.2486610487791545,0.8830186506878981
2.021295595617652,0.47752472696555653,2.9446312590553076,-2.3356129146629696
-1.3126231581393957,1.0593840862256676,-0.3341605165473585,-0.6999021314215784
-0.8892165386432505,0.3784318219981452,0.3486393256338625,-1.0760448539012266
-0.6614711093050223,-1.1185857846106633,-0.8235464682682293,0.3566583432402409
-1.7177955863100434,0.7913793855541178,0.29666590134540954,0.1374600551458756
-1.8628341905168266,0.7164595131425548,0.27906842545074173,-0.014631824920786782
-1.1652447733462332,1.1727963821666652,-0.1698407747600115,-0.4004846461829261
1.7390690235889015,-1.3300326714319854,-1.5677103027579722,1.0012506275379829
0.2885878421668822,1.3221089017317404,-0.4949328521951222,0.016519974522942314
-0.34816758179755086,0.19071479269930663,-0.6563771011519813,0.1350879132272595
-0.9684033789847776,1.3710418285984707,0.09683636628337892,-0.06883921855772955
-0.8795191196902735,1.3873286072949742,-0.23640958170513118,-0.4594598975194434
1.180950824374044,-0.8033746752287658,-1.3345945020111891,0.7463952679190089
-1.7504062267981018,0.7951037701677008,-0.30559662025097517,-0.9083997861823149
-1.7420130155936344,0.8089596660705722,0.5861897154532569,0.5160977347193136
-6.1960089694283615,-2.5998031862096087,1.516927275257023,1.195395229192336
-4.3445982040938365,-1.1510869111499002,1.0277303770739128,0.6275364554163758
-1.5582841186020004,0.9229039876674815,-0.03585528022521719,-0.36843772022726085
-0.292488663208357,1.8780261453732991,0.20761258542168848,0.24299736362811553
2.002561284910176,-2.9030212979441408,-2.8606440192035585,-0.715432398839924
-1.1065145663988842,1.266666806760953,0.012596203597683188,-0.24443358228887177
1.414930126407001,0.650455808665134,-0.5806440676695183,1.50640369389841
1.2131115952990326,0.6088168591446297,-1.0288526947420091,0.4178462195812864
-3.401730912080457,-9.269176479779325,-1.2763279485549435,-1.8308142275738954
-0.30652820408514647,1.869241433277216,-0.011406821767515639,-0.11545566634692657
-1.1411755147794485,1.2179116510349066,-0.20008172767477808,-0.5319986491496621
1.6955576864812556,-0.3888526204500532,0.9619111532953285,0.06769042935736201
-2.660716618498015,0.07699813223107066,-0.1976743550616882,-0.807539106393057
0.9730759554209794,-0.32876044988140946,-1.34361847227989,0.19011624178462094
2.2267189242038747,0.2084613118651334,1.5724107992166156,0.05033935603913079
0.9063505682928183,-1.532971438361518,-1.8918120325081724,-0.4258876356689602
1.6204982586710455,1.3934598602059032,-0.26138444312583337,1.6681538444378037
-2.579409886398273,0.07592943249123241,-0.1984476700723107,-0.6255510095061876
-0.11842725005573065,2.050845162848523,-0.5098108316479067,-1.027622406034215
-2.754517877178981,-0.0032710655366679185,-0.17409604418360072,-0.7588744399884826
0.9765782218820074,-0.5216844936764492,0.3023258977663605,-0.36559227711838155
-0.8603138484709557,1.4531227001985254,-0.44024291476670413,-0.9400284415457231
-0.3780859381171885,1.8001390144557066,-0.26050989516467077,-0.5033831872046003
0.6071858069055035,0.22358084829306782,-0.5424771830320998,1.207118634287002
-3.428356973016749,-0.5802280448683116,-0.011791111803426867,-0.42314080666164766
0.6057525956926566,0.0384251071803386,-0.9071157983120687,0.4933810775247619
-1.0244535215976687,-1.3016022504855373,-0.6496823146235566,-2.372636697724658
-1.724470563261869,0.8550294347030422,0.16378265877256035,-0.28336338467200956
0.9822155463780304,-0.3688274011603194,-1.0970809653169,0.8009819272162819
2.5095495725781576,-2.3296178765703806,2.0298405732349827,-1.1287704007555137
-0.18149092365829775,1.9750526896275074,-0.014673354343188581,-0.1294975398911333
-2.5019319618554285,0.14226215511490414,-0.21723261565786958,-0.6643948540747201
-0.3537248490030724,1.8200547731844345,-0.07258638869672615,-0.1846811945767521
-0.5821494835036731,-7.3822376869920925,-4.035917290071715,-2.98404005018489
0.24145715941745632,-0.6370093707728589,-0.9890107114407615,0.38595010344840075
-2.347363483459766,0.28417711035915566,0.06147467397600944,-0.2788355431957403
-0.4047890892624039,1.7688594033270024,-0.19601504338501866,-0.36894752125607866
0.9592329251883394,-0.04288234065490656,-0.9745728518459922,0.8238624899185117
-3.913314557658281,-0.7927882856879604,1.0633391677573998,0.7120208218201121
1.9133219092412708,0.3922643759554743,-0.8434903442492181,1.5998219362490318
-2.2358853332223823,0.44048471312990695,-0.3056960666690645,-1.030361879414893
0.5808669783190523,0.18480124736128084,-0.35650266014023313,1.371660266763475
2.3711361422613115,-1.9528500061348464,2.3568474609475625,-0.17286453668818405
4.684089761105268,-1.5201584522614124,3.2248041562981493,-0.212466533515913
-1.0202104353556958,1.3098362119886764,-0.6350950043842432,-1.2403160401712945
1.2906647522997305,-0.6384438926908454,1.294264526359099,-0.949024123693829
3.112070733920515,-0.4111516979921742,1.788497744210204,0.8512343349906664
0.8603711136839527,0.9238632462665787,-0.6488547317963967,0.5007811202865654
0.027537644202553113,1.5001807402544935,0.7843151138286549,-0.4031508530322879
-2.7053371413833425,0.038815477316270226,-0.18644167098090472,-0.7843570574874283
1.7620977580675563,-2.9919456175234624,-1.7116589045138448,-0.9293106332839979
0.9811343544832527,0.11965615340352856,-0.9220050625105833,0.7771784582542174
-1.8876203398970455,0.6576357889618101,0.11068765587896827,-0.1931592262662827
1.1766789996873792,0.18766822824435733,-0.9228484291368839,0.8722701032557648
-0.2897934050598474,1.9058747227387143,0.059512213482415054,-0.06161685531705035
-6.079202927781011,-2.5124290392396698,1.5961087494019894,1.3410280415159161
-0.19818589463580993,1.98959400615943,-0.32631550857687225,-0.7273175836695478
-1.785228143819206,0.7894347623022294,0.5490633939774905,0.38497804777098693
2.3802527325882763,-0.9140155157680017,0.9313418974452863,0.0431294317239908
-0.10371394658412945,1.083371445545293,-0.2558748399262881,0.29097937454025397
-1.4500207506295408,0.9709074404748217,-0.3644558470615829,-0.8472385056423637
-0.2856594576153138,1.9189544071614293,-0.05089733466641346,-0.2710866635990868
1.4532147881411603,-0.36706997670611735,0.5938357866092573,-0.19313797077412492
-0.7214935988919013,1.5936441240885153,-0.10700893270482009,-0.5011831584797685
-0.2057036001861224,1.9396628045195443,-0.2460107081864296,-0.4735468187406259
4.115249459199953,-2.4488918736841754,2.1039213040596585,-1.4120207469033492
-1.1099854568770713,1.239512353892459,-0.37655991977234043,-0.8086864287380029
-1.5785261182717956,0.8950199950935743,-0.410755881292946,-0.9762975992115713
1.9622279556564575,-0.11891347932468262,1.015226436222791,0.765539965892832
-5.996327722334148,-2.4504360953922966,1.6522888993736964,1.4443561662507634
-2.855087585427906,-0.03111242131229344,0.43425239957066786,0.03203176239257597
-0.9155958043438818,1.4101733113240835,-0.06168604486453851,-0.3349289136981178
2.541775072858253,-0.17126245056853667,1.215092269947184,1.1819025339981153
-0.5941414749886859,1.619497963332792,-0.06761138906292855,-0.17720909897353102
-1.054453510771035,1.364390598971879,0.11071432999064924,-0.2602943183092549
1.5412485716266584,-0.09768251107414724,-1.1449450637513663,0.6742588776264309
1.4835546278493494,0.7949440927063529,-0.4587337527843186,1.6752951890384467
2.031887879718226,0.816218041645377,2.0798975573093816,-0.10328464989397938
3.3364068933684865,-0.3991143156488862,2.139170805322093,0.9091394965543103
-3.083639769845821,-0.29285165264544294,0.006945615122389372,-0.40007410850460867
-0.7441656983871054,1.4832788001679553,-0.25682322310825384,-0.4533834964894764
2.0194679953313956,0.32691352468059587,-0.808934694352821,1.8290335467787049
-1.822222639665647,0.6865028887013681,-0.34900320119677636,-0.8488946897640497
1.0211024812900473,0.172171814393353,-0.8323459113031749,1.0301251504781737
1.6090929046718156,-0.26428770296299214,-1.1096157929704602,1.2381562858303226
-0.132564524062642,1.9772325696457211,-0.0975546169496602,-0.1617855564968659
1.139630894754614,0.3929178583555246,-0.7512867201925036,1.0658917800453593
-2.0479819064097886,0.4932990451053338,-0.2925423895001194,-0.7323317445396056
3.1095501954293012,-1.4040798230077316,2.1378240569929643,-0.445208115705966
-2.8380043723025006,-0.046383186667837605,0.3666331045440061,-0.024320899292853956
2.4028602881856767,-3.3317872755056874,2.5889309247559735,-4.389067008874047
1.913192493662186,-0.19907976814462408,1.3533952031569045,0.31608722139999346
0.9250098455259305,0.06058986545933625,-0.9140294242105608,0.7072173815825655
0.938814238055056,1.495251894017252,-0.24836632320541083,0.9943010769981602
-1.875938737247225,0.6541669323065261,-0.5201158875430784,-1.174618992653298
-3.7465384909373327,-0.7475434740447837,0.49821238795888145,0.09459140984331524
0.6782377389450179,0.4503272168339421,-0.7875832545780916,0.6081157152046013
1.0330227559859895,0.12247667603221202,-0.9851918249673997,0.7473718905245241
0.217115367559079,1.2973499186375523,1.004330244338486,-0.9600174807245956
0.742849674565034,0.782608047260405,-0.6572594153643178,0.596720822179792
1.2656908556362454,-2.7733452393134037,-1.9285588762794776,0.558816208180029
-1.6569804052960726,0.8304889485090801,-0.09522029230476317,-0.4760107376541415
-1.3542041439105557,1.0182364410055642,-0.23232438301508865,-0.5411991010229423
-0.7235422572446552,1.5910404670853238,-0.12579723994077693,-0.4746973208259637
-6.1960089694283615,-2.5998031862096087,1.516927275257023,1.195395229192336
0.37892836818784903,1.0160618156009786,-0.5864813237575223,0.25002568642711476
-0.18771679009266387,-0.6168364740686935,2.082961303620406,-1.729888143458117
-2.9819046978195343,-0.19788595980724535,-0.11762065740352945,-0.6422399803356007
-0.29918557584131555,1.9658832408787115,0.24952076408244997,0.05256970381298579
1.0238099666116565,-2.13230757676854,-2.0985333813501015,-0.3573381309839398
-4.7380424739256135,-5.836068632642948,-0.24030346444968512,0.16173375402663162
-1.3532695053397725,1.0374317374960509,-0.2669603479905633,-0.6163966139463616
-0.2562209914303491,1.9424653074132119,-0.5208379777609375,-1.0591147685432178
-1.1524117010243489,1.3263103663793585,0.43574781820563613,0.15924030806556155
1.3401386778050355,-0.10660158816472436,-1.1335162360557547,0.791059241645454
-0.17288186450261156,0.8642453338375834,-0.33152099032666094,0.4737922895779742
0.4999902062284214,1.5744587885136883,-0.20629773099226337,0.523570391862553
0.536540078159544,0.3571356525784672,-0.535994239588691,1.0801140916123502
1.0778072170227702,-0.7850301450752825,-1.3978436041714393,0.3054741918607348
-1.4528604694127156,1.0569007987822356,0.2935750055604505,-0.035537710133352655
-0.5794587772955936,-2.2054950698467657,-1.7363817236707488,-0.7202942777623874
4.3818857659076755,-4.307123680741339,0.5080007483087502,-1.2808819496406165
-0.5383334558417344,1.6728458133510635,-0.19222904260959342,-0.39899497389640937
-0.4863518211969178,1.73970635458898,-0.5793468965905816,-1.1214811732895387
4.210686386985054,-0.9647724512081656,2.8281389519438287,0.6391601743432679
2.3311493663223275,-0.33111153412679617,1.5551236534629758,1.14669433355779
-0.7063246204818333,1.5481091203562354,0.08813977796498461,0.02223283287362711
1.715003269975634,-1.1722929601929528,-1.820084551549276,0.3954196913111382
2.6979205927152363,-1.5177697346364918,-1.8623862377842428,1.1533687154456735
-0.875355468441486,1.438343726280621,0.12167612089673918,-0.006102009224104962
4.01090884999165,-0.7145764449088946,2.821290893921152,1.0029604779021615
2.282350950509532,0.3300660362651487,-0.5843345492841666,2.490185011282636
0.03317694321287619,-0.3012033783719351,1.8896039967478078,-1.764590401989159
-1.7132000410950712,0.942868765491057,-0.2529003989668512,-1.1354606749031717
0.5986462722868071,0.06306660187471873,-0.6549672119576838,0.9778975838595455
2.3222407419440243,-0.32378885658672396,2.5952229216741705,-1.044588924583467
1.7743470918371773,0.13400001532745018,-0.8967388723543187,1.3543174967937823
-1.3479471286489957,1.0451577847378886,-0.5308691056656789,-1.0750388657988008
-0.5306170687382585,1.728444125699525,-0.5335636181666016,-1.1111642882885202
-1.677058950742377,0.810714656379603,-0.38571126184921595,-0.9246356169206736
-0.8535121774378325,1.4372891204702372,-0.39341973101841093,-0.8027441436744238
-1.1058339436603162,1.246016267306453,-0.333517577263622,-0.7438007084894287
-1.3902734828665766,1.0017301801506926,0.1661141084639618,0.10786742979220149
-0.6715755402511377,1.5905600214854776,-0.4098016838986496,-0.8410106051589021
-2.9472099361359696,-0.03665571734468733,0.1778278410100583,-0.5709270313581208
1.0862607436468048,1.1931399162735155,-0.4337711386054806,0.9870304124627178
4.0561680456852285,-1.521610329611922,2.951116353003868,-0.10506306562849085
1.3737888167584875,-1.8899217913715243,-2.0932911083204986,-0.1706979688747663
1.1178289678403692,-2.2765070227085618,-1.9615056348620665,0.21525411337314104
1.3997004905752997,-1.3625273749064593,-2.1843925833581403,-0.7165636046761247
2.1299583397384088,-1.8880139052935692,-1.9835867195546026,0.8192385978633884
-1.8397554798367348,0.7005616399621359,0.01821643670020499,-0.33343333786284407
-6.1960089694283615,-2.5998031862096087,1.516927275257023,1.195395229192336
0.9059255498116214,-0.4828073393384229,-0.9608081626849555,0.9076253077848736
-2.51970588801358,0.17673802038573533,0.029291517431901806,-0.47600862717744563
-0.6795544982212625,1.5963498281902604,-0.03163235195823052,-0.25438185682814934
0.2236387164623019,-1.3758433148501823,-0.8111854496499382,0.8387459604275722
-1.0375624658215201,1.2820684042243833,-0.20172937521874115,-0.46632306399920675
-6.1960089694283615,-2.5998031862096087,1.516927275257023,1.195395229192336
0.002408139556940094,-0.8301094890039588,-1.0019763404236641,0.32387885588496695
-2.266241589685565,0.30144231093798607,-0.1765066269565553,-0.5021387696751427
-2.346898595438991,0.34089687359181775,0.2244186544376781,-0.20224825354495254
3.7254491478679443,-2.144303890350488,3.1176405715898388,-0.7575984926619885
-0.13636206343159443,2.0073060261438362,-0.3701197342165318,-0.7128923951496994
-0.05139833932344138,0.901891335817646,1.6540629774155435,-0.797177809863865
-0.1907953083240222,-3.9895249103495414,-2.541105874120837,-1.3731457677859125
2.9407985008745836,0.05252490832458739,2.165628465908311,0.7827551450227582
0.4704148980346806,0.21426050473250507,-0.4254185880377363,1.0944554937129016
-6.1960089694283615,-2.5998031862096087,1.516927275257023,1.195395229192336
1.150410221300325,0.28224511704526273,-0.7715154201651919,1.1291949039782672
0.5257561473116004,0.492323722044171,-0.7635656398531008,0.468971248045522
-0.6124045906568041,1.60078760063689,0.16371318578266827,0.2335151908739206
-2.131015194789443,0.5263452763726034,0.30732051056134513,-0.08287101622440417
4.056608162788742,-1.3478817625604023,3.163226659049125,0.11771834896148704
-1.8027735258884812,0.7693903756334572,0.008823949929281517,-0.5026120396186277
-0.9234201460447041,1.4317021486833748,-0.5382836423567153,-1.1892300308922799
2.0482442802133867,-1.3763258986450402,0.8971750616944355,-1.520673277219676
-0.9250627644176049,1.3897537123966246,-0.26569222714214397,-0.6158936607656355
1.8067609484224476,0.8580900823958768,-0.39180726501878055,2.058430194800853
-6.1960089694283615,-2.5998031862096087,1.516927275257023,1.195395229192336
-1.6400597357373017,0.7891270242696753,-0.28424929164313967,-0.6120047387337508
1.4524640154213604,-1.2018756282193512,-1.5461786282764762,0.7975914805592424
-0.4790726929585148,1.7787654938375856,-0.008782042730963079,-0.2559679161871979
-4.761740146395388,-1.4993872170270934,1.4052908670927629,1.2790173855728215
1.0934745157314252,-1.677028103381215,-2.112505960317072,-0.9380307989052554
1.8412140553049838,0.21290841530339827,0.9203503687710295,0.24541016901105234
-6.079202927781011,-2.5124290392396698,1.5961087494019894,1.3410280415159161
-1.1244390394256707,1.310213780592107,-0.029223582548347355,-0.49467464570101694
1.6449699216375082,-0.6743468405406555,-1.021784396444398,1.6954320186974858
2.9082576452189377,-0.8868058676446898,-1.6178484631120056,1.6193115023331606
1.0905308459229546,1.1233176753353535,0.8029455374041422,-0.11305701532447515
-2.105312683285071,0.5521909551925677,-0.3391556323076395,-1.0993540264334678
-3.938798579109498,-0.7506972938372785,1.5056375678244247,1.2301774424544696
0.8430598406179627,-3.1500968788109716,-1.2640361382063638,-0.8928531772420792
-6.079202927781011,-2.5124290392396698,1.5961087494019894,1.3410280415159161
0.4635530155727908,-1.095051346118523,-1.578096070528632,-0.19531052670640703
2.556955336278729,-2.3556528754568915,1.3463201025741707,-0.2653656169970915
1.7919200473329815,-0.8722541899073935,-1.1077593165361361,1.7015672143895955
-6.1960089694283615,-2.5998031862096087,1.516927275257023,1.195395229192336
-0.37387696424833766,1.7891301801507258,-0.15393078886404407,-0.283967801369769
1.602939147857034,0.5295320877151105,-0.8304877725767726,1.216227610994024
1.2375786521448562,-0.8081060701463985,-1.4091037122716819,0.593602269222027
-6.1960089694283615,-2.5998031862096087,1.516927275257023,1.195395229192336
0.6056725714991186,0.013114297694807722,2.052277624434458,-0.9907197258032291
-3.603544900427203,-0.5905186064896567,0.9027495818175953,0.6072880143036696
1.0562631206496274,-0.28247024769688367,-0.8773779523094047,1.2441238486314765
0.15947565305411085,1.3004746459314558,-0.12491675915870076,0.6780355742396597
1.0812508439470905,0.3778057451679796,-0.44431327100688905,1.6374714001988657
-1.7113793431734325,0.7570916946146226,-0.15245246150003552,-0.5016605556727225
3.470771976035208,-0.4903803546114347,1.2345836987996706,1.2445371951557942
0.8633951608803434,1.0364816152389,-0.3042813516187647,1.2839429606431367
0.7930410986583926,-0.7136619860247381,-1.055125822301688,0.8694600100287225
-1.1039832294215044,1.2252264937999089,-0.18510283608194703,-0.4319992932112221
0.5851143234331966,0.5102767054200658,-0.6157910738569267,0.8102109326396758
-0.9654672096372584,1.3451778298991837,-0.12017726693217462,-0.35698596828129875
3.7381309591397804,-2.4424195148911862,1.8034142713018357,-0.41572512496776437
-1.0971419305746166,1.221847550785697,-0.052805818559206706,-0.19851890488850202
-0.49138129623019605,0.7570392997837929,1.0739524010768298,-1.080481138015078
0.06100823032339736,2.1936802751089752,-0.35754245125219547,-0.7707176481834384
-1.7851485285340252,0.7090689876537024,-0.24062648108898213,-0.6428770276216081
-1.0317076408807093,0.3074401985432408,-0.6187879156628753,-0.48271636138048657
-1.7289131867654468,0.7811949640070657,-0.19377349916064682,-0.6492942300650397
2.8840740182908413,-2.6962687815696205,1.2266542625253751,-0.13777936269439447
1.6674770675684094,0.1773301062611053,-0.9608797428583852,1.292849289916506
-1.1670173481483737,1.2321907632199263,0.07442916652428684,-0.20469295286566894
0.2853421555562924,0.138451925540219,-0.7016040837221166,0.540374086849786
-2.4219685738486443,0.1974234322164734,-0.5359802007835793,-1.1848867885586145
0.5155205102908639,1.7241651162557696,-0.11806055991196013,0.4018375499461147
0.0853999090223454,2.1904144806628536,0.052074316446192724,-0.00895118483958722
-0.17896821491586498,-2.237054153643468,-1.150490328485732,0.2621201951727805
-0.7737950713563421,1.5842051680947526,-0.43383827769234923,-1.0909256260266043
0.37099954880988256,-0.0728072598148895,-0.6081433786399802,0.9873241009081598
-0.5461214147693673,1.7109361099559266,-0.31558199633140943,-0.7276848567967211
-0.741386281540075,1.5009004436458842,-0.18483108570892384,-0.3724171047940291
-0.9835807033020001,-0.18717741367400884,-0.7025402293052075,-0.2641415478495903
-0.48216370117724444,1.73956955560897,-0.16283618822102133,-0.407294110102947
1.8029207677981465,0.3309972716070293,-0.9869797573478702,1.2023103654391702
-2.445607468878817,0.2878747729688295,0.2905647542155507,-0.16515973914321283
2.094618999036018,-0.5789944187279179,0.9044164485572926,0.12825829497109242
-0.11528076730783492,0.5055807939818335,-0.5659095868177965,0.3743237914093699
-6.1960089694283615,-2.5998031862096087,1.516927275257023,1.195395229192336
-1.153639469760001,1.1954250284283814,-0.37428008019348785,-0.782690809014424
4.450017159278676,-0.8127241289918373,4.599660402028855,-0.4621779353644022
0.8024350470877886,-1.5412050235489096,-1.6545594918277653,0.16292057417843464
-0.7887376061399806,1.5127859169182014,-0.30304486101378697,-0.7363317586607538
1.0160304894507028,1.6114692040109742,1.6782184917925997,-1.178694638900828
3.360954384724595,-1.931678772652117,1.7424498118244147,-0.06420701368455155
-6.1960089694283615,-2.5998031862096087,1.516927275257023,1.195395229192336
0.016171057141015716,1.1588206694177157,-0.3011310693894553,0.38380065697793486
-1.6328550176266403,0.8535765292601665,0.04407407497891266,-0.23403184843716593
3.4964784369050443,-1.9968310043586188,1.5804267994080523,-0.21471431316066247
0.26525920059550545,-0.8680720423450307,-1.1383531028609188,0.4182398035806802
-1.636540098080569,0.8199467226476562,-0.5167769664130082,-1.0838420219594813
-0.8096883625245677,1.5499120236837516,-0.24174267050447387,-0.788571315905334
-0.9773557395573467,1.322924932507359,-0.12840422040929902,-0.3190526741843615
0.5197128168177423,1.435624189475378,-0.08959116150673911,0.8538147883914866
-6.1960089694283615,-2.5998031862096087,1.516927275257023,1.195395229192336
0.22192012957681045,0.6876244864945258,1.504287698927524,-1.40250536072224
-0.9497925868851999,1.369158473642826,0.02969010690997528,-0.136987548840748
-1.879541231909714,0.6846150764357438,-0.27277228206291965,-0.8406899637047289
-0.41160572362734976,1.0734327667987003,0.6233748873545709,-0.7065728939919624
2.271001976107544,1.151710037949104,1.7821696447596764,-0.05076593526422478
1.3920733223144384,-3.0749451833417147,-2.4580597370884134,-0.21047047421260914
1.5201327435090106,0.5972180682280691,-0.8730006579651783,0.9842585121751772
1.9082868330502871,-0.25596404048185545,-0.21161522832508944,0.7982587595437272
-0.39049238651384804,1.7820567431632548,-0.3513765108411397,-0.6363149248057555
0.5686809135649801,-2.976249875419087,-2.281153996824423,-0.5293185766141052
1.5221745809765506,0.6344128742171027,-1.069274838773794,0.5770527188505542
0.6448600699836983,-3.273269063137155,-2.2082619602763964,-0.2582519730720335
3.791848808939683,0.37004550746676595,2.8725755879696213,0.6529129325579016
-1.572597197570624,0.9224003189100307,-0.2527936796000119,-0.7674162277518126
-1.4082793872097812,1.2022359244941057,0.34097283400704076,-0.27240653158644484
-2.416590280966531,0.2593820737538631,-0.026679819756564267,-0.5026076293086489
1.5587744871158196,0.24498875877120693,-0.5113165358774169,2.043986841318866
0.8450551239877917,-3.036241688725908,-2.424878197001985,-0.7630503337819495
1.250469513696467,-0.09136546094667398,-0.7758812647303204,1.5410281462424869
2.645592462688914,-0.17884567902312123,2.043401372347056,0.1529598505560066
0.2841476576191354,0.3866736088342504,-0.48486384020152457,0.7742720799149734
2.0324217129059443,-0.19396691043796818,1.021441293048823,-0.4172716897426374
2.2632504563149656,-1.016629180549798,-1.5665055469301803,1.1629237410653988
-1.2892182538805173,1.0974327479428276,-0.13269778721033607,-0.4329656360547861
-0.5370881648005746,1.7248255471707628,0.1810974970949762,0.06686265677456031
1.3458127267507516,-2.8119099695433762,-2.6660638505943997,-0.8097513834401523
-0.3320617168751597,0.8591507384761965,0.21578731295761588,1.0764386886202446
1.5633770513660565,0.0426771039229835,-0.5084646002592813,2.186530401004881
1.6147284790120817,0.4184921872123275,1.5258191127538683,-0.32311609246243117
-2.1868124365922514,0.5872222270136737,0.10724327345267275,-0.7124673457454216
0.3652927558644429,0.5680732843607863,1.5310345117348132,-1.5129047673521359
1.644066415727122,-0.37668202468856854,-0.9108393016482944,1.6788421058157186
1.938434939327566,-0.7079186521182763,-1.3953554914361652,1.1675775200632872
-0.7478730034526967,0.22723191755923913,-0.25158023440257227,0.45702286090403105
2.096298781516047,-0.9575792798059288,-1.3956246074578385,1.3094070403216933
-0.7601113440642433,1.478346327634182,-0.20546044800817467,-0.38816873161509247
-0.2940492084261896,1.8827447071663928,-0.35239562765118776,-0.6958622609193604
4.328996649342612,-2.6410978364151,2.9578668233619596,-0.9948954040239192
2.802570534788797,-1.28357442033255,2.507201177341993,-1.2580164169594314
0.3682102258986317,0.11885008118357898,-0.797816840117233,0.5551584524872133
-0.1956690344797425,-1.8293296166155928,-1.3166517179226775,0.019694922154807407
0.6478475251178406,-0.8103822199918628,-1.3869691602481478,0.16472899121716622
0.9441128556722115,1.6308048887676794,0.6493828422397832,-1.9148942724225577
-0.2423814191951637,0.5730358753407544,-0.4605373910122491,0.37508172978056686
3.704533591585678,-2.1403781829775173,1.8378709011785723,-0.7209066869049051
0.26377010534200807,2.3261173476322026,-0.09451010482917802,-0.22003397700875224
-1.05273378222323,0.4846843530724193,0.6964474517808042,-0.6370851667880414
-4.071585255185788,-1.119445730991664,0.011919772850677447,-0.35331725645717
-1.6851847307114733,0.8260645107297594,-0.22428832002393254,-0.7086038468083219
-0.48678396788909056,-0.40839028745989076,-0.7953937581810614,0.07481451132919406
-4.7106234046249265,-1.4901931167972908,0.5291394951154162,0.09979833712386027
-3.3027034185368898,-0.4146149402669533,0.4363304932471032,0.06389655306207644
-0.58033661499491,1.6188827572936715,-0.22000974092397343,-0.393899804933592
-1.785686609893478,0.8679407830633061,0.5695511153469616,0.18046498693310242
2.332264842295354,-2.0911437923678866,0.2641439453230545,-0.5120428933189639
-1.6235144593776683,0.849957228199841,0.08726579371594097,-0.15006854103118247
1.9595547060036238,0.04638134961918171,1.5459295817089058,0.511379238077715
-4.5709165364711835,-1.328811034116367,1.4378024600777315,1.2955735069061494
2.5461158606878387,-0.6197956384790875,-1.2910863102728585,1.8677314179385387
-0.23697633896530357,1.0283857681729913,0.2358646942468507,-1.267129763543735
2.775384255933809,-0.7903304081896109,1.1914082808935675,0.7997044361764226
0.06025209205293841,2.172553020858023,0.05214143766286918,-0.015589838458587454
-0.45254808126305945,1.7687069718915116,-0.22160141308090267,-0.5319313512586636
-0.9054583797094569,1.406527719096814,-0.2706672772626814,-0.6261570031128976
-0.6732420063891097,1.5802076681932704,-0.4541412907601033,-0.8922191779841765
-1.1556345307158502,1.2334377674877504,-0.07749521533427453,-0.41334000935700266
0.5511428090793012,1.185152181524771,-0.7081178797024251,0.03933867161305071
-0.8144482054311178,1.445551920649291,-0.3726093079211327,-0.7034009344290523
-0.4253730162035559,-1.112506666917204,1.8170021962713025,-1.8853031671834746
-1.8481594737091027,0.6379744863738358,-0.19712034703178463,-0.5173396058641345
-3.035456103014497,-0.19731477465926686,0.18842126703768716,-0.3059143955166342
1.2141719883097692,-1.4492713610796448,-1.6242831735955807,0.3787560246979269
-1.2434736760246634,0.32607513716094993,-0.24542797804525737,-0.16352747752702343
-1.154060567797946,1.280479159156497,-0.3596897646983542,-0.9878678011359788
-1.5265872492761503,0.8930688045197817,-0.5720607446816179,-1.1316465374557605
4.856540634114717,-2.344073698047876,3.7710005789980685,-0.25012237054519315
0.8539507470354082,0.2616668390328775,-0.36994892198095014,1.5278676938178104
-0.49340864679407265,1.7250369486270736,-0.04809424140583548,-0.20421811434531886
-1.2726114458803386,1.194041608303864,0.463421000717389,0.3061031051261748
1.4204593862585746,-2.9155014713768876,-2.3431627228527256,-0.10202530454458751
3.151373232255667,-2.605461721121278,1.7071400660866443,-0.537048952293855
-1.0149504741129705,1.349220313542116,-0.46048397134738345,-1.0368403225914584
1.5832550478318406,-2.9701278819258516,-2.240710530112782,0.33430750790219543
-0.6594960451428183,1.576692141879138,-0.1979515064134009,-0.4175706815581205
-0.28514305389522987,1.9027002957794192,-0.3026001520955722,-0.6453369333664556
4.32455632212579,-0.5058835095170566,2.4865622842619897,0.2487826089695712
-0.23458833759771225,0.6119505972098526,-0.5104052299573433,0.2389511858660683
-5.996327722334148,-2.4504360953922966,1.6522888993736964,1.4443561662507634
1.626016495348731,-0.8286785086687221,-1.3370714372674632,1.1508542831653916
-2.07449507346611,0.567547020316808,0.13374373950060262,-0.3017427028572372
2.2470146168180087,-0.49389789720602234,1.0742697885024386,0.8567536657071877
2.757828909666825,-0.7935298838316115,0.9732422858510041,-0.5265689233364844
0.8319556176481886,-0.0267224962589428,-0.5890270152387093,1.4355722008501433
-1.8787185672868507,0.7460369414497632,-0.3973849700919761,-1.219403452589844
-3.0253320727418576,-0.23506098520412153,-0.10697670723859604,-0.6202427237443914
0.3675035853728274,-3.0057789329063507,-2.327318709596722,-0.990699824729776
-1.3972866558685209,0.9980095780604077,-0.4539008853679081,-0.9258360112998986
-2.066834952829614,0.5306783572456515,0.19019510235316375,-0.11255648878556636
-0.38146929617473824,1.7925495515002683,-0.3500684940135605,-0.6423813873939009
-0.6481185369952974,1.639218305004308,0.012961292386489166,-0.24252155414231466
1.6133762615270593,0.05195444578074992,-0.9160873422446929,1.3646964932268746
-2.301972369661521,0.3839449481252682,-0.2887961923339141,-0.9955114697329656
-6.1960089694283615,-2.5998031862096087,1.516927275257023,1.195395229192336
-0.9877960587651178,1.3978191609683315,-0.261119661081283,-0.7682556851717472
-1.0045877100696612,1.3229553529646108,-0.412151135533036,-0.8608126111810254
3.2445707842027476,-0.4575307175831124,3.304759624404767,-1.0067791343138959
0.5071510349457102,-1.2729368287511278,-1.1504478815654398,0.6919374794491675
1.5619881400576254,-2.8906870913562703,-2.6494233920832455,-0.6767858082985597
-4.882593986081131,-1.6608405595021212,1.2292242323005713,1.1539796292179805
-0.17978434006658192,0.15073257681877303,-0.7546061061909075,0.15882097520403476
-2.4050490041704395,0.22519627120704888,-0.24098608437097938,-0.7134839926798363
2.0233928977876667,-0.8525777598241908,-1.457160452227959,1.2277368897701053
3.456475938182445,-0.5238454384932208,1.832003121240019,0.2848524616580952
1.209971205994812,0.8229158616667072,-0.9672432291788575,0.36126786937231353
0.3230375441984063,1.390023705397432,-0.6357875015536288,-0.2590527210839538
-6.1960089694283615,-2.5998031862096087,1.516927275257023,1.195395229192336
0.9302308381853783,-4.33141360943754,-3.039547253994056,-1.222335936739271
1.6618347902923991,0.23433856776830259,-0.7033736820265047,1.746013564540005
2.7369494405511707,-0.19199587136193474,0.840099724016009,0.5190816732082434
0.20036021659330858,2.298047798442362,-0.43635181480248814,-0.8640568256666662
-0.9338118011535753,1.3698040839713315,-0.1828948149757287,-0.45434382048560973
1.0767645772552628,0.20596881709083495,-1.0187311317588552,0.6760407262313215
-1.9032552067616204,0.6042399264673213,-0.02209217156955486,-0.2839279529382343
-2.294564197034247,0.40777928172807143,0.5543597825428805,0.26597518729494335
-6.1960089694283615,-2.5998031862096087,1.516927275257023,1.195395229192336
-1.7995036135267959,0.7564868510566236,0.005544603065761967,-0.44711194212586314
-0.8955328148248095,1.3752044459114803,-0.25187416358378106,-0.488429798873122
0.7487410058255842,-2.4402136832020496,-2.4153772246235445,-1.0921435370999764
-2.212013356620859,0.5076027009502487,0.6348620181988844,0.33480391351703026
0.6256721891785538,0.862880742745193,-0.4285215076314815,0.8434096085331181
0.9003544968664118,-0.4670234868688691,-1.1702445099597512,0.5898068201160273
2.456336436070638,0.21629292461368527,-0.9293803449425306,1.9414433922616385
0.342533709921999,1.347607625755331,-0.2209622839509336,0.6374101585667884
-6.1960089694283615,-2.5998031862096087,1.516927275257023,1.195395229192336
1.106736209597738,1.6423767986022457,-0.3721252990263302,0.6984145638629004
-3.312964360876728,-0.33497167745243034,0.7467765284691312,0.28962825229891714
-3.24882854809093,-0.23397527437401752,0.7989497160634906,0.20320497417335776
5.410413674182849,-4.21181208815667,2.6581899490642686,-1.4760184505334124
1.0002932488507823,-0.11067098566935216,-1.2400660407936552,0.3513989560577996
0.5938042193115936,0.1951836698474926,-0.8558319384550993,0.5571588539405865
2.958348633883574,-0.22535998706843646,2.796336601044011,-0.9936881925057232
-1.3444419399530627,1.009140999073406,-0.21745616303690798,-0.4373435871437741
1.294916922445007,-0.8877567743848067,-1.2177829575132015,1.1402549816117233
2.8424916123169073,0.3089540311684328,2.2738234608116077,0.46606738200109504
-2.303818027368476,0.32145528694682457,0.05084643778967659,-0.30080513398190484
-0.8160716027731928,1.5001468825611313,-0.09703614188506246,-0.4188456379169636
-1.304229611009107,1.096678592694086,0.005397266679624403,-0.2052001173939155
1.4349703580022504,-0.734246967841787,-1.149222395919058,1.2209633759769374
1.1464833072858291,-1.0092738132642534,-1.2399223787775522,1.1006028358504247
-2.167581432425067,0.5092404088365984,-0.48048650285228517,-1.368173643325531
0.2982435119187954,0.312532878670047,-0.615110420132176,0.7406420203238977
-0.08913618773635339,2.082865274305471,-0.3923046097568688,-0.8494957685277376
1.1850998821674112,0.5176962219649414,-0.7301888180099945,1.138554355623267
-1.4594724921068472,-3.4436376563111915,0.4778817140359246,-1.011229936436729
-0.7380383867841983,1.5511333476888751,-0.14037216949985223,-0.42426471578310443
-0.3145353605715698,1.1422789768922308,-0.4770791116746695,-0.5240461280008872
0.2579966337504787,2.3532213341947408,0.35843036898101577,0.44639902098950296
2.7133147417688517,-0.6155480577146761,-1.3531402874309093,1.8482516352456495
-6.1960089694283615,-2.5998031862096087,1.516927275257023,1.195395229192336
0.9687325867722523,1.1119638724707996,-0.5311425159582859,0.8107096656262294
1.7422717799057459,0.7340550623602088,-0.35257206077682235,2.1303509181936304
-0.9038290229724097,1.3960928768864045,-0.16047203196162177,-0.4250509525465538
-6.1960089694283615,-2.5998031862096087,1.516927275257023,1.195395229192336
0.6477052610867873,0.3221193421611089,-0.8572402899832778,0.5284510856764919
-6.1960089694283615,-2.5998031862096087,1.516927275257023,1.195395229192336
0.9710935182119966,-1.9161893920116406,-1.9715415339162456,-0.12680413903849475
-1.6649555513153511,0.8852943974361815,0.40468990233812885,0.14360260015180484
1.8973376733297,-1.7094609223160353,-1.851321459091289,0.8183512786023645
-2.384855471209787,0.3879869982716764,0.23588146218270015,-0.4617306462203301
-1.0608100914721423,1.3708215935063852,0.62193363738876,0.5509764303621199
1.5497257259151918,-2.2777283334683114,0.6205755877541985,-0.411504339535909
0.8335944869896375,-0.46548420114372174,-1.2451558044092585,0.19371749846369196
0.40939814689473214,-0.6981605644417346,-1.4014238786088145,-0.1171919519447295
-0.0820502862003911,2.0798494245388515,-0.03524227296856205,-0.23629233839518157
-1.7388273286800968,0.8581204843922483,-0.327501185005694,-1.090735732069464
-1.3111966737113876,1.050530347670686,-0.1600690585235038,-0.38894124217276504
2.124501190524443,-4.8478370674451625,-3.4734796893045217,-0.8304552239901706
-0.9425434821842408,1.3514671949651695,-0.5564792221076982,-1.0461231102834192
1.5652757593519828,0.6532561557336953,-0.3682043532308731,2.026922385646124
-1.8997034118890863,0.6221166726696216,0.08018722080169079,-0.1765140260243707
2.9681985371933077,-4.318419071841598,0.3287094965978886,-2.265943749396374
-0.39897651593336547,1.8537435861117442,-0.061297798681211456,-0.388503739956802
2.636662034177259,-2.635006704011664,1.0951452290474977,-0.43169406866587395
1.6163470715310968,-0.39333571113072857,0.5801296556008968,0.758061108186737
-1.3266286371474065,1.1597544987402881,0.18783732246287,-0.17497275496324985
-6.1960089694283615,-2.5998031862096087,1.516927275257023,1.195395229192336
-1.1409087850891384,1.2230260380046896,-0.6707764373528812,-1.335205821785586
1.0917903315367903,-0.704662443709159,-1.2515517014329967,0.6735349198201843
-1.4394688677494272,0.9885522387678822,-0.5670816389924255,-1.187588155963644
1.3399312173453737,1.135431914088145,-0.5052117395270859,1.1985000802121104
1.943207238363392,-0.671680401315551,-0.34968693110555144,0.8813705952361288
3.07034150630517,-5.339878300333979,1.0871563521386336,-2.724479031539646
2.463690502009001,-1.7033881432115663,0.916893714552778,0.10053588612033636
1.0629472062238075,0.33400155661156855,-0.6860407743028083,1.1353842880138212
0.42428132809643987,1.3893124426765895,1.3349303711782363,-0.7640880020331514
-1.2485846801966742,1.1799216679664886,-0.1988809084160791,-0.6898565186733077
1.847410781977512,-0.12267652872430403,1.082007396997383,0.29113892412901454
0.9496461681788714,-1.7445406822464415,-1.9354894990541467,-0.15180609038777024
0.4015142183971447,-0.10710906428569505,-0.9676407989404613,0.2813843967568302
-2.3006579522166524,0.3575710063729331,0.1386750454001684,-0.2659854489875583
1.2942055630572977,0.204180676484217,-0.7647409857059914,1.2400194661156603
0.8403209576768164,0.8572560372420355,-0.8920503660715223,0.1853126586538598
4.1190180992487315,-1.3716759427811478,2.957740936049101,0.5416769983431613
2.1110327714785657,-1.133337456565463,1.0920556861392638,-0.3643907161963685
-0.5550557565969114,1.7390953917804057,-0.2145748993844573,-0.6814804867454964
1.2209152519543691,0.6542127992065301,-0.5106289702626453,1.452927416258904
-0.7658434036512972,1.5339435351021495,-0.4644425773115399,-0.9899279655500178
-1.179458028783291,1.1774110184471878,-0.14409683789517427,-0.40039512095036
2.018227216525467,-0.7432401921707608,0.2997489818695184,0.5588318714115657
1.3425997320247238,-2.59737999509527,1.8261777582542986,-0.6725965391830515
1.2105733711204887,-1.984728331816379,-0.5012137461206178,-0.3265306702657883
-1.3758052299147367,1.0155240590227277,-0.0036561740507704203,-0.1609867919389766
1.1498511274055476,0.4134502892673475,-0.8054296295492236,1.000224519223502
-0.5467853660620551,0.52810352064875,-0.5669243865878816,-0.11007002715242797
-1.1620077940162654,1.2887423312276916,-0.55711264419892,-1.365570831082053
1.5110976227812176,0.3604861224843155,-1.3750115016990707,0.0610152286314488
-6.1960089694283615,-2.5998031862096087,1.516927275257023,1.195395229192336
-0.05559773804032955,0.5047409934959932,-0.6736555019566175,0.05506627132302389
-1.1956499896555899,1.1600012270691562,0.016350428074526174,-0.1502492511286644
-0.0772627819335651,2.0768630892628916,-0.4584581514841442,-0.9194708493261509
-3.5908388325660905,-9.132221363768597,-2.1105706436314304,-1.2761752359105918
2.0645867156498143,-1.157691819765834,1.4634531001933775,0.1647334995898526
-6.1960089694283615,-2.5998031862096087,1.516927275257023,1.195395229192336
-0.6912145617134662,1.6053207459986294,0.10131900559400873,-0.08473431426592558
-0.7842898686109041,1.5111775187577958,-0.39202272595918713,-0.8462117730029071
1.1421809321023073,1.2364756006208437,-0.31239228607350533,1.2318754659825486
-0.035451180552648925,-0.08856700007127832,-0.7940053045660205,0.2235788035411901
-3.7473995644431364,-9.006106660287891,-2.0791050631484027,-1.4950393746578508
1.150111568561575,-0.02527760501560484,-0.8047598728676101,1.1729912988246167
-1.0720756508708875,1.3045296315195476,-0.5001084971786977,-1.1105229937660193
-0.2027500399986962,1.9813219269717581,-0.14251253522471005,-0.41327748055621305
1.547459821767584,-2.609451747253483,-1.7665786854749743,0.9268636958317125
-0.48936483093842936,0.31889027967314515,-0.6196330303962084,0.10857673347811136
-0.9077614941456652,1.372014760373015,-0.4042212090507579,-0.7654154460365812
-0.4340831874906002,1.774784333033896,0.0829649957524647,0.005675848886641591
-0.2563531262420871,0.3316271297437806,-0.5741855854688469,0.2747556975806668
-1.7249979591808466,0.8602972095943185,0.07873666935022862,-0.48982002083500153
-1.3245994082162362,1.0651333141083417,-0.5368236569115368,-1.0873198089848004
0.1549197861893201,0.4758322423894113,-0.4101637592263709,0.7141623933281447
-1.6630455360760137,0.9724561409225729,0.22884031150387632,-0.39511913934417986
-0.48113588531792695,1.7405545070164936,-0.4166436082379736,-0.8355385978426115
-0.38718269678436884,1.3026572737241033,0.005241544734132304,0.20471636512680288
-0.3785620600325852,1.8061833445423772,0.08610092410374044,0.047132209110744734
1.5550494995336834,-3.4792039461422495,-2.151806998018742,-1.8461130974961413
2.0855558261117952,0.47342314029140664,-0.8991046577524525,1.5466246005828537
-1.8018419394207148,0.6801189293129423,-0.3150053372425317,-0.7286525979443936
-0.9082547573453263,1.4391521426443634,-0.3525509230255984,-0.8592065704915047
1.7869793394307918,-1.2488524037773856,-1.6660363604634059,0.7831020183124323
-6.1960089694283615,-2.5998031862096087,1.516927275257023,1.195395229192336
1.9838749304433496,-0.22359958147153605,1.291403054986689,0.5954617388205034
0.4058165053270555,-1.2976097413667984,-1.4374200918887872,0.1435768249626018
-1.9178214555308315,0.6506647514007069,0.14319045657312834,-0.18574700651788187
2.198953673722899,-1.6385915356878782,-1.932138375307257,0.682731658788371
-2.766644759898471,-0.003198761017919629,-0.32555900824059286,-1.0488658579328118
1.128645762469253,0.006017836698703375,-0.7876084175186716,1.358692906734082
1.928010417501108,0.22008677521757974,-1.3035239390243374,0.5745345899884596
-6.079202927781011,-2.5124290392396698,1.5961087494019894,1.3410280415159161
-1.132203961675368,1.2514280439945922,-0.2014937162417704,-0.6220304999158439
-2.839219313951386,-0.07575907671864426,-0.152931638741672,-0.7151786875219761
2.124463639872966,-2.2668248388304355,0.5357397708845496,-0.79302098617995
0.6283039402709084,0.1595653768946217,-1.0335071440544907,0.18356146795949357
0.8723161413002181,0.0815458135253141,-0.7426612535094724,1.0692837303932785
-1.978377209236459,0.5528710943132616,-0.3098500006918175,-0.7680737437862057
0.038773067654735885,0.8925086273385524,-0.2462117606350451,0.5853330800054521
1.7998066582494,-1.469351085482571,-1.68628060203924,0.8930177788475309
1.1455089999124861,-0.8661965342244301,-1.4019663368845212,0.4576251848271862
-6.1960089694283615,-2.5998031862096087,1.516927275257023,1.195395229192336
-0.10044114234354057,-0.08478563438688264,-0.8534582811574614,0.09288104549159544
4.04064932484181,-2.406725589707295,0.5535546090342888,0.9158515790545314
0.1539884288567193,0.6434045869176351,1.317285949332968,-1.5453190150142146
2.3712752598633804,-0.5896754385192289,0.9755092674311499,0.034993199383424954
-2.8491872492305097,-0.0327342315359558,0.7701329689491904,0.5987862526506172
0.5311517151887749,-0.8540391778919453,-1.5178537290008114,-0.3833289678608416
0.379743388737942,2.436200240816592,-0.36575498047667016,-0.7199823631898725
2.3425959426028014,-1.077625952503845,-0.2815082238315762,1.6069197548874985
3.2040384074583086,-0.35551580047643866,2.3625015716725635,0.7875029693861051
-0.6939128616924352,1.6478823130052633,-0.22697890846915572,-0.7611043797629442
1.4274797932737002,0.06235930880679752,-0.6995644766025789,1.6346262742056419
-0.5247544067655853,1.714069892768732,-0.34070169818099044,-0.731616974814957
1.657693996482401,0.3111180869465917,2.1073723160565767,0.15169602257669193
4.574381993598553,-1.1998835985153056,2.9553641706048186,0.3301461247468885
-2.036596254949038,0.503043925077455,-0.295366423455063,-0.7381644164375931
-0.39040835656738604,1.8073990783860356,-0.3801170989530421,-0.7529843191234931
-6.1960089694283615,-2.5998031862096087,1.516927275257023,1.195395229192336
-6.1960089694283615,-2.5998031862096087,1.516927275257023,1.195395229192336
-0.6057315361298344,1.6492754139159078,-0.4567542774728119,-0.9333536493520197
0.2854487611301681,0.3384549976044486,2.3348121776699506,-1.555964215150398
-0.40290382755598286,1.7710901933942087,-0.043333389081436434,-0.11213962444600935
-0.3057663566225039,1.867999345365208,-0.3194611532891633,-0.6262000504964109
1.5133438807920614,-2.421792219467162,2.521241691769579,0.08908998457303105
0.815618685422961,-1.959773679780204,-1.911408377347859,-0.25497281275555267
1.8022727207096616,0.28294469303628106,0.11671633670121732,1.073399128701692
-1.5517178823073443,0.8773847476975889,-0.3404801034295151,-0.7495529474369369
-1.6190552316892415,0.8131897242909942,-0.4620935338020747,-0.9331549200004313
-2.489944565206058,0.19950324618841125,0.0615259039985774,-0.39096313686310846
1.15474405056462,-0.016561243428202876,-1.1968709752999704,0.459811381496246
-6.1960089694283615,-2.5998031862096087,1.516927275257023,1.195395229192336
-1.669319847518288,0.7855097594941868,-0.07472839864261052,-0.34050735056459774
0.9257307364028434,0.29145310736277397,-0.8220591776528304,0.9019219779300907
2.896580306017768,0.0769333186129793,2.0215143604550985,0.8317400464748643
1.5859696251615705,0.3008412286004008,1.7951897806848844,-0.06547101094879933
1.5678827043226242,-0.9283942980522328,-1.7104366708863448,0.17591545130112637
-0.04823032753569332,-4.68748663673499,-2.9233486607523287,-1.7010607957578099
1.631131899543403,0.847918735631502,-0.6293237745725353,1.3992415315059372
-0.15593597057931946,-0.6512181790334719,-0.7996319506590018,0.577968675548221
1.687846688103026,0.41861345880606154,-1.0261800024934569,0.9836882973046687
-0.979240410632929,-3.4918202671141674,-2.390044349720918,-1.7708423450433728
-0.552711172947515,1.6479113898093714,-0.1909315461663689,-0.36162026199006203
1.789287412735584,-0.16991385368311612,-0.1004935173238066,0.8774815536570169
0.34146846788500773,1.2754741326006171,1.7577588212652215,-1.0035070930553596
-0.40538836451998933,1.7789438795552261,-0.0018224025743014051,-0.07471988108391285
-6.079202927781011,-2.5124290392396698,1.5961087494019894,1.3410280415159161
-0.7475485504317565,1.5934658995896849,-0.08816665004586835,-0.5299546882716092
0.652111069767366,0.6999078576846078,2.277531910132635,-1.195545654679737
0.5849677567311772,1.0913702726301748,-0.4187418991913074,0.687012653388036
2.3838418829925594,-1.974201451143227,-1.9642651132059912,1.025714451322833
-2.4874786586964093,0.11699242911041408,-0.18666307736902668,-0.5133186864659715
0.2210113438288209,2.2760523684151863,-0.07324008974850302,-0.14381188122417762
-0.27850395704306463,1.9478206761679198,0.17310009077936928,0.02395353683975128
2.114790241465882,-0.6162219077130789,2.110722996962514,-1.2807462812463501
0.09597632938892456,-2.4102610727871223,1.836388945990824,-2.6381001371585424
-0.8403026853447438,1.5377442845973395,0.46360387719016366,0.33718942945702834
1.7550534581620068,-3.9249265870600683,0.007119940190329384,-2.326517845765214
-1.2222182909184978,1.133854107481949,-0.32056104861640716,-0.6773099455312636
-0.5418371071669472,0.8538052502127602,-0.600302949959021,-0.5012184144547426
0.7088001384258374,0.5219324332682589,-0.7521627902159996,0.6540842864869112
0.4140232643535309,-4.026180831635662,-2.4482693878469863,-0.523472030021584
3.1018416547180903,-2.2043005170060903,3.317550310933485,-1.186245776552058
-2.281236777127439,0.5356166783590398,0.6415442858631489,0.062168068333314626
-0.512545301095847,1.7098567021180462,-0.4722476771371518,-0.9168201435005464
-0.9721472322928785,1.3218829351110613,-0.36389901768382743,-0.7142279318219062
-1.366173904432735,1.0638897537293173,-0.1560268645995618,-0.5604758741491024
2.329916857991319,-0.8185584845460141,0.7235699551179968,-0.05626482510940221
1.819077715751205,-1.36045057417208,-1.9189194051526672,0.06699240514805585
-2.1720373138958746,0.4489634038294891,0.3894499596722564,0.18729946072292136
2.6186073449947176,-0.30875261475613314,0.8848545610756416,0.8678379338081356
-1.1721464602037925,1.1647321680014615,-0.05921099876132776,-0.22213554164702623
1.1146206359208632,-0.2119309660789287,-0.9576252353215413,0.831698761641074
0.5201139663741304,-0.007358719264056069,2.1715636445012403,-1.7523495002892273
1.844286904596697,-1.9258006965535672,0.09221620534290564,0.13004330093957275
-0.023475246949805777,-0.05187984367678216,1.5343607372995833,-1.941575890038592
-1.5796834316165287,0.8436500049322273,-0.21071613805802084,-0.5002406983270284
-0.5929763263481043,1.8561586667274337,-0.887704926847889,-2.207456647695088
0.19768595420709725,2.2743843273232365,-0.033270129019412696,-0.13179739040090696
3.2825100613260196,-2.984614553152477,0.9074970081797982,-1.1763843850642792
-0.42608055645643245,1.8060640939450667,-0.23546916760909656,-0.5825630378978258
0.8373297374813096,-3.043921783264232,-2.611509908790634,-1.035792607042628
-0.5830788865072554,1.6875047817350788,-0.438151970328787,-0.9545669010364356
-0.7430430543063996,1.5938402134958038,-0.41802027113968915,-1.02185434112111
-1.456304246601596,0.9992272197939186,-0.08770103869539028,-0.4860977054470872
1.7812946038203405,0.422223351396592,-1.0469352702666286,0.8793496568358194
-0.48745547815991225,1.7015932244902099,-0.30501349476715106,-0.5553315614921486
1.3825838622972182,0.3777739710218494,-0.7954449449801883,1.2132486704380143
1.650933853990141,-0.9593663166349856,1.5231530432368603,-0.7962310845695115
-1.2810244450630188,1.125769096754615,-0.4466230169166811,-1.0002323031063707
-1.8796275291387372,0.664609603345642,0.2994603801949566,0.11104261212769218
-0.47033789372952406,1.7560299154423402,-0.29543724003553246,-0.6475000723157419
2.263843105823265,-1.6470480938487282,0.29141387481600817,-0.5152762681228928
-0.7558366309216704,1.5546918264077614,-0.4964770667096025,-1.0782575385682451
-0.9636337412363536,1.3132151309428308,-0.3130208141711605,-0.5759214759699317
3.2287871981586354,-0.961738046445829,0.34713231384130044,1.127514002102369
-1.618683027621854,0.8200766474074488,-0.32372410971898197,-0.7149612123204984
1.8383775206022794,-1.4739839604284544,-1.7820591356838276,0.7946139316471661
-0.3758722887941053,1.8165564758973722,0.1601133635046702,0.16149691704276745
-0.4908695314899752,1.7366781951755295,-0.43657858402251587,-0.8804790549396945
0.6953217311326338,0.9500046117513631,-0.2471532612234486,1.2225376187335124
-6.1960089694283615,-2.5998031862096087,1.516927275257023,1.195395229192336
1.1735515779135244,0.32864056126618074,-0.6917871970172034,1.2481546727293087
0.7224726503742828,-0.20866433976666013,-0.6074198638499994,1.3208442111896208
-1.8202247385375363,0.7304550595236705,0.23872591628652956,-0.026861296084594685
0.8898284364437505,-4.0797964773878315,-2.8228861650394657,-0.8571807737402913
-0.7652694886826468,1.4749117881460416,0.04122310161144029,0.011045212453397249
1.432231428700858,-0.2343257303049451,-1.2295133059476264,0.6492871430241824
-1.2316218345863161,1.151279650173218,-0.4214390141163477,-0.9165965085796582
1.722220139532642,0.8069457443736195,1.5608097507112255,0.62764136176639
2.984912616343861,-0.13912884139429865,2.2832039492943337,0.36773223301750974
-0.9753301924454625,1.3435435632983623,-0.14745648500665762,-0.41027887707912125
-0.127639675863677,2.0009833911189934,-0.09604964930258172,-0.21203236286960928
-4.242341160528631,-1.1220379517477297,0.8539196080416985,0.5583711517059606
-1.8210833981934729,0.7843317366459448,0.31921615905029516,-0.07188800407997513
1.038045204282569,1.0504302033911628,-0.6072209893765121,0.7589238231739575
0.7304383161955852,-0.27794204504043435,-0.5924503784540781,1.4520896298622092
0.46519170502389157,-0.8737819791998587,-1.5218143942113764,-0.28879512099189336
-0.22653942299814625,1.9824513386859275,-0.26476872958506265,-0.6845368545731477
-3.9674225161525865,-0.8266867159828815,1.1690900418956365,0.8491889115509509
-1.7124752540591393,0.7939561576307985,-0.2890378852942775,-0.8333082501657798
-1.4387106930441051,0.9680317810593394,0.09659323089882561,-0.015841424839343685
-0.6303722529175929,1.6526317753510729,-0.22040422160890352,-0.6139061243956299
0.797957101287555,2.7785045138982802,0.14015342894360766,0.1378718409456724
2.042296484364612,-1.4666405779505225,0.5591237563154121,0.11509189379187165
-2.378587006232593,0.31839680038347223,-0.26923984879580426,-0.9551792881414444
1.1656918057925612,0.32825052966912777,0.23422318175111861,0.6413381057162338
-0.6924913241843995,1.538396436255695,-0.2371113499438511,-0.4539391811910145
-0.9902199448651988,1.3934049899796368,-0.49673819333158437,-1.163137672449968
-2.0266411255836494,0.5604713810570243,0.022938161007992532,-0.37099636598252506
-3.8996678229044814,-0.8283087285265809,0.7783735824244934,0.4013351542871115
1.5521154855760644,0.9857056650917023,-0.5143623001395504,1.385305646604918
-2.5227873396073677,0.229670119399717,0.7191969868484588,0.5251068945650569
-0.8802000952969251,1.4564365001370516,-0.25122424712591,-0.6986811007464935
-4.66292045138078,-1.5255240692710277,0.5927704147825802,0.3085530521266859
1.0065945668130747,0.2750217852773991,-0.7758738742736246,1.0051960282206314
3.3433400359962406,-1.3497700069969036,1.3815809139919017,0.3076351452358018
1.053769405686983,-0.39253275614616273,-1.4151403462532952,0.18094790876172018
-1.5699099567095938,0.9023918488253649,-0.4129500103377118,-0.9808232163156275
2.4390678257869216,-1.103263275184836,-1.5056808338800187,1.3327794765413508
-0.49568275995209643,1.718058651286251,0.01013525011322667,-0.0904894518920019
1.7369614792157513,0.37444516348652834,1.3308383391117513,0.738501513840325
-0.9821736174155886,1.3649215856850967,-0.31154813486393157,-0.7530783236813885
0.20635431586209046,-1.0552947206050562,-1.2158220352510551,-0.08243070980369342
-1.6179422168454802,0.8802575735040657,0.12208437230530819,-0.19155629044948627
0.9833019872535763,0.14563668228106805,-0.567492781622527,1.4785773155839717
-0.9621287223665844,1.3399482934390292,-0.5446716829548952,-1.0383247463740777
-0.5932218343838005,1.6283525758171933,-0.15318935739144765,-0.34667038208538153
-0.3186823001357132,1.9192820953896745,0.20967619573724366,0.06703052967200422
2.9512801513389584,-0.8039572665315603,1.4570379314545079,1.0217260576224285
0.7594185831465878,1.1862411302916593,-0.4492011286460432,0.6650419166082249
1.1539952280846324,0.42596744082615157,2.3352003073110574,-1.8082555337037494
1.624789033793966,0.9587596328872088,-0.3945531736538926,1.8115716416787533
-0.31208236026480185,1.8718883061530294,-0.4772109151062576,-0.9184171610165536
-1.7802072582855752,0.8303088820168769,-0.42274725867068524,-1.2716871627319388
-3.301315245485675,-0.36633558562456087,0.39091306996565894,-0.12735452267772931
-0.533427285574873,1.7763130875666417,-0.36941906444762557,-1.0004812908035632
1.7482736474790135,-4.554528747459409,-3.2249984507647294,-0.7614984968375007
1.9339258932796017,0.42924961078168966,-0.32032659406578146,2.559255291302042
-0.2075551186968984,2.014763355802961,-0.039206346403455404,-0.3688805854770235
-1.777691781627758,0.7708224461100494,0.09106451637810027,-0.3213926909009693
-1.8652744630673241,0.6286205499464589,-0.07469238361902655,-0.35897915852305173
1.078408918979034,1.4373038724183929,-0.6647181938869966,0.38092689153979786
-2.5521719680876394,0.09925027413683013,-0.20502795431763868,-0.6391604183568027
3.059279841783574,-1.755492770136941,1.5971801195711008,-0.41430974809492555
0.9219440527940763,-0.4574796656873419,-0.9483654898948688,0.9460587467614191
-1.6731031553979538,0.9402609159289204,0.6766250303621482,0.42604240341659855
-2.0588614082342573,0.6067659522830088,0.7702934880826979,0.6150026822200424
2.3900258318167995,1.324504975215247,-0.03490064575590658,2.8487995397655497
-0.7991034935902673,1.501152667153983,-0.08125769368012922,-0.3379007936704998
-0.23146471023718646,1.9474631986884667,-0.5813495435255364,-1.1207428054121449
-0.4927172375940621,1.7282113541145516,-0.2815772633561758,-0.5986014568096196
1.5910669085493956,-2.1602376936338823,-2.001056823366976,0.4135342007610238
1.265760901856095,-1.1145479778315859,-1.4791320751966188,0.6068916542519676
2.414494780640401,-1.1562896445985358,0.5151489457105258,0.36100168714879904
3.8758753769649426,-0.8600716109969238,2.5102906887942904,1.1665171815036681
0.9795121269980688,1.0258647911189254,-0.38468843986114226,1.14237437921391
1.0049924493164701,-2.2041449798819572,-2.050118720925443,-0.2829789215507783
-0.06634562692874367,2.0573097051542537,-0.007606533610223641,-0.08685679503881609
-2.1075635372850927,0.5195604846316868,0.05958697497192613,-0.3944393300556863
-0.6045829850318496,1.6476052680919526,-0.20579480939829378,-0.515797141100274
0.33727270804698856,0.613840815700923,-0.7184482790121363,0.32318081456404635
1.9165202217970314,-0.6728179670560291,1.7512027784845146,-0.24417201969287108
2.822931994662713,-2.3964256688872676,0.721040236160351,-3.238499168538771
-2.6223769241764057,0.09605424876370566,-0.025321046684857924,-0.47897860254034075
-1.3978592881506082,1.0840409876793247,0.1718162740290399,-0.1597252244593592
-5.996327722334148,-2.4504360953922966,1.6522888993736964,1.4443561662507634
1.2459526434558716,0.009408463992251282,0.3596226776969106,1.2645731170606402
0.3637899762867356,0.7729648671673405,-0.7833476413705167,0.026073671119280616
0.620635984159167,-0.7422196485758571,1.3780270844555564,1.3903439482961308
1.2902104259534044,-0.9278405913644516,-1.5236221317185368,0.43529606134212045
2.9012597915251654,-2.648952712361035,1.88355341187556,-0.6354710291156647
0.6106246774493769,0.8095746492325465,0.6539433612505581,0.5905665955967059
-0.5176396158768493,1.71466024345404,-0.1962077463180766,-0.4723192553955444
3.3662961867731793,-0.5069217503999838,1.9330543197305168,1.1278328166762999
-0.6744280978100423,1.5712149778967976,-0.3462323695745277,-0.6873229886080627
2.1022839476876825,-0.4540017591419325,1.2126086957348206,0.23852935630744643
-0.8652485181064467,1.4176234553297145,-0.07050036806025275,-0.2402836434068862
-0.9172244544941822,1.3355381235594133,-0.21317783021331196,-0.364428583898871
-0.35915895484783245,1.8558405291923812,0.14689119470796574,0.05817964646342875
-0.7360859741285872,1.5073910180837204,-0.1716107741963854,-0.36245104392899585
1.4185399487470256,1.0836514092167733,-0.7014087743050944,0.8858492515284448
0.31406600956070485,-1.738757732922376,-1.9074134998305643,-0.9220499637505237
-0.27427367833151384,1.9163867979678664,0.048593110043047526,-0.07225699850561144
1.2951096527370836,-0.21043999882113107,0.01903173101449223,-0.38196091930701664
-0.6635272571541622,1.6242882142390567,-0.07692008398931707,-0.3612024333930517
-0.5885143610766236,-3.185753972278371,-0.12730211851263373,-3.062064993922446
-0.3680154252402148,1.8168993592371234,0.0942156278231688,0.06850475791358161
1.8333650490045499,0.6218021071114643,1.7809972570656811,-0.5931199508899033
-0.7312036802403112,1.5972572270179104,-0.12179645154195307,-0.538768589604705
0.8702205422230342,-0.898300446528595,-1.3411254276886677,0.5348150262466852
-1.9767155375510124,0.585575853519975,-0.25138076266326664,-0.8134808624758698
-1.1858684643677024,1.1687063765972556,-0.016602075394414457,-0.190663707835703
0.6319968747348578,1.6420615698692866,1.3555654838428366,-0.6884092671353481
-0.09461254158154318,2.1003648340854073,0.2195824956063773,0.1012510524495315
-0.829018842151576,1.4945127731089145,-0.0727984340596505,-0.3581151415990248
-1.0837954936026264,0.10218806990037295,-0.21064355218173197,0.35863822016675834
-2.8426760681023358,-0.055196982265970605,0.21165319901610127,-0.23020152154517257
2.3477608272373494,-3.675799091484768,0.5956493602530367,-2.1485621753015445
2.2485471260918337,-1.236080261470748,-1.6727651333414568,0.9613431636350328
-2.2884047085849715,0.3726731589032031,0.4681815532017726,0.2586545840467132
0.6415183117104066,1.486619022485368,-0.8611748614469369,-0.554092055363733
1.4171536050526943,-1.724194806946906,0.017586863412522063,-1.103459634204965
-1.3063363642099035,1.2145540056785655,-0.26219806875382673,-1.0015875344535408
-1.0250820744524447,1.3041716238732766,-0.24037567609823465,-0.5636597410750022
-0.26722794418445256,1.9254299420548253,-0.3531180964808604,-0.7526476946917289
1.9754389053202541,-1.433853747695909,-0.9877261133649337,-0.07466513424168222
-1.0351681562586341,1.2984020965075842,-0.5584383235972108,-1.1116497724789467
-0.6494646179796979,-1.9394425762364904,-0.5523799118893422,0.9461639065520991
-4.06075298140857,-0.9190672425637485,1.0980176246557587,0.7838459154640715
-0.7174611352502083,1.677699228116543,-0.13939740377351859,-0.7718486280472581
-4.138469480413966,-1.0040115611832954,0.9960993745458007,0.6857163065325914
-1.5771068254278888,0.964570909569096,0.035943020615605246,-0.47444671654827064
-1.2563755387158508,1.1396822228902663,-0.09958963723894607,-0.4000613615681209
1.1861426304081015,0.7337424031569686,-0.7913341458163919,0.8199086014310042
-1.798918327313599,0.7535973517426983,-0.2932476320454421,-0.8829282338871679
1.4894306473654169,0.8290367362582249,-0.5252220048995032,1.363141967287217
-2.76644987620168,0.023351388441651497,0.590411973413274,0.32652428108619025
0.7880044476224138,0.7599212882748867,-0.34264966291881405,1.2107143424176272
-1.5903194292919822,0.8128889739059694,-0.37246243024987696,-0.7160919604930246
-0.30668984655027814,1.8444792019064136,-0.17372400003629476,-0.3180399559613795
-0.06324714097230404,2.0418595863110616,-0.19025131604429793,-0.33956570277426706
0.6442516111348392,1.2495159688676363,-0.38997006207870444,0.58441517793238
2.6516475431019755,-0.15989215375826904,1.1847283707976455,0.15207451804382865
0.711892184103791,0.7197288521713616,-0.7029929901351503,0.4777267481720273
2.677987867986303,-0.9472620068705733,2.128397252777193,0.723767973231966
0.1506828291519447,-0.7132666463755372,-1.0355472990661476,0.3134684880991637
0.6299370895610304,0.4907772019643156,-1.0039334870666066,-0.01487319625191451
-0.314427424597041,0.28980919650473885,-0.5019605058080043,0.3736973874679773
-1.3155737548961433,1.033269690325813,-0.3645147845658701,-0.6879663471375445
-2.4278078242804604,0.34361601572896733,0.42656154090510917,-0.09427127095837122
-2.5213503398966126,0.2451437977872084,0.20904025999613157,-0.31653901323056804
2.3048479561262347,-2.2355065887811354,1.3822070571654048,-0.32262614741245665
1.0542181715341983,-0.316666601148933,1.5637564086683076,-0.45083059911432893
2.416856711463828,-0.8244660856145585,1.3417694385477115,-0.2035557583453299
1.3554507581990747,-0.6009907961137098,1.0522088439059574,-1.1871950538673766
0.4529786924842906,-0.06208005631360349,-1.1189509273557543,-0.029572515426513585
0.8571476121816729,0.6932388820219519,2.033895069568999,-1.7363380152672219
-0.2689301150011297,1.8831430681569947,0.130408311138895,0.16834861511570223
-0.1934544328821586,-0.12523799826562376,1.3582509719458775,-1.6206075538261056
-0.8943264968036193,0.619617971843962,0.13883413446412657,0.662145832492492
-1.3105928906253468,0.45975109076395154,0.08057952230369579,0.33964800633239894
-0.507111749222117,1.715685413935097,-0.31806143754438726,-0.6586089092303502
3.380431831822606,-1.677263675125918,2.3054137129491608,-0.5241119857029105
0.9212495467737181,0.34620244576471615,-1.0108873123792121,0.4209604502870214
-1.174902838107561,1.1788528338075355,-0.5227346691092615,-1.0380197305237244
-2.290011040458022,0.41053572620573847,0.23753703385608993,-0.24144748627878262
-0.578703775466625,1.7503465986096813,-0.6676459273799134,-1.5059231655167677
1.726474703220863,-0.052446903108475905,-1.123356164276947,1.1699281061357771
0.40378859073805173,1.0835481379511978,-0.447946253519407,0.5188130772175663
-0.9051149604450176,1.408060511534943,-0.4375291134768426,-0.9131524351265675
-0.2668137014955408,1.0426948076249138,0.22444614115051814,1.0070346333877631
2.5770372486403823,-1.3174589384437,1.7711440356798482,0.03808046263479299
-2.839219313951386,-0.07575907671864426,-0.152931638741672,-0.7151786875219761
2.6753722320346345,-2.791558709652666,2.6735794621498266,-1.7713721574443093
0.9584215224511641,0.021989347460698354,-0.7314968967686692,1.2476908467051944
-1.490891326085917,0.9540040121952533,-0.22733839028455863,-0.6285782326782179
-0.9523551419625464,1.3659817040506634,0.008730867241496666,-0.15828672331872115
0.7925195783203042,0.7604261821343036,-0.6399615980707992,0.7013754849661621
-2.725609546878301,0.12628729707813496,0.2455599925566961,-0.42728998906884785
1.800612011286752,0.5831025367533246,-0.7072714141553358,1.6595933699168794
1.1784638186475764,-0.16391756056829296,-1.6385569013079064,-0.4211718873699065
1.8714675569019095,0.6820548564826584,-0.1974192100971736,2.5907753506917217
-0.06776896529936359,0.17458483234463287,1.2390267912799193,-1.808243788094734
-0.7584471701961559,1.5228129055841713,-0.41223033432435346,-0.8547816440114806
1.1451504527521832,0.04090984658455057,-0.9725608149926612,0.9287386614903876
-0.342002230764753,1.9528255864471311,-0.7287674275743298,-1.631904982052742
2.174027151218103,0.7792843488887093,-0.5678773915657159,2.104449265754605
-1.1619362436382228,1.1356646479506616,-0.0022644323517610125,-0.011039430983502838
1.152384435594978,0.20514574488027282,-0.6599753744455452,1.4383699138720676
-0.8675784896133472,-0.5153108219500802,-0.5306103576729658,0.3301812578135169
0.010425090213826213,-2.1311113692200854,-1.342736021682845,0.24296084416565747
1.3183070263807972,-0.706353961383102,-1.235602513421757,0.9872690856278259
-5.879521680686798,-2.3630619484223576,1.7314703735186627,1.5899889785743433
-0.38656756006231874,1.8024893284142567,-0.3301721034245764,-0.6465487945942912
-0.6490227451595318,1.6497044042946458,0.03945332919032859,-0.2195725668134885
1.9857697400010694,-0.5011707055810402,-1.3322117177963577,1.098553674832131
-1.0517012629311597,1.325451159057902,0.11169765879599595,-0.12080384240190435
-1.4471669288880942,1.051050364870764,0.2644596310734224,-0.026431966593914932
1.2921376687664672,-1.3276345244052123,-0.6410324774432458,0.029215966333748896
-2.1856630424848134,0.48345086315359964,-0.31855562697549716,-1.0568787578173553
1.2715327516719255,0.44327140165848355,-0.6324905166811843,1.4284312624518465
0.5779054362854114,0.003654832839411498,-0.9280194390086015,0.5016628540219156
1.2133191639398175,-0.7800894238682982,-1.3862281522345652,0.6062294554689068
-0.7463027120121697,0.040628878590607286,-0.682155817843729,-0.06419155590836989
-1.3322877932426798,-2.0187583196271186,-0.5177495641838938,0.44896078973844517
-1.2709227471905478,1.1955712995403007,-0.529055640939483,-1.3077337003601777
0.5506586737268444,-0.039904272776876776,1.4424536127991314,-2.1280767432138026
-0.6685739439235799,1.757314410871545,0.39388975155279715,0.009350106108781578
-1.136649392992477,1.2646991007275112,-0.2669764815323283,-0.7489378349427247
3.8274174678286244,-2.3406028213471406,2.192434258269763,-0.8052046655032068
-6.1960089694283615,-2.5998031862096087,1.516927275257023,1.195395229192336
-1.409831622669539,1.1320357581832932,0.3709088525696221,0.01004117830563285
-1.5524105103853862,0.8935700902982018,-0.3776284000899119,-0.8579119231275275
1.468494390216784,1.5938367324235083,-0.27505062214094594,1.2659689610382894
3.0297674601160813,-0.4319171317637189,2.459194486175305,0.434266915692826
-1.2045007546764064,1.1437745330660152,-0.33190370225937754,-0.6841483229002321
-1.4085818456779382,0.9717367681230639,-0.24133882238518958,-0.5187020461607187
-1.2411104769699401,1.19596204447717,-0.12466292026397857,-0.582760796754779
-1.5606633732518806,0.9035957932602351,0.051230407361283446,-0.21977487701228846
0.9658377982909607,-1.6332673598951744,1.5672247168651934,-3.116702502277803
-0.3218815020617156,1.8863298967262105,-0.3786713356632732,-0.8345244126114302
2.3002154652126463,0.2500408858323868,-1.0896575519631273,1.3478093117131853
-1.58289267953658,0.8912840222887044,-0.40964416066526027,-0.9740045364581983
-1.189782654430525,1.1437277038051494,-0.2830343885397825,-0.5686275880625977
1.602922532250576,-1.1392068223772027,-1.552173717932006,0.6973373021435186
2.729113341740187,-3.4141585418385634,0.26983910095683594,-0.9923196776637023
1.3876429372251475,0.6468941020563397,-0.7608245618579057,1.09820384438409
-2.7938087852974713,-0.052627032409155804,0.2968315501516612,-0.029093814254130976
-0.9304278937905158,1.3837759991364293,-0.0033030812777621525,-0.19135042585147718
1.6998818930333022,-1.1562477152463926,-1.4045810318599699,1.056928406136257
1.474695053365241,-0.31656783633186775,1.0610363957637199,-0.7484656677044196
-2.8601751357079137,-0.05113867053374856,0.5539238119058,0.22837970503848432
-0.7059308824424894,1.5140360744635817,-0.1424780297994492,-0.2579486852161334
-0.09019558035105217,0.23446071398838123,1.6278195311411903,-1.1641943815054132
1.4175996562047273,-0.07802053000590696,-0.6494719740448536,1.9142718925021474
-1.266357460146295,1.2421962127576704,0.45139700215552586,0.15765413379626392
-1.646077097641604,0.837223389263385,-0.393576254153227,-0.9408605256777903
1.4764823836510284,-1.1496517021968597,-1.3490678971407233,1.175555561618816
1.495930336120704,-0.5416715666344699,-0.9737232221663263,1.5235571179282401
1.014415208271104,0.6917411306812681,-0.49057349884396106,1.2172984756673184
-6.1960089694283615,-2.5998031862096087,1.516927275257023,1.195395229192336
0.5643317684580784,-0.504310903191455,-1.072608338538014,0.38128863632145293
-0.9343259031909145,1.4521007211145232,-0.6563396889226896,-1.470867570197444
3.239952732885729,-2.8301356173087195,1.516974503550514,-1.2334396537103711
-0.18055523962848746,0.5667329223408328,-0.27615209766164084,0.5954049846023276
-1.1338859423940804,1.2190626870993788,-0.37049049146977003,-0.7961658564648944
-0.4534063096685197,1.802337294414464,-0.4332041146830416,-0.9686885658272916
2.6404085101783568,-2.466988284512747,0.21258350544556925,0.19712908347481375
-2.169404678878155,0.40308334895052567,-0.4453557562773646,-1.0204214493575152
0.13063863688382918,0.7209293619856921,-0.7309606596302385,0.051559514606336954
1.5873027805919289,-0.30940193429362534,1.1499874309351712,-0.24075145709986104
-1.289759615746453,1.0311224858584547,-0.21042714160614687,-0.3642908159362941
-0.028931290698075464,1.142708635602557,-0.15587168985704267,0.6770087664710481
-0.948504296547554,1.481583388283359,0.2775244029180988,-0.03720307138629202
-6.1960089694283615,-2.5998031862096087,1.516927275257023,1.195395229192336
-6.1960089694283615,-2.5998031862096087,1.516927275257023,1.195395229192336
-0.663172549407471,1.6369329646650665,0.18948621690784342,0.026208634342441375
-3.4014726114778444,-0.44898949600846133,0.5947087324879909,0.17103553497575918
1.3539865450943787,-1.3403222480028139,1.654737430863193,-2.5195626405590614
-0.03261531343386659,-4.136288633162079,-2.535873049435389,-1.0976149334652678
2.0221257624596514,0.666191149581154,1.7629360882211378,-0.906629416048701
-1.885246896118893,0.7296670595987416,0.1255124787379421,-0.38173304597774504
1.3966789420158876,1.2313643268605126,-0.1041037016881431,1.796526555404209
3.6822872589001805,-4.197919758668576,0.06077423234120179,-0.7460413828114834
3.2417343597528374,-1.4415832433167428,2.648862666805837,-0.32986504523401045
0.7187652976960668,0.7448295247791814,-0.6778719017478267,0.5988912550133261
-1.798084572533468,0.7331107191105962,0.050635357791991374,-0.3002471093544478
1.5910793416151257,-0.1546639334686359,-0.8826266169631273,1.610510137910336
-0.5738186753450426,1.7059310029024675,-0.03407463506576288,-0.33532499969008805
-2.28279452295477,0.3060588986188537,-0.41669347912157445,-0.961280497021782
-0.4522744473678182,1.7869486849060037,0.4381265489884946,0.5080630581070432
0.8314932934240735,-1.1640970550710183,-1.4494372648425442,0.3949073242176898
0.881943725175231,-2.068740220288735,-2.429269372727211,-1.3763896322415792
1.4995994743720182,0.4428941604747299,-0.8257441443481208,1.1878014353655846
-1.173399059024676,1.2178464919512826,-0.474142483854426,-1.0569823895436785
0.19657831897497297,-3.111553328395064,0.014131155370631426,-3.715189823678379
-6.1960089694283615,-2.5998031862096087,1.516927275257023,1.195395229192336
3.511042865348603,-4.014176902657539,0.15537298935995927,-1.2186645392676436
-2.2896260526084333,0.39861560832315324,0.5046353035999865,0.2485888714177237
-1.0529933289336935,1.272683158138609,-0.507863274626508,-0.9955184518625447
-6.1960089694283615,-2.5998031862096087,1.516927275257023,1.195395229192336
1.3658188573069727,-0.46092873178823807,-1.3904729418717887,0.5827869840513628
2.6172194407931673,-1.2537635694498268,0.3851841808861733,0.3128414576648754
-1.8140810285590394,0.7607611468276203,0.2122991769020045,-0.12139643064543439
-0.5355991836650555,-0.15058429181279742,-0.32601448708003694,0.7559921278224043
1.1250769974753019,-0.6134667752159434,-1.1432856293204063,1.0219412896074487
-1.0073814126800766,1.2902928905021578,-0.28293858226045304,-0.5597266142345579
0.15009504921676728,0.9130666953722738,0.715566706473206,-1.6720598309712575
0.7868269359580127,1.1623023629021507,-0.8751613468510172,-0.15726575023532352
-6.1960089694283615,-2.5998031862096087,1.516927275257023,1.195395229192336
4.356659030169541,-3.3453581354112005,1.4302834265534483,-1.8010954772298824
-0.14021831056241316,1.9871433758635833,-0.299865470646344,-0.5480601684272681
2.4907594469448124,-2.837455303788516,0.7969462719645838,-0.8166391300456511
2.442297559183728,-2.297348252625882,-0.6293919877834057,-0.5778499234711202
1.328060115378233,0.689322576606082,0.40557378092505586,0.6934847308853223
2.289046290971432,-0.7500353280703085,2.031843713926364,0.4652428540783738
2.995317197272906,-0.9659430858963237,1.8245422584124549,0.8275035346160775
1.9224933267216817,-1.0230781216811795,-1.3185986280065374,1.4411166882571418
-2.9052929864081807,-0.13230992783346576,-0.13652087679055327,-0.681286774321299
0.018911831382425824,0.4008039749007662,-0.43308809400541437,0.5547291801954768
0.6759699747083403,0.10001209741279472,-0.6527472069769717,1.1147066815727216
-1.7976299015957393,0.7075469352849681,-0.3552036366735655,-0.8616901711800417
-3.430855443079386,-0.4741422791643975,0.6019045202806762,0.18590730016483697
-0.7939281602980873,1.5350619304159865,0.19435446400452738,0.03281804550673043
-0.7115719477930461,1.5341907110889017,-0.2962249331798527,-0.584921174271666
-1.748820097626863,0.8055545797928628,-0.11832889317785128,-0.6739298107168914
-6.1960089694283615,-2.5998031862096087,1.516927275257023,1.195395229192336
-0.04331719643798993,2.072762418017893,-0.1961431560558269,-0.38857415078248825
-6.1960089694283615,-2.5998031862096087,1.516927275257023,1.195395229192336
-1.9450476308641687,0.6188471474222739,-0.3563827045253854,-0.951682185022987
0.8043447137464576,1.1063609055901438,-0.4630240385554528,0.6804309690751481
1.1361475724697634,-0.855044110707245,-0.9591318501873306,1.4866326869946445
-2.4690599355874863,0.311675075301204,0.6144221155532393,0.22014944662206248
3.1930643522531876,-1.547355065717514,1.993140606605518,-0.6993536304978323
-1.5056098981209696,1.0652097930652569,-0.49354376327970945,-1.4176221085362894
1.1628809599661403,0.9297462549977309,-0.530626085438764,1.1399028348774312
1.273130610414142,1.399050620922896,-0.35743725344257404,1.1872773787894588
-3.562252785130573,-0.5281389134476827,0.9297443349356086,0.5775704259811791
-1.7324025278043402,0.7169680557390161,-0.5198304866811132,-1.0238974724028547
-6.079202927781011,-2.5124290392396698,1.5961087494019894,1.3410280415159161
0.9875834984715757,0.6433555871193171,-0.6539543881949901,0.8713036782763441
1.809755224714929,0.3402060507038606,-0.993156370517894,1.2322120574210262
-3.647295202830563,-0.5650476735735507,0.9985857447220003,0.5781503679072902
-0.11710871415138432,1.0071786102622398,-0.12673439524629906,0.6982843181405968
-1.281497082967526,1.1086065820906859,-0.4087506946254151,-0.8904242422268899
0.623215571826764,0.45683807535451193,-0.6415579842428127,0.8083797627614414
2.5206399891520945,0.7110856262109869,0.864379367456272,1.3435205545432636
-1.1869435066363605,1.2300296378665208,-0.5109553979706222,-1.1829194637049467
-2.1950758922374165,0.3673890803237265,-0.2563492366094216,-0.6575485386044415
3.9971937526395394,-2.012157567543083,3.038015476796537,-0.26204897244498415
4.562131284753361,-1.5632477383835048,3.441951133241921,0.8776117469012806
-2.4343470375109475,0.29619910298531077,0.5199561030931534,0.19254332229455506
-0.7292573591094552,1.526375348990712,-0.32958724545108736,-0.659538700143064
0.23096426775848192,-1.4953359053723518,-0.9772036351853383,0.8936750383629529
0.32479746070220367,0.23673712091412216,-0.9682556347335363,0.0616968603198434
0.16162474705677468,1.3407542733693374,-0.17777729475120452,0.5348417994621284
-0.2882685068522922,1.9327703898393944,-0.041180376127563055,-0.3019972812734227
0.19597058881541513,0.7912926936946261,1.6580379521687814,-1.386684638308481
1.8197484399098822,-0.3456035458825052,-1.645888526289482,0.11613086376757943
-0.05649066383949356,0.00616851687858714,1.401508375170184,-1.769883310926546
0.9830675075925046,1.4620022788697915,-0.44812198215820626,0.6505947849819996
0.1579112149459778,2.259100940729021,-0.21972714930209816,-0.485529421509283
3.077172614624334,-0.1736363378383313,2.4850704158907755,-0.07704613117724632
2.876263273973468,-0.6652614350790478,2.3713530840733474,-0.5959010974077146
-1.121032255659995,1.262647080469556,-0.4875561977871628,-1.084641432655878
2.622546381849186,-5.437348675866869,-1.5135612855415175,-1.993177377607675
3.4923326312850778,-0.44804421497197916,2.6635326024226376,0.09446326000240728
-5.932044718872375,-2.4023506324066117,1.6958656091464361,1.5245036864193553
-0.023791183028910756,2.075222951174323,0.16415623899329604,0.25517895187171374
-3.103537812739866,-0.2599941557732985,0.2583024945811435,-0.2021647322219148
-0.7523292183235565,1.577441304586865,0.018542025622401297,-0.2805712362530864
-0.3671359659364271,1.8450919683025568,-0.12386127171999606,-0.3681823033778252
-0.8431169356658228,1.4925307677326811,0.3983457069099138,0.3750538993576981
0.5788635704901443,0.7185375977515699,-0.34474477884599086,1.1424805929400217
-0.650915718324198,1.6048074073965326,-0.4195349420860672,-0.8502490215323362
-0.450697996856048,0.10392876570175578,-0.555217240163273,0.3033000646839808
1.8192239271856316,-1.072941622215235,1.0115341259200756,1.1060588826297304
-0.6810965019647737,-3.907892726005259,-2.3862778690473334,-1.6147989903154716
0.17385313384800563,2.239566282894405,-0.2060370805270794,-0.37475715960377975
1.3258347173102427,0.11020404608816871,1.0958512055602094,0.004543459693340956
1.2878015412393502,-4.162314876840008,-2.631322369783055,-0.20181867480712948
2.6396866546413724,-0.41762736647966553,1.5456422858511967,-0.310913629071895
-1.5881012910125645,0.9041472630398913,0.12183768527514297,-0.1515260699673973
-1.8226389456753453,-0.7766739206171083,-0.03993836488252405,0.40390420985536907
0.27960889018027485,0.29882761983049844,-0.6368135131758713,0.6662190333630986
-3.403783399037418,-0.40376404353005474,0.6579981441765311,0.15243652922846182
-2.459074453030142,0.27789447062062245,0.2716713809880591,-0.22034822697072468
1.2310887401373947,1.4296423655196115,2.1157893383337982,-1.3505282110670391
0.6678978762321041,0.13175629460661356,2.354471953962359,-1.7384819778829514
-1.0129530555274777,1.3211886416008525,0.009273023023311934,-0.16520814896096755
1.2651797016732986,0.4127277191657023,1.5945157698782886,-0.24309434301361915
-3.966529716724129,-0.8479210002561632,0.7602436864126187,0.27601098114426637
-1.0597587105070518,1.2497849680688473,-0.4770953744005502,-0.896419233521177
-2.3394205100312444,0.34799670837585056,0.359523952831074,0.02489388770337793
1.1893023291220923,0.17020881428180717,-0.7530806576979621,1.3407368539147793
-0.6508704064454692,1.6899825916419842,-0.16240250007848342,-0.6637629172546415
-0.1703446068632353,2.0459693647740256,-0.26522533115285435,-0.7287066500663852
-2.9420755762303394,-0.1637932455254725,-0.1274281371197906,-0.6625036549071063
1.2701715045024256,1.1368035057164871,-0.4367227043043363,1.2417238791727956
1.4268838567653899,-1.0276960599497693,0.9093996348406814,-1.262842196628066
1.5774705747247524,-0.03217900994405895,-1.1664997017751413,0.7274581444225099
-0.24624542758244344,2.019942685435509,-0.3120259472433668,-0.912190514108998
-3.22270927861381,-0.29906045268849707,0.37135073424138004,-0.16775100791572997
2.2475677072350893,-0.35494256232181126,1.2926868580460047,0.284598635256748
-2.8181010355132026,0.009082643161620083,0.3070467640189981,-0.26171708421315926
3.2902257338026764,-1.8082538064765623,3.126610635607335,-1.141734659538691
2.9504009648014113,-3.4744544110999955,1.4739202895400527,-1.936393970035545
1.8685927691912638,-3.1451710092229113,-3.007886387938593,-1.0818924060018318
-0.5147776224707108,0.2099428835477993,-0.7211714044287766,-0.10674511907871442
-0.48998785359173896,1.6885428665713256,-0.17189643839028948,-0.30029422501645914
0.9896163247596469,0.7699935876824063,0.32278660964728595,0.25516938171450093
2.580253147943814,0.1822623277702634,0.9933673312149645,0.41990681093939475
-1.6138394379344347,0.864806162207261,-0.40176985206007304,-0.9577623039873225
-1.5025170824364011,0.8880362573132521,-0.39428316273592906,-0.7611552757536444
-0.21055636779109427,0.7324149878353905,-0.5258308879956788,0.0828462363292233
-0.2705031192904338,1.8936168730771625,0.13317393464204166,0.13471500394172597
0.15645451025643373,0.484481391340559,-0.8262352504686716,0.03551149972032433
1.8353800840522734,-0.7228679466788119,-1.5500378408395428,0.37620385832338393
1.4410857218783641,-0.16776227888532524,-0.9054028071616582,1.4119284961119576
1.271053898697607,-1.6832213922243624,-1.698607392580172,0.40003175338844676
-6.1960089694283615,-2.5998031862096087,1.516927275257023,1.195395229192336
1.8878360792064453,-0.17909307185073023,-1.274084898047043,1.0587757390699803
4.356021628725957,-3.4744692196190243,2.3658435448479693,-0.7285839549764862
-0.9433106209686798,1.3979414264410677,-0.49513455308101945,-1.0685725055744153
-0.19408038624833387,1.9730896360077674,-0.2582453843967318,-0.5584223710305382
-0.8766314979345241,1.4592012840031188,0.019543080869617393,-0.2438951505641592
1.1812399394718434,0.2869780575642788,2.5512398272090353,-2.1612323631899946
-1.0943758120928007,1.2992251870121105,0.0125804374032508,-0.33819206675309194
-6.1960089694283615,-2.5998031862096087,1.516927275257023,1.195395229192336
0.4129064230815342,1.367496962284326,-0.743102308904808,-0.3765258372807115
-0.37587546939836664,1.8287568751214531,-0.2746084007054835,-0.599247130167746
1.9004088287651335,-0.9592463170498946,1.6951806875459745,-1.7364032544693258
1.7043432758698265,-2.0712468732714804,-1.9800612375754127,0.5340942859595109
0.04526161388284315,1.0147118029216793,-0.7695258423016152,-0.39053059035436166
-0.9917081547329222,1.3529024255806488,-0.4360104954727247,-0.9535806012268716
1.2700585733415328,0.6708220999911574,1.4342566230491054,-0.1220379048745681
-0.4678817262690261,1.7888430202152774,-0.5410070980639955,-1.1477788808496312
0.8712834044714103,0.6984273799491297,1.6044784691062897,-2.0208740833287444
-0.7216710883062779,1.5307009070396265,-0.4886464585145745,-0.9246992030609417
-3.6319278301504196,-0.6493767951304271,0.4713467614947415,0.03893776939711028
3.702721475707043,-2.219735903012709,1.9245823845740795,-0.06284517143458325
1.3334189469186986,1.6056631933938326,-0.09767696438664801,1.4813407733832464
-0.6883311977123276,1.576224921413788,-0.405517994283147,-0.8321767973010172
2.1342372504682645,-0.18810489016951276,-1.0323891619004606,1.7822386953566614
2.3172612125036727,-1.0650548075536805,1.161535982873192,0.9922198744535071
-0.5491996108477853,1.6838913090320022,-0.32349625201801885,-0.6752338355250354
-0.6127695918618736,1.6445639390889741,-0.09265871103506415,-0.32957415811674956
0.36143863504905266,0.9611384354823836,-0.7186216084368953,0.09332205567359338
0.5080244950163603,-0.5327980926645823,1.8680461076189123,-2.083910567169894
-1.3120193736636385,1.0765106963946423,0.13929913812493228,0.021573642725996448
0.07860656912216513,2.156242774187724,-0.026458721697867244,-0.05810146001080773
-6.1960089694283615,-2.5998031862096087,1.516927275257023,1.195395229192336
2.370196607689397,-0.7847490673660074,0.9938722380829136,1.2620948079368741
1.3640420314504622,-0.034571426876933826,0.9401376815609045,-0.7255326494194116
0.2207442292232675,0.2269772657498646,2.7321464492183414,-1.160830234232263
0.9410955014609983,-2.71000870984633,-2.4313579400471066,-0.8110937683358741
-6.1960089694283615,-2.5998031862096087,1.516927275257023,1.195395229192336
0.6103525177097936,0.7584812914635962,-0.5439093977354462,0.7547684513784497
2.6802950187940477,0.6701588239150734,-0.5286506453361535,2.6970849398625436
-0.6808218129772526,1.6392345925700074,-0.6007287186267772,-1.3179603166303313
0.6723239695508234,-3.1352045766313563,-2.3965066393632886,-0.7616052277429491
-1.014896808159179,1.4096439309519022,0.04012634969890257,-0.3832807268729288
-2.8116409798339332,-0.010185501968382218,0.18539939392053537,-0.35268303690262776
0.8440304113727936,1.2905777071383036,-0.308305604529299,0.9851252474126169
2.9290359250213456,-2.589817411799593,1.521568901582901,0.19303630295397206
-0.20709801485768323,1.9165415525810308,0.07218859616239233,0.12011970129933819
-0.6473429077200078,1.633515085909151,-0.16563614412996094,-0.5040668319826233
-0.5265173122339115,1.730327495944808,-0.0651332089337052,-0.3344880040118146
1.985022145391974,-2.1847506461227546,1.6805239004152877,-1.7048786807451934
-6.1960089694283615,-2.5998031862096087,1.516927275257023,1.195395229192336
-0.8650038837543962,1.402831168807796,-0.45893425062584386,-0.8468621591409018
0.4786700572709944,0.6725214735987759,-0.7785825006957039,0.013946354791193058
1.4717833674157645,0.7180013040188302,2.223014087277022,-0.0036269690589765782
-0.6636925941132709,1.5664698347863708,-0.22233845955631218,-0.44075798016981194
-1.433570775455873,1.0372216132535734,0.07230870960439624,-0.2590989909924614
-0.19792294040269293,1.9872882862805623,-0.5118350329546926,-1.0356351473567553
-1.3814946565519146,1.0128785230077981,-0.08289540844513779,-0.30053007228811973
-0.5023788023155936,1.7101614864915773,0.013298628888238108,-0.08607492795859416
-1.5056098981209696,1.0652097930652569,-0.49354376327970945,-1.4176221085362894
0.41922572381340856,0.7167050749916932,-0.5953884001422045,0.5803778792149913
2.613082250755807,-0.13511563112756705,1.4145784226237328,1.4482192497817867
-0.5621273016686034,1.6491138253348794,-0.42470326351271276,-0.782158060615662
-2.0404440365629726,0.5434630945724203,-0.06068367558430362,-0.5152706018671671
-0.6902359904510453,1.6772627635110986,-0.4790437851430362,-1.2339192399514862
0.2997441815412581,-3.8381918390838266,-2.7652592664956197,-1.3003215499099585
1.8351450741105493,0.4534276380806597,-0.8595209826827648,1.384121905991284
0.46090832624417816,0.8924403919524347,-0.4221633890955172,0.643689948195458
-1.783343662130045,0.7278674256007069,-0.023593076776208994,-0.35342919833692427
1.971719430726984,0.05225288133130458,0.9178669428925322,0.8048174278757859
0.8114718288065521,0.4873206426859725,-0.6554466953754946,0.832818158257907
-1.0463262511478204,1.395936415976307,-0.10385471635223645,-0.6918447148169715
-0.4763537247991404,1.7590639397795196,0.03127672284723761,-0.1339153866094818
1.8434848827711283,-0.9332393613027171,0.973162022358282,-1.1357246993036456
-0.27490477424031756,0.4095029907988857,0.04854686329419518,1.3009066664079976
-0.06162385114903924,2.0526094583160104,0.12155053837735671,0.15826447980270827
0.8116569628915986,0.5873664747072298,1.5274419727538417,-1.108169664949658
0.928510687424509,1.4046806883485734,-0.5403872638394498,0.4951486332127326
-1.222045917815244,1.212272879400856,-0.12952865766985114,-0.592795751814462
0.9385589120127555,0.02732175559236643,-0.8681224334480805,0.9053648064634883
-0.0334813808996553,2.1343754699446627,-0.7835059158738832,-1.5307011763176914
0.22521501191785684,0.5722725724611358,1.212918957801859,-1.8655292821519316
2.4682088306935013,0.03886707041328221,1.5919270298401493,-0.3445094158846557
1.407604773093834,-0.3975676456497972,-1.2437738679725696,0.8700095262097515
1.6678800165910517,-1.9355415332755623,-1.474951781558079,1.4078829685903542
2.0188537389561128,-2.6751429501717254,-2.625450521690882,-0.5060535580105185
-1.6803996249523911,0.895595636343485,0.3459472021744935,0.00040032737450536267
-1.2622080262165807,1.1086745168147811,-0.14506085538346528,-0.39998682415130804
1.3924722006309302,-0.1030285484109351,-0.8456819688288123,1.4868547470016027
-6.1960089694283615,-2.5998031862096087,1.516927275257023,1.195395229192336
-6.1960089694283615,-2.5998031862096087,1.516927275257023,1.195395229192336
-1.734166032708762,0.7754553507113219,-0.5564365510949502,-1.2495115185705041
-1.886652174176121,0.7055592627746952,0.5243798777921432,0.3584900861232831
1.4485209905866665,-0.31009569337896087,-0.03731758574489877,0.6841150434226531
1.7143114474313792,-0.6246428528489713,0.9670666481019905,-0.14348972355087258
-2.6266836982670108,0.0851963136445909,0.05624993530782948,-0.420374698470919
2.1856036877136185,-0.39477287926056753,-1.3772908436665576,1.211569273256991
-0.20850558981871162,2.004431801174715,0.0446722668842053,-0.18905301727967308
-1.1599175582676948,1.241225474104582,0.006775769092603336,-0.32543822990375176
0.8354984641724418,0.81247792626361,-0.8050469181516671,0.3373965527415974
-1.4789363979011318,0.9396665467556641,-0.3587748391037197,-0.7873125260296419
-6.1960089694283615,-2.5998031862096087,1.516927275257023,1.195395229192336
0.2829609486253768,0.8078422846959499,-0.9518013294094448,-0.5026224420704125
-5.6798404335925845,-2.2136948576050455,1.8668319976353362,1.8389499156327709
-0.7342748226851886,1.5645194126570054,0.09999657759630594,-0.07433950501177326
2.2929431458068783,0.8943817675466399,-0.542543561259847,2.145551816433727
0.11286023930040084,2.258969944566792,0.045957362018709445,-0.1563536828015514
0.013710782909207684,2.15767222825348,0.09847681683184446,-0.01846068286228013
0.6060361130769464,0.0003681660859172889,-0.48958072963418386,1.2160752705827358
0.711191470875966,0.324318824340867,-0.34140228550810114,1.5205601343286588
1.0214746424306407,-0.6096431167061725,-1.1766474929367041,0.8406014047458799
-2.229843860969544,0.3839310871989502,-0.027509644840860176,-0.4054631751600156
-6.1960089694283615,-2.5998031862096087,1.516927275257023,1.195395229192336
-1.619327557016232,0.8601105195955628,-0.4003743007390094,-0.9548836269913931
-1.5108389927179764,0.9536358731847268,-0.2454144486515382,-0.7023581175855428
-1.7403488821253468,0.793982160663762,-0.4085540191415365,-1.0592863101762073
-0.41628185648229443,1.8233375202322362,0.2643812590364157,0.21478567579880856
1.6182785093488394,-0.11251824430132894,-1.2215598074957472,0.8992002096674816
-0.020687889640911887,-6.941358752273123,-4.332401453996101,-3.5165044514219637
-0.38014692249432935,1.8031365910264157,-0.2852689698048208,-0.5579572466520495
-0.4335918447652875,1.7337492200696305,-0.058661303731067226,-0.10561791147418441
1.2479274863384804,0.17355323921975815,-0.8934394159457376,1.079703325781765
0.9821491501663607,0.6903665552025312,-0.41942123935446346,1.3465868185368857
-2.520013600042138,0.19057118591667588,0.5262021975952648,0.3164027962534995
2.706635993947039,-0.04285775663496688,1.3398470341063606,0.4074508411096094
0.3065469576306469,0.8105537453157601,-0.6796404321541988,0.11927825013617323
2.7359976401239026,-3.798844491107093,0.008873998454610395,-2.870452458450167
-3.512151758378496,-0.4121269079824657,0.9274358887222264,0.31921272812396784
-6.1960089694283615,-2.5998031862096087,1.516927275257023,1.195395229192336
1.6092274998096237,-0.44451411993553663,-0.1298304808182984,0.8433873126860028
-1.2114911200148144,1.1383356657724422,-0.5963320814173182,-1.1355589959078112
-6.1960089694283615,-2.5998031862096087,1.516927275257023,1.195395229192336
-6.1960089694283615,-2.5998031862096087,1.516927275257023,1.195395229192336
1.6504399545043882,0.3980119703187296,-0.9831841791172731,1.1000646452627805
2.576857923424646,-0.9699737777981462,1.7778429331158374,-0.025429733323865278
0.2594581615994558,1.0106161214792055,-0.38955122296809835,0.5538360698617738
0.5538333230483092,-0.44632276648289565,-1.1362052475320041,0.33292105923109716
-0.3969260322042665,1.7837034660203825,-0.34043126492896986,-0.6363429224101024
0.7025490083441672,0.7529578183690425,-0.2329492098725483,1.5389432681499424
1.7162005321131422,0.0035663921155131622,-0.6462261910705311,1.9950159325238495
2.664165942764643,-1.5284451939724617,0.7559944037257891,0.6532281449589061
-6.1960089694283615,-2.5998031862096087,1.516927275257023,1.195395229192336
0.6117069602146749,0.9277697021408865,-0.4134629779350814,0.8144394954476623
1.7429598362920415,-0.10399355318957453,-1.2882896166718862,0.8241030439882844
1.3870836063176228,0.8323656695467982,-0.2749487060039141,1.9338576758645278
1.977186289245232,-5.15257540935418,-0.7645608512666039,-2.296709174780629
6.464984517545162,-0.9783198185920354,5.713835179038834,0.8098007571142863
1.820670967926148,1.5404532131937518,-0.3165094247863519,1.5933947911621844
-0.6500627837572311,1.6605533809828812,0.35123906309826997,0.25023879705373175
-6.079202927781011,-2.5124290392396698,1.5961087494019894,1.3410280415159161
-2.458029774205478,0.40540532816246283,0.41710095239636846,-0.3444326771504818
-1.2697399064561197,1.2669782516461445,-0.5544333494109059,-1.5431276678717805
1.9025697549791205,-5.300680098905634,0.2629426421539183,-2.7169923851745783
1.8230257089199746,-0.2999140354310671,1.7541668572575477,0.12736761625774226
-1.114008959239845,1.2529071344100788,-0.3535911175765117,-0.8145286264993881
1.6138366327331024,0.2633443230349067,-0.36468258303312423,2.390413682715094
1.7620351544609494,-3.985705650811664,0.44471268559156163,-2.2607300329647013
-6.079202927781011,-2.5124290392396698,1.5961087494019894,1.3410280415159161
-2.9474922071692986,-0.14492501141667427,0.2372886991532476,-0.17721617623727606
-2.3274150458400977,0.2678762437040532,-0.40546079504079097,-0.9380984481161533
0.8706211927755882,1.3667328114131145,-0.371439305289186,0.8166698275436413
-0.3057217700893467,1.984612736356942,-0.554515335241232,-1.3396809741529423
-1.1540512605428281,1.1584138866266618,0.004711801874652789,-0.04231065034289926
-1.2110591269270383,1.2590285606120413,0.3370687913630947,0.07463131975344235
-3.7594740153946082,-0.7082424774837056,0.7452310297719437,0.3327100475246349
-0.5008229383481315,1.7093112523020875,-0.458476245683418,-0.866056440648202
1.0417857712879166,0.7914373075780485,-0.6073459543671353,1.0301491550048751
0.21368586455847702,-0.13714267972158664,-0.882063917275211,0.44084034017202756
1.604021746462683,-0.20225928086035252,-1.0289796062471694,1.3201809557418305
-6.1960089694283615,-2.5998031862096087,1.516927275257023,1.195395229192336
-0.9115820676433886,1.454185607957277,0.017772848578394434,-0.32505740483782847
-2.47651022917498,0.29358691772920853,0.47685657423052186,0.06817346482464427
3.438002957472914,-5.444756966794671,1.8317969997123809,-1.781380363867263
-0.9536554031090838,1.394434651842348,-0.4341043638046517,-0.9780206806599999
-0.2840398176207992,1.8963385847743404,0.38182294979329834,0.5069240793299381
-0.5532313032386517,1.6467326251502645,-0.15857313864025566,-0.3157218458172771
1.4920017469419926,0.23121830359712464,-0.6156016932451929,1.871013335682671
0.8285086722421029,0.1757210761268996,-0.879820411226205,0.7040839077350786
0.7225234220812429,0.6711172577803529,1.9917080001825496,-1.7416494672075993
1.1287539052313815,-2.0031278255489293,-1.4884689760545535,1.0016232242219594
2.510544660576184,-0.9538352233916035,1.2978540045178222,-0.5409641200673801
1.0713027747511092,-0.420798878692444,-1.2146999630075905,0.6708291567000508
2.912838228407149,-2.062715118789415,0.9564370963078094,-0.4141913732559459
0.9806427375039809,-0.26193076856803865,1.2937122307947526,-0.41482176029576184
0.8486311320952612,-0.04531586040035951,-0.7286815689848605,1.2545149593632698
-0.8251330167450016,1.444341023177279,-0.30527157461897464,-0.6093748289100077
0.13691961201045866,1.188526186290045,-0.015480958821830346,0.8286476583768368
1.6867383317757043,0.44128509643261815,2.585855026250582,-0.5038152871131081
2.2580188844748714,-1.3474903445259745,-1.8824619609797049,0.7674988187277766
3.3301605185404033,-0.9657701616631976,2.406136240416583,-0.6901525715948068
-0.21838789359352007,0.743872929966439,-0.2600190951515862,0.48361444259905084
0.9781533597906423,-1.1283573182782554,-1.6932921355648582,-0.22194701355626897
-6.1960089694283615,-2.5998031862096087,1.516927275257023,1.195395229192336
-6.079202927781011,-2.5124290392396698,1.5961087494019894,1.3410280415159161
0.4488662903896163,-0.16255203339385002,-1.1859633700539876,-0.10020610967274245
-1.794216956940426,0.7104673678291418,-0.35606476760700706,-0.8634671700988791
-0.905777973680173,1.394800318682382,-0.12478353764726646,-0.35216795877527024
3.4460279985570756,-1.538476700050956,0.9590857383448074,-0.2919448400923657
-1.3724329704511835,1.0535003119759834,-0.19998077875864753,-0.5989692220271269
0.6512568389278269,0.7389632614834986,-0.5264697488779151,0.8780376757451203
-0.03401779354269377,2.0681133426443297,-0.13676520487050084,-0.2550117892670855
3.2972782422509708,-1.4420414406961366,2.0587010352679185,-0.3296463362306053
2.591037227650735,-1.4513151304758787,0.27391022489239725,0.060839209365180544
-6.079202927781011,-2.5124290392396698,1.5961087494019894,1.3410280415159161
-1.9734177262401476,0.5571155548111425,-0.31108697819815473,-0.7706278291332733
-0.9416539018673884,1.422439971768455,-0.17614559868717186,-0.6180775238134579
-1.9376037742202568,0.6252162046537056,-0.35827378787906966,-0.9555832072074296
1.1996041986184807,0.4430598246081574,2.436816730735908,-1.9190179866108017
1.079783075916778,0.019640900365137534,-0.835501735365851,1.13402567520638
2.8898522482670654,-1.959662882230438,2.1465617785278237,-1.1681716068093657
0.8273987094258908,-0.7040416525146919,-1.2493269563787301,0.49942460561149865
4.1102097877860135,-1.9436220106704596,3.2899306645965813,0.21844072957523208
0.781909604366076,-1.4809087583337168,-1.5281351900351121,0.3430600098330988
0.7108901361959555,0.9489085007100893,-0.7991939100817828,0.22405030348895197
0.8456513297083337,1.2875190561507952,1.7829709977500414,-1.2150293010648492
0.1412722206600286,0.29211445730192703,1.2137478135602369,-1.7398516919834641
2.836402179545943,-0.7653938602876686,1.8057434721262862,-0.2419273806124829
0.03387916586714834,1.5294705313997294,0.7269891525202761,-0.6507044205150749
-1.3152452536227062,1.0842105233115542,-0.1406137331066553,-0.4705173927378
1.3600326775547826,-2.4043446201251855,-2.3454992414319915,-0.5250119164120695
0.5276821844173686,-0.5948347757870739,-1.1484534728490703,0.25856787894516936
-1.1083146244645654,1.2710964979349868,-0.3828866897552144,-0.9007751840440851
-2.605307477110424,0.15051849988585542,0.4474837731684994,0.10561088964280915
-3.53864911351263,-0.48226733238624014,1.0979787424728817,0.7398177655559869
-1.233637547601697,1.221262954548473,-0.23113804511443584,-0.7854526993181854
-0.3616063892246728,1.855603254222449,-0.3569552512765803,-0.7796920517178021
-1.6515899041249777,0.9138732330759022,-0.11061168438365604,-0.7374537073768748
-0.34349303698088546,1.826847986674579,-0.10074632577852669,-0.23629916223795386
-6.079202927781011,-2.5124290392396698,1.5961087494019894,1.3410280415159161
1.0939041277735257,-1.2402427615654505,-1.8045975253201674,-0.026899772857325015
-0.6223266235888244,0.7187061182824042,0.3591589547926191,-1.1506298782447986
2.2414641911772932,-1.4077771773799423,1.6747130148135327,1.2068642412128492
0.2017483130216681,0.35591971905826325,-0.7617155269714267,0.3180206248175468
2.4018561120497792,-0.20800110564288823,1.0640026357047674,1.3316766130050228
-1.5088256975748604,0.8637589683323729,-0.41772955419931607,-0.7498627480610076
1.2309509732899928,-1.1395992223263613,-1.9364677113320845,-0.4849369375082234
1.878618758184982,-0.30559489470539686,1.1200733548856716,-0.9187292665454885
1.1459271930975972,-0.4792958889341865,1.6441902396361645,-0.9193720147951102
0.44995715309879697,0.47979886975880787,-0.5765136197041765,0.8356512661705376
-0.10628475345377884,2.0089671223734253,-0.15625937006368348,-0.28847129208154726
0.3087850444922756,0.9421576471879759,-0.26384342198459065,0.8816642694600253
-0.700116561251185,1.5146362504337012,-0.17752845948896692,-0.3061536349747744
0.6341322715826799,0.6570738166666646,-0.47746921621234634,1.0383146520018567
1.3252671755082068,0.12545395488691927,-0.9934656099820772,1.0082766387324555
0.8273679106092459,-0.3428705790453308,2.3535563673182587,-2.1598085681940367
3.135447866619188,-2.109087968142111,2.438217266802516,-0.00979782553712577
0.10419724188391334,0.8366431937001931,-0.38186019867897536,0.5769054322618218
0.14545423165192023,2.224402745901804,0.05311424868717531,0.04246598345262296
-6.1960089694283615,-2.5998031862096087,1.516927275257023,1.195395229192336
-0.12016433439343889,2.073579533433423,-0.20802661837120986,-0.5921756081849501
-4.8243826810474095,-1.6217249744076743,0.9785010411486681,0.768891968605729
-1.818214773945418,0.7118792657192662,-0.06479371445497953,-0.4668512281984579
-0.33580036582876854,0.13608870412808222,-0.7678490794465931,-0.5227621554626396
0.11907854267520229,2.2530918590823727,-0.16112428908692458,-0.46323666522483453
0.9563002776019285,-0.37649319169166073,-0.474136656979758,-0.4800643648853538
2.0352623915531125,0.6317831705684743,2.3038436332117587,-0.04643806891369459
0.9092845681271101,1.4989119364094572,-0.756238843653727,-0.010028758796219993
3.6549405418563894,-3.661757609294187,1.446206670724586,-1.2214457076851637
-6.079202927781011,-2.5124290392396698,1.5961087494019894,1.3410280415159161
-1.3468092023713347,1.0317696776616472,-0.47901747851321036,-0.9478423828249686
1.167037662618998,0.19227677977958,1.224371155124078,-0.6981973749271714
2.6154810259919987,-1.5863474912310982,0.966697414751115,-1.020649818700486
-0.9668195682267264,1.4097091053275805,0.023560494389499722,-0.30033062886312384
-0.6067085727159375,1.6634925954841577,-0.3249612395236668,-0.7612747418914108
-6.1960089694283615,-2.5998031862096087,1.516927275257023,1.195395229192336
-6.1960089694283615,-2.5998031862096087,1.516927275257023,1.195395229192336
2.07063443781518,-2.1813964472465215,-0.12770298964174173,-0.5332196078756486
-2.4697314710246974,0.24041483855542994,-0.2460334648877728,-0.9073133373791488
0.2485015100829636,0.7379160690317323,-0.3693662228536397,0.6855693261389391
1.8461248026979098,0.7167297878514027,-0.34695878086293286,2.1950654819990945
-6.1960089694283615,-2.5998031862096087,1.516927275257023,1.195395229192336
1.0993892225739474,0.4791043141477162,-0.9356542739778457,0.6533576591203454
-0.7480911189095482,1.6317100949707275,0.04572813779725617,-0.41719913866050085
-5.996327722334148,-2.4504360953922966,1.6522888993736964,1.4443561662507634
0.7629354337214359,0.9009498382554739,-1.0272430668096504,-0.22335029628555822
1.2267897630343854,-1.1118742641746524,-1.1886964594588212,1.1348232163686824
-3.846155864063355,-0.8059418895086226,0.4032523036452211,-0.10560361920436472
-0.626158781448217,1.6581759251793142,-0.32544025614821076,-0.7792300724325887
-0.8030276775485643,1.5113443594577922,-0.056598938679115106,-0.33542546915262644
-1.2375999587505655,1.1628205693070388,0.15354608408512996,-0.03157331655112116
-6.1960089694283615,-2.5998031862096087,1.516927275257023,1.195395229192336
0.20299047963614827,-0.20888563444073008,-0.6581329017165493,0.8777829817992183
-0.1983464263278161,2.007610730869463,0.08331879278859917,-0.10221737420353143
1.4571640949136428,-0.17524054161162278,-0.9885451109585551,1.2863250737256902
-4.189510664060038,-1.0767213449376285,0.8429606276800101,0.535508553758927
-6.1960089694283615,-2.5998031862096087,1.516927275257023,1.195395229192336
-2.8460260705237506,0.010327057700231766,0.660723948556778,0.27642157295319686
1.0192325747889002,0.24756009460780734,1.7511082995640896,-2.1923183458912856
-0.6032886549462358,1.6097334566594272,-0.32441069243729465,-0.5969080604597964
2.0273483636581346,-0.23133371743501752,1.2539307651517542,-0.6653479409564284
-1.3927915282500598,1.0465504146977729,-0.060424251010084105,-0.4000168205372291
0.3125015460209136,-0.4569646896258115,-0.7813892395090629,0.8177311560482774
-1.4682863229344985,1.002908781612107,-0.6247713969826503,-1.3903940926402945
2.634629499298224,-0.3779920760049083,0.9523243765823205,1.2066290969108031
-0.09307982696370347,0.8072039022002484,-0.5904004146667947,0.03429265699080347
0.10910230145970067,0.899133631257704,-0.6464488958635818,-0.15303757747259608
-1.58289267953658,0.8912840222887044,-0.40964416066526027,-0.9740045364581983
-1.7253430756897559,0.8770135552304594,0.2306416097788234,-0.2727410032307253
-1.378943616877217,1.0252285078194252,-0.3840291977240004,-0.839423913964416
-1.7067629678704532,0.782209152088644,0.2563552820128569,0.1147201551245857
-1.9624678514357154,0.629185540089192,0.4963552216943107,0.3573389409989813
-0.5211517220084256,1.7995779192398063,-0.6825027389542292,-1.536546031343877
-2.0989868544689427,0.4715760668709298,0.005002310315961413,-0.32271317170963937
-0.9289482216362832,1.4268685842358597,-0.11673276529202387,-0.47123801067713245
-1.707617786455328,0.7981672363448566,-0.5632484801424285,-1.2635565012653796
-2.238064823444228,0.5204466430756935,0.6338373897815237,0.20190332780026488
0.7897477254442503,0.8070604590961076,-0.487597704684332,0.9490788229904411
-0.934059247951519,1.3596971732729768,-0.35115146861844876,-0.7001706040992406
-0.29648257497406516,1.9601913107234168,-0.05473315602425668,-0.45015059110075706
-2.0312770522730244,0.625835266524241,-0.5157370267169648,-1.4408254778974077
0.44637829589496797,1.6004532577625568,-0.04742109911471676,0.6294833730981466
-0.9323058328505365,1.360590329105818,-0.18791310101838302,-0.4278608516587664
1.9702671434954666,0.15864944814529813,0.6826552623248587,0.8812537028082612
1.4997971441852833,0.8890506672029799,-0.5837524551224076,1.3364138950824815
-1.49895782795454,0.9225338394130557,-0.3537342023163878,-0.776909694306706
0.6276423030530689,-0.3135421465072294,-0.7624836118428177,1.0903671095458483
0.6777812031726339,0.6803768223286492,-0.8051033669844505,0.3834525562263485
-6.1960089694283615,-2.5998031862096087,1.516927275257023,1.195395229192336
0.3748299562249425,0.3658605397757951,0.6138421607636163,0.5726502629811714
-2.2209610082452658,0.3827509000598339,-0.28674728292654256,-0.8079869966736901
-1.956076491328611,0.6798599268089617,-0.3774866832861918,-1.1783818027137145
-0.45777092154124355,1.7249273495000588,-0.19353857014828016,-0.36356823366577273
-1.8952054909238911,0.6614922549797422,-0.3690546873691371,-0.9778215748348326
-0.507488869980891,1.7101846393824975,-0.17151788192174158,-0.39610392436635045
-2.510453396366464,0.2419003645327255,0.6210126873600101,0.36927782449504526
-2.0931874901629905,0.4920911259880307,-0.31887121797916557,-0.8742888294440757
-1.5995303223522042,0.8581342194003999,-0.16393575793870094,-0.5031702673931135
2.5818325280197647,-0.06755655089584214,-0.05644676732857878,1.5854142148461636
1.4997525611728197,0.8164972029939307,1.1955146598035755,-0.06832364012922883
0.4050312425861279,0.4256930409845884,-0.5179126262544889,0.75085265657524
-2.594268178811998,0.18274444030576126,0.22735040201669002,-0.27874565511011645
-0.2653904823151809,1.9496950211657567,-0.36642215432441533,-0.8364371041262848
2.1258261910369574,-0.3463992768809455,2.0084984040125593,-0.494295180501577
1.9524628899274756,-0.008638775751068011,1.870949605083737,-0.29707927547107177
-0.39743647678552246,1.8166232465948635,0.13134917145632616,0.05857368728485799
-0.14804340638696142,2.0290249821690813,-0.08224350992523163,-0.32438049058211144
-2.20649060383819,0.4917060599368106,0.15195260947516206,-0.41107253239922104
1.1642067127167444,0.869490385579917,-0.3053457197361077,1.5439240040157713
0.9407556346846506,-2.311998463647591,-1.9667894404389576,0.20123817431306074
0.5960545676198249,1.9018560677212342,0.11136924580043907,0.8005225667468941
0.6534226858818226,-0.48926708560494964,-1.3013955070264402,0.16297426332537598
-0.6550240962056705,1.637758286048187,0.06482127667394195,-0.1434116483877825
-1.282017838579005,1.0808953492151168,0.03676396153242658,-0.06152578892272464
-1.82577882344151,0.7349891714524563,-0.12124781769139914,-0.6156060648595921
-1.2352446598428959,1.2260921614651032,-0.538243703367637,-1.3266743960748206
-1.3833278605633523,1.0759513260493503,-0.37150133806097424,-0.9644849669746197
1.0790838114129797,0.7549058047430758,-0.6882228041459351,0.8193949259701446
0.3461690850852528,0.4945223257232017,-0.5906066068646693,0.5634792321548417
-0.7627666704956271,1.4704972724402252,-0.2673594498382485,-0.47791775536488623
-6.1960089694283615,-2.5998031862096087,1.516927275257023,1.195395229192336
-2.342994485347555,0.2564116893744537,0.017804074099142957,-0.2694055181044545
-3.7138437100467443,-0.6266991638124902,1.2864723951554733,1.060343481994161
-0.8252867044021746,1.4594906018540876,-0.13552399442598292,-0.3652221217177438
0.10260312428076479,-0.2558724381691654,1.9592750949298359,-1.5785999462013622
1.0844992657290309,0.07667860314388264,-0.5697694065443624,1.4457520215585635
-0.6196719102986644,1.6028426550272679,-0.03967736579524175,-0.13192015264899146
1.3033825884590418,0.8747600720340285,1.6514085940615137,-0.06618069706619965
-0.8148602011950372,1.5286317994026004,0.06157052857883729,-0.22622761985308978
1.489778921366388,-2.488293878407684,-2.6894013008152493,-0.8908602269684429
1.0910569905143817,-0.07258505025844394,-1.3268674424016054,0.12938612564694932
-1.5729290278676127,0.9109570657244085,0.10278723480054221,-0.15204202245983858
0.8930297108818652,0.4292111282522853,-0.8964368213651167,0.5401837053816866
1.8521586232853167,1.0471502360106864,-0.4290264485140155,1.8217423564907824
2.4202000434647424,-1.3254283360936043,1.4416601802868012,0.3140866031645744
0.4987359380270996,1.3408047913413905,1.2384193149786853,-1.0379251286135025
2.090871601020304,-0.5425846998402974,0.5402285144861502,1.1314999946135136
-6.1960089694283615,-2.5998031862096087,1.516927275257023,1.195395229192336
-0.5294923788931922,1.7457620355811903,0.08583465438317013,-0.12760450281857652
2.7749496696194056,-0.6621975912133617,1.5688371840522581,0.2106746136571257
-0.5721079847602907,1.6445241314371437,-0.18293029714743284,-0.381636013964339
-0.8043027489187151,1.4323363757794434,0.006542243889648781,-0.007335443925229099
-6.1960089694283615,-2.5998031862096087,1.516927275257023,1.195395229192336
-5.879521680686798,-2.3630619484223576,1.7314703735186627,1.5899889785743433
-3.5991000671870435,-0.6212645171689956,0.46353393106052226,0.02276631619935561
-0.47279032270597554,1.7558844321004607,0.10084581536971245,0.00740951511956113
2.986327508589229,-0.9488781159416322,2.458538646666549,-0.09736288364255116
-0.9599933578649413,1.4082415540447304,-0.3623280459574714,-0.9070295445839255
-0.23666482544678213,1.9267071616498403,-0.0027622960496122765,-0.10076181532323318
-0.7136351517195361,1.5236603657932883,-0.11913249012108185,-0.2610387523416415
-0.1891248985449507,0.8109636715320215,-0.6127275884700123,-0.0638403287853163
-3.3793518798203483,-0.45947324924554495,0.5655265505253669,0.22744041678908286
-0.6886920492229381,1.5614332983021464,-0.05359138088558626,-0.1962720920027239
-1.5041038737686891,0.9054896529784394,-0.3179885017761855,-0.6816867946608511
0.13173681858713732,1.184525192261162,-0.550117780753284,-0.031749913299641365
-1.4193721938345258,1.0685784289551643,-0.4908607944970534,-1.2289935088953197
-0.7464231687447389,1.575871095952474,0.02940181151137469,-0.2568171703021653
-1.3256258440504225,1.03329877320899,-0.27442928162058994,-0.5571861124468401
1.1176321524064121,-0.2100185666679185,-1.008522248780384,0.9251186949185992
1.2125460536683619,0.03853923193192431,-0.9315090481477196,1.074580590045546
-2.269892107953679,0.4345844278904098,0.29264267961672635,-0.1678339306495424
1.486738990142644,-1.4442614385165513,-1.8950792720140286,0.08596874610832383
1.686083022889858,0.1823559427588098,1.4024118333013271,0.07922616476449007
-0.6363929428087516,1.5910750205670576,-0.2635726396267148,-0.5165553021476502
0.6167934227517389,-0.019412417840004206,-0.6672993787076079,1.0239831739577867
-1.2844886609513495,1.09342227462042,-0.37319669223405555,-0.7956337401397122
3.8369288361363143,-2.7002838778774882,1.0817922034282814,-0.17991761601500536
0.5486270530430479,0.8059553398597902,-0.9679308177911092,-0.14755895527032786
-0.059298636089395264,2.0889437918104368,-0.055919869764578266,-0.23596644887464444
2.201318243232458,-2.5744120091749916,0.8900384388086766,-1.647295219748669
-2.447999953144259,0.33895316610659576,0.942285802322195,0.7433024675954819
-2.4851813503033493,0.20357965363507918,0.06033612175712324,-0.3934195884318067
-6.1960089694283615,-2.5998031862096087,1.516927275257023,1.195395229192336
1.5868791857139266,0.5661573833831821,-0.7911690089165041,1.2107368851585496
-0.20994649110611374,0.5098466825150283,-0.3824845477866878,0.4656722024488758
1.2812445817080413,1.5860438332345428,-0.05472181786715452,1.566767136130968
-0.8460164535397879,1.508126839961473,-0.029364584133237243,-0.3897069741580601
-1.9628648654024063,0.5686932132983002,-0.01917545842761838,-0.31896872150942374
3.4404615322154144,-1.163176853778291,2.435850125277315,0.2751761455807498
-0.2971749166035792,1.9155387777155273,0.25627467667224635,0.19925671959813512
-4.05941571065272,-0.9716937046033967,0.8965203078185108,0.5845834986608561
-1.9044509600845516,0.7005306136325572,0.44708993706310174,0.18624286803117965
1.028766014541871,-0.6018615509511143,-1.4877503434163277,0.18164614466630055
-0.7898904165661925,1.6639147135093202,-0.49167693488019165,-1.440915894490247
3.7298908131742485,-0.911679839741132,3.4368261082366924,-0.2691129885204109
1.9386032918558285,0.0287162696149647,1.8240007274863417,-0.11173725774760633
-2.020840471401596,0.6068790735398731,-0.13721283059241648,-0.7891442137356182
1.7925042426192472,0.026916196748042322,1.7874084687328455,0.708518419839583
-0.033515485831775195,1.1976013139731154,-0.3202775515071172,0.1820761856826992
0.40396886345272787,0.8739556407681432,-0.4691792504993189,0.6889823751617908
3.336823264713112,0.13521143786293302,2.387547602229599,0.8182719117405097
0.11049732437562158,-2.276420211395983,-1.9530435113796356,-0.7142978871282442
-0.46058626219721804,0.7885082872474851,1.062341764053184,-0.7037336755573552
0.5267149217971208,-4.02004564697143,-2.65866214348045,-0.7691809770025313
-1.6183551876419924,-0.29192676221205044,-0.24849250457251412,-0.3988140299231331
-6.1960089694283615,-2.5998031862096087,1.516927275257023,1.195395229192336
-0.717305636675439,1.5422340748614487,-0.03590573543990674,-0.2005016762436493
-4.73036958658872,-1.4742064965523782,1.1218848021869678,0.8429133311326886
1.2118257286038971,1.0060572507414072,-0.5150976515801677,1.1597180728706298
2.9494137361189745,-2.213001310323177,0.2731392495136487,-0.5136053641125983
1.024015171002914,0.2538255495116466,-0.8125743754914171,1.013852419099998
-0.9375134391365174,1.400290610138697,0.1872743398223693,0.06513183816528757
0.5468485263900746,0.9509866722835868,1.6441908473204239,-1.260841263349018
0.09612720196733689,0.21557249453066807,-0.8401809462553569,0.14013893135851477
0.3896000802812235,0.508977908162781,-0.29622375700199555,1.000956318728985
3.465952067285194,-1.9397644703818993,2.0363922643962558,-0.9876453564543657
-0.10332338651478554,0.23315827742648806,-0.5663212395607278,0.4697176422505379
-1.8988465935680794,0.6194625111924152,0.2622561387399495,0.15028922349556859
1.4068237744788716,0.6837800865769968,-0.9893402536432743,0.582436337146306
-0.05071216331929797,-2.7054006830316673,-1.8856109602720297,-0.6340320183055601
-1.035876042758233,1.4063386179540598,-0.27091901323613726,-0.9645955513304619
1.7452153309729064,-2.098186990259522,-2.3771372027792332,-0.3607749875635333
1.8990115999055506,-0.2705273335122868,-0.952004253283174,1.7774889734167685
0.37844194573575823,-0.4989921336788851,-1.051461243081903,0.46400003009665763
3.150744306529346,-0.3549232891452772,2.7375922086696436,0.026212789783084108
-0.2906933541381757,-0.5234430117073825,-0.48034417349988445,0.86520064099281
0.7536779490373774,-0.08586298049858328,-0.5826159918007147,1.382448017171332
-1.370725005294596,0.9987310927236291,-0.4894157700441249,-0.929543300775462
2.0061201934963866,0.036262588354992506,1.5145704679706429,-0.19453173514704122
-2.2893412608450254,0.4169825952882121,0.5750126758149097,0.2790493542310718
-0.8023856043972051,1.5035563488728072,-1.0568618041693718,-2.008018717584638
0.4079646986221054,-0.8048574781926586,-1.2448542043910655,0.2731968427641885
0.46366760196754236,-1.2297692240821887,-1.993670784727863,-1.0853700164061393
2.1004649027426265,-0.48030410959689335,-1.2638420400698351,1.3429604469060716
-3.1260888877310893,-0.32132214251024455,-0.08250913398630846,-0.5696524359311038
0.8778783832964107,-0.3054793512712611,-0.877671537726713,0.9781603565814723
1.0722614568791846,-1.191797792987233,-1.4678071005564444,0.6830456546954228
-1.3928130708281299,1.0773835834112777,0.22112682533729708,-0.0387417436074679
1.859223945622057,-3.2412898293621244,0.5174453712884964,-2.467676015384793
1.2865651440716668,0.8486749071684231,-0.5735734497017125,1.2614368573147052
0.9208278530668395,0.8315084437163245,-0.3581813241263053,1.2200730857114346
-3.101196165335001,-0.21061911859067542,0.42942647817458135,-0.050040834763011514
1.2030668318944129,-0.4829501471776205,-1.0282142628588262,1.0816164671657191
3.4931673575189723,-0.07002602606311682,1.6748680150643593,1.6489920557630813
0.021987137422048282,0.8943070345894062,-0.30090817090054567,0.6556229216106519
-0.3984371209847648,-0.13894158293900732,-0.46007163637393583,0.6893299851134767
-2.028827759706778,0.5613577015393483,-0.15860094217877593,-0.6444980594665293
0.9949149356067314,-0.20956728147046152,-1.4875420173883969,-0.22194926691493497
1.6493640731599963,1.1811492039219664,-0.36344740175644397,1.5966300514469378
-0.2986890091005109,-0.8522883042774062,-1.3459642981674298,-0.6014421145127105
2.396181494906552,-1.4930967210527968,2.5137932136493646,-0.900280336065503
1.1829449325018777,-1.196745750340571,-1.5558799062905257,0.4347113323329237
1.7672110295025485,-0.9466269038873542,-1.5607859400592554,0.8544299760398326
-0.2192373544163578,-0.3818631872622041,-0.4797300946546255,0.7646098345601647
-0.41664834600118633,1.7812234529774653,-0.4519642254297371,-0.8625426341575609
-0.5483868577271446,0.2036958176372528,-1.152133443554284,-1.280441025971286
-0.8373980902323114,1.5228331553303567,0.23814776842981686,0.01576435835891317
0.6247297212210781,0.15814734692105425,-0.4417143708252475,1.1725039189947506
0.3741184516492235,-0.627126582169015,-1.173121111553044,0.25422626049419195
-1.8268569253214684,0.7048313761146024,-0.1886556185480225,-0.6350616531572221
0.16083986278639467,0.33755139295826597,-0.4778206263235885,0.7795502723153606
0.23702147363103634,-0.032928300547822115,-0.5819867247552037,0.884308349885841
-5.511719207850319,-2.0886852249884194,0.9834426481137366,0.5747803769963081
2.9061582494812477,-0.8962521474240963,-1.9218023588689495,0.9511738440256565
-1.3486168247832637,1.1436511075114808,0.5732886229206658,0.44601656225623626
0.8319379551236656,-0.18552493659024813,0.520860140005872,0.3140991829679718
0.528862458215154,1.1403181198177843,-0.5370069023530848,0.4421914399826749
0.8697944755378466,-2.2210163131557623,-1.6521771254143707,0.444635049771477
1.1178853267075186,-0.6791779407718153,-1.4171778466970109,0.45846756763210006
-0.22467837088784337,1.914994296381529,-0.32094406481766485,-0.5762057901605159
0.3508337718894003,-0.9882535470442287,-1.6678933785438497,-0.7496463360447648
-0.2663767951792216,1.9135092725140843,-0.4119022101524196,-0.8185236382785785
3.929574306349367,-1.543582213254346,1.409210033393207,0.7058555301192553
1.0854554882589225,1.4404737429995367,-0.7859052351920081,0.12749028288411804
0.1707776934908533,-0.27453571328721604,-1.1817255630162735,-0.2617769274576393
2.0648740229402254,0.49886894219460015,-0.7929954602451618,1.718360905609652
-3.589582747986223,-0.6434278890546553,0.3969637503527335,-0.06067192212527089
-0.47545857841472733,1.8584707437609802,0.21250471458936718,-0.12720473763768783
-0.722471652320152,1.5636857542821057,0.2066241730885323,0.13144664090967373
-6.1960089694283615,-2.5998031862096087,1.516927275257023,1.195395229192336
-0.5116120793074809,1.6801341441953364,-0.37981878132910224,-0.6778803034703998
0.9267017112798768,0.8095809286181966,-0.6805864825034962,0.7738939010521023
0.5112851835510932,0.05934786681652118,-1.0663664269606572,0.10045355664750415
1.2511645084732856,0.43253606974219366,-0.5193071961601584,1.7098272023341612
3.5586357733446667,-1.793839558271551,2.0072236319961436,-0.024996120627704583
1.2009221691270682,0.26582596048616264,-1.1319894839455429,0.4278835038909321
1.1343252061746587,0.0866246542641641,-0.7692005282893728,1.3389019389130299
3.5830758109946212,-3.876193944261391,2.2598627246697136,-2.843302808043035
1.1605774329191194,0.8289735112918744,-0.08260049812244127,2.0560611623564156
0.026438772525179215,0.5020443376496113,-0.3351870239901774,0.785623748568683
1.0572982568511609,-1.805027118930938,-1.7504699774689616,0.3827866534001636
-0.8845121905127988,1.387802990312905,-0.3823825062327431,-0.7194339824318273
3.8234846960832654,-1.104568711414362,3.0627774392500817,-0.6907924242615607
-0.8728111322778201,1.4746741303543753,-0.1201748660241051,-0.5003130209631131
2.678528188906588,-2.0343104051499434,-1.9160850971761587,1.3968479728698318
1.3912318893767686,0.2942990077298459,1.0014426521216144,1.0072303380812102
-0.2875395041482344,0.1643121284020315,-0.9609849343346154,-0.5384950238818619
-1.8587404578497115,0.6926912244784426,-0.37833942694301054,-0.9969724287156928
1.5684501210087287,0.18091345578457632,-0.5189403811756232,2.165892569383846
-1.691376027784732,0.7701622094914358,-0.21389906674628648,-0.5971644498744482
0.6737227967281988,0.8439423189910064,-0.6655150243811832,0.5317103946167935
1.7785768601971532,-0.33772745837996976,-0.6642594530517455,2.291695202602531
1.0856115002164994,1.103113202915048,-0.26704322381672974,1.4846718785009108
-0.9041854161657796,0.12390072448174834,-0.4567924163478971,-0.05001069662180919
-0.8372972104215564,1.4339326117531659,-0.3021936993341851,-0.6030243448572623
1.4827668576240691,-3.068005986152255,-2.5817649425419216,-0.46541683033801884
0.49669280670436367,-1.752638225448174,-1.3879644869149683,0.5466141937538295
2.734475081331666,-4.479573321471938,-0.43094092087911834,-1.7920476510719185
1.1973252195912778,-1.7844553543976804,-1.8682746303895716,0.27318251429283213
0.2675164480171344,-0.7470670809748933,-1.5399052678971412,-0.605437038906209
1.8771697093227164,-0.30444761121203306,-1.1355041272043633,1.4549103808987407
1.9791747312454364,-1.4371335066924702,-1.4228033681832672,1.6919839623402504
1.1747908481117904,-6.771982553012069,-4.851054245369219,-3.4669091746014584
-0.07197205372369156,1.0064138319766318,-0.3212954412465663,0.45823522249643905
1.0022959406243692,0.4955544763942772,-0.9197729670082175,0.5754178713138534
0.31845582542139833,0.12393641286315954,-1.188215842698373,-0.3264200843662347
-0.17685160782127538,-0.18933924954025455,-0.805180415332126,0.17448675613183806
0.16903152542191333,0.25176153790305933,-0.6106015993355135,0.7158212822229182
1.71940415153884,-3.750978590614404,-0.7142028690240075,-1.0553084589162764
-0.1570862397028875,1.9955446748303722,-0.34025330753440725,-0.6763113059325054
1.6195202612765365,0.16400383497335697,-1.1280540221623654,0.9272966862531922
2.2327091305230153,-0.6832834342036845,-1.7068755854233852,0.6022262715890134
-0.5149977588349198,1.722262845542353,0.001217260272357281,-0.17982297505093495
-0.46194934284470335,1.770515471628478,-0.11491035418009365,-0.384537579932396
-0.6305613019405943,1.5864142535172965,-0.22496467411749246,-0.4257721998808486
1.8175133523465004,-0.34016759725735146,-1.2759848528805988,0.9244432635472164
-2.2317224217225755,0.37354143513131943,-0.2840535980231437,-0.8024261493076892
0.9654237388852859,0.4024731880953194,2.257097982215723,-1.6836900163507562
-0.9881863264880826,1.3333878635323952,-0.3112923448900328,-0.6811741308529813
2.24925314412625,-0.4558820425179866,-1.2329938606212485,1.6069315262449588
3.8873902129256495,-0.886539338920285,2.460949550061268,0.4913674745957267
1.245618888684258,0.8067328968180015,-0.8825584295927792,0.6272650559476576
-4.0150419033691955,-8.790512150682185,-2.025314298023738,-1.8691900911182011
-0.694637653094657,1.5645644363444002,-0.5219588707461515,-1.0127813713883573
-1.9420562721126902,0.6214065944903242,-0.35714258412445093,-0.9532497096264126
-0.2924937313030298,1.8541894355933606,-0.1914114390237344,-0.34280861040317384
3.3937378992626903,-0.7405058165140519,0.4383078756382251,1.5341948114683448
-0.5197740709915981,1.76279954619428,-0.2843429924361967,-0.7559389291326049
0.9256123978767068,0.9140199914251175,-0.3002387952695269,1.4521352044486577
0.4356912303232452,1.3148715579156147,0.009652145832191728,1.1128294074856666
2.060332229107366,0.0020716693939843325,1.3468156396536652,0.5351106044472336
-1.0729642981314007,1.2449845677974012,-0.17896117314079432,-0.40629052321378367
-1.62480116621252,-0.899355096680724,-0.1432760508703651,0.54685905475888
-3.899952959298822,-0.7660707109021061,0.8652974845093955,0.33254309947574845
4.179546912111333,-1.2969718632591767,1.972817234903986,-0.16132687209614324
0.7391080011999556,-0.21534025990199948,-0.04588762789783363,0.18112157849092145
1.9503101814721187,0.16641972597578036,-1.064726247417232,1.1898116386701691
0.8188970423992703,0.5312929583689996,-0.8389854124219919,0.47992286142596924
-2.076952108239063,0.5975199713574343,0.702034513530925,0.49851085476473833
0.504410461777774,-1.2124309333184984,-1.3450197160114008,0.324157953401497
1.640810109224333,-0.9014743594101393,-0.9988681128778545,1.8095567217342678
-1.3287372764480465,1.0306357504883046,-0.2736569960097402,-0.55559111556983
0.6219224602378104,-0.51737145997078,-1.4835983434783604,-0.3652514345110256
-2.26265994064709,0.3547646215649717,-0.09060838999664009,-0.5908795979878319
-0.9771973972414894,-1.7714835464656042,-0.948945426094965,0.1507052275995295
-0.35919479537452237,-5.1990843490682295,-3.2596357744540674,-2.4618345885843986
0.5911353905852583,1.7006912697850636,-0.1803447357536756,0.6095987290039458
-2.1763898114384057,0.5149530179694786,0.04383315958377167,-0.5765395672361139
1.100862638985045,1.2303935004246784,-0.08158553410037597,1.57025996415213
1.1310975081694472,0.2686488493920566,1.5402936542931036,-0.1540446191305673
2.665569807278173,-0.11943217400287137,4.09239043881588,-1.2893780499747487
-0.038148230307068265,1.0233316221726325,-0.5082993466315116,0.09356885877831717
0.10470878183008578,1.2154669076024194,-0.24708796031157212,0.5221771355972026
-1.2173174568056733,1.2997304566055812,0.32555477036235436,-0.09294327011555657
-0.9482327627294984,1.3991753205932398,-0.3246806269333263,-0.830107191079761
-2.6305015852090134,0.17107207469592223,0.2504200478622294,-0.32215488746619597
-2.10480877013327,0.546203094153861,0.23879764967099976,-0.16172241634422016
0.5187922514527228,-1.2988689599213792,-1.1447809334021877,0.4507994789967867
-0.9890351140414614,-0.9567511881031874,-0.6760679446554276,0.0711910445314986
-6.1960089694283615,-2.5998031862096087,1.516927275257023,1.195395229192336
-0.1240940935217931,2.0156658187606493,0.034945987821083956,-0.026530066940652616
1.9356787201333476,1.1534173842797932,-0.33931082831476,2.010846011847804
4.060833455278853,-1.7957863494315396,3.361282964026879,1.386322069358155
0.43596320283416323,-1.43323642333518,-1.616968470657304,-0.11217140456909394
1.9987114299999098,-0.05269356566593939,1.036666982671759,-0.01659265677076836
2.7794049464041612,0.5217146767145128,1.7529804725707847,0.763139953034266
-6.079202927781011,-2.5124290392396698,1.5961087494019894,1.3410280415159161
0.466865023129856,0.3344303624870737,-0.7893101354988067,0.43315946647937636
0.2072410232588207,-1.1074355031918262,-1.148480765039834,0.5208119524226611
1.6719682078663336,-3.0331243794931964,-2.307147677370013,0.45624013193081253
-1.1870542818140213,1.202559816808578,-0.2929285561312042,-0.7522814152497543
1.750913431135516,-2.691652621816745,1.3927603344296426,-2.0349718819418943
0.5037754333594474,-0.9949184268495578,-1.272014401843266,0.10496505791106711
1.7951450258485286,-0.31135671701989337,-0.9503256429293059,1.6106707227044466
0.25156692320081275,-0.25697639587097776,-0.8524058804800135,0.57073826230725
0.9079288629315063,-1.5375301299137938,-1.8549470579746912,-0.3546714611539353
-3.33312819325179,-0.4986353877321739,-0.03353099165518288,-0.4682417722360842
-2.9209769365523472,-0.12159793685975664,0.6097849301316188,0.40659132250236
1.3161416808015,-2.662209316058531,1.317960458754091,-1.4940064863605533
0.28805405659108696,-2.6232306777235284,-1.558132355696123,0.1562655981950784
-0.03419849504128611,2.165624700507898,-0.425544814672786,-1.00732570381595
0.7806589506055704,-4.446285503716,-2.9685789323374046,-1.0437060410732202
3.424587536708741,-0.5317003432188827,3.008331465694583,0.25763662248882635
-1.9728400861559663,0.5950673518091245,-0.3493269215993667,-0.9371266627891496
-1.1857750883489522,1.295266742897387,0.3478938273480667,0.013486480518697178
0.2361697612221693,0.009396112631510889,-0.6966807546775021,0.6335629416217726
-0.380392385218795,1.8492074746952807,-0.010807911614356201,-0.2308037547803585
0.10253736695012466,-6.805747916009894,-4.432214603225383,-3.5948403860571787
-0.23457721374861432,1.931110285846684,0.06402076118126683,-0.0041080247609312365
-0.801197614755649,1.493690430314689,-0.12008029960396421,-0.3896855676070856
-0.7680820750078918,1.530696085627378,-0.29700654853384706,-0.7014441926240271
-1.1144568245564306,1.2980092198946485,-0.6099143169302537,-1.3751679428978045
0.7542149304878193,-1.1497431943318261,-1.6080176565418967,0.004466757240315344
-0.6534123433140338,1.5953121841468274,-0.15049961277841115,-0.3736377617513257
1.393500454255691,0.36044528972013246,-0.768077922853098,1.3124805169613016
1.3495167080971113,-1.5045879291965483,-1.6187271642084309,0.7610793805566927
1.046574223127561,-0.4838867218034808,-1.415899390952052,0.2581312440340187
1.4100250753755255,0.41821656635535465,-0.7518800898818307,1.1311609786295178
0.42892014553425456,-2.682237409142158,-1.692839450541572,0.3270092118143033
0.9483435612148561,-1.2552916625010948,-1.1890713269227542,0.9852058195835792
0.8046102661959813,-1.125520643925033,-1.3228348670146284,0.569280887560608
-0.9859565284273555,1.2795943258724212,-0.32658401960057754,-0.5580124194957251
2.5011267777620403,0.013787158793338023,0.24334614136521604,2.0002906855187166
0.9680973583349305,1.8107251363140542,-0.10086927011904939,0.9419265505332839
1.5216050121748936,1.519873151736376,0.0072390777863414035,1.8496526304873298
0.6355071809993132,-0.7482402023030205,-1.3312848194356162,0.23639408887048838
-1.0161112883400936,1.3568790369630128,0.4435977161738508,0.4220819952206288
0.6529625919950663,-0.09805943209281688,-0.5850547801724577,1.2138831048854697
1.75714367546313,0.262123898102384,-0.9711367760102866,1.238161702944483
1.3936196302155373,0.6969023152209095,-0.8455993238011965,0.9163875298614041
1.1090118225120325,0.043566253039395764,-0.8386936231958924,1.1784191363255248
0.2827541617969355,0.3559698917958097,-0.5515772395293895,0.7693769991263614
-1.6123736526939079,0.8422605509539167,-0.36248820252674757,-0.8266702743650727
1.0802083605038537,1.2818311733693004,-0.38187933026542137,1.0984791866412158
0.4115726959090182,-0.423037135732343,-1.05030142516923,0.417798121671809
2.2411871483244683,-1.5056918093934468,1.3719022790987718,-0.11678643783829279
0.43829133402182685,1.0887628611831137,-0.501436556132552,0.4199204701390846
1.358098447287095,-1.9595116131707302,-2.0199009788694315,0.0034822725286281545
-2.2520119485954355,0.43420807182673365,0.2940804630410619,-0.09180458288510822
-1.0433681067456493,-2.2993994896713144,-0.6657493618683878,0.7868711295074899
0.3181457110598575,-1.7672824806678076,-1.7723768670771185,-0.49106997420590487
0.9935323495798088,-1.1804621207536412,-1.605913910713687,0.030653103900028927
-5.879521680686798,-2.3630619484223576,1.7314703735186627,1.5899889785743433
1.7152056401520326,-0.5930828485960299,2.3906597141324326,1.0321118851120041
1.4529449045979075,0.2030436403046594,-0.2647969308560269,-0.00717744792631643
-0.3536941582084285,1.8185458668952863,-0.16528379036893723,-0.33762669831383113
-1.094780954891843,1.2809240404757531,-0.44003751059261326,-0.9946795624537662
-1.1798896166662467,-5.524430529199961,-2.86078098533935,-2.215965889140361
0.034989447472286384,2.1536819347129867,-0.12398201302072964,-0.317726741590372
-0.9788237133685761,1.3888337481111115,0.31184158852897764,0.19634529718416793
1.371737376176102,-0.1583902889483982,-1.007195194752165,1.1842058202476384
-0.19619161289612186,1.0141479257170114,0.2476272204629624,-1.5688795438860124
2.663364942601666,-0.6164752751745936,3.237212364509702,0.20401881844343334
0.9380027044668907,0.461444408629056,-0.6826575880396991,1.069744593007937
-6.1960089694283615,-2.5998031862096087,1.516927275257023,1.195395229192336
-0.13474291138828134,0.06332749163665785,-1.0795335933201755,-0.4076586079577036
-0.8110631458309469,1.4487778227473038,-0.12999411341882364,-0.2995292530743581
-0.8722743463375932,1.422727148013163,0.033643899934791964,-0.09019136004405846
1.0735241702055733,-1.442136735150619,-1.7864501151142356,0.0829180284350671
1.550220079632534,0.9574053865959198,-0.3868237230482461,1.725243098196509
0.6547510025256597,0.6442931155410421,2.264278202985824,-1.3043509156109376
-1.5434527148910582,0.2312427756880136,0.12139199995468572,0.2362998704105274
-0.6775878100019166,1.5542729268959776,-0.09644794690814043,-0.23585779704992801
1.9206955864971196,-0.5827198728111593,1.5550319680279554,-1.4688989589100747
1.5663657907141622,0.908652212185411,4.2259511417748765,-0.8000894262495336
-1.4480154086801225,0.977318464211208,-0.21559256797091134,-0.5766647380931494
-1.0234071338138417,-1.0174368751317582,-0.9093155179446495,-0.195045080186334
0.2645319169437594,0.4828428972655743,-0.36517655390938425,0.9516477673574566
0.34653635060736054,-0.8294692498922478,-1.126037392294323,0.47010730376028814
3.823885313143208,-5.469280920319779,0.883045858339672,-2.2520763336408005
0.29663294038993526,0.4707553846379412,-0.6924960869353702,0.384712257787945
0.031690296080802996,-0.8973379385930516,-1.3569386357700715,-0.23337489812127976
0.038585147247470475,0.2566835535998804,-0.6774767664186405,0.39070393464037245
0.4921182756157455,1.2884697091136854,0.03744008828258292,1.2257440444770948
2.8359867832576935,-1.8521439641289754,1.8068340636162816,-0.18378793939151536
3.9960002821106486,-0.8460088628436955,2.416515996418666,0.06308411975891369
-2.3714438326547755,0.28482528852126837,0.2355650790917538,-0.062430135356350606
-0.5998376891065811,1.6129106900850871,-0.15099811707313418,-0.3156482303444023
0.74114111621717,-0.3944555167902924,-1.3603044082476143,0.01774463800036252
-3.4163360543624663,-0.4234411348525596,0.7725343588432974,0.34281510654140257
-0.06023667358938287,-2.405812686974578,-1.9690174994730512,-0.8178003986640126
-0.973555851709741,1.3099506352163455,-0.4314024705010178,-0.7900634928112031
1.604751425408361,-0.23824832226251008,-0.9905599925756874,1.4235863039699994
2.575991056987906,-1.8026765345800282,2.747327793934164,-2.4333095874371695
-1.3937103319867024,1.002421820834546,-0.07989595164856236,-0.2943318466852281
1.965836966192289,-1.494218550245435,1.0869778415548708,-0.4687004904760429
-0.6404404672628496,1.5998869317228834,0.050001723947708986,-0.017770213841740864
-0.7950558714310609,-5.787482359896173,-2.7383648204332163,-1.5097284937057975
2.092385679906194,0.008494473649441175,1.6437150234214875,0.9135912522577629
-0.5884561154178103,-1.5756452510048355,-1.4285197860442953,-0.6419602592159004
-0.22410374278147654,1.3032783299214599,-0.36356075869206944,-0.11964095817864324
-0.02859767054521683,-0.5612316201428241,-1.0348409399799503,0.08189897718884616
2.8900693979426464,-2.229174871539406,0.5570584024975317,-0.4152862966632587
1.3816424029557859,-1.4728855184102885,0.6931901542945869,1.0172264429994815
1.7921489829249773,-0.39446645869178143,-0.05806882626952243,1.0265843140884545
1.4548422609310798,0.8673175050857125,-0.6977213527239424,1.1050077425144722
1.8097037100909998,-0.20264057915299744,-0.9300565800056234,1.7430948513441142
0.9345940550399586,1.162310930939024,2.770121736611147,-0.657844198047681
0.5832421967983558,0.21766758847796538,-0.684370491981727,0.8567518275541004
-0.5533909582265573,1.7594601224607929,0.39993080322633406,0.2683174661773047
0.9376219628609249,1.0219920891600012,-1.01585980861853,-0.12486942392595099
1.222341601155489,-3.206001770840622,-2.1890784394503617,0.22214366304262045
1.1882551037861866,0.6326546826794234,2.1063382512405004,-2.0018128876096464
0.31650769498615255,-0.18769687896083764,-1.330730030605834,-0.4344466781574279
1.337466208440685,-0.047312272273155986,-0.940290073816247,1.1089173736595348
-1.27650983078347,1.1907918099833121,-0.5276170827479623,-1.3047681629452144
-0.5662457569151956,1.702010376401597,-0.05300814722442223,-0.3382406523466281
0.5326842179950861,-0.8556971113670275,-1.59924773953032,-0.4174493730244151
0.5501141048762503,-0.08000286727879058,-1.0550317690165631,0.2066304537749002
-0.07564202476046326,2.068197176967351,-0.14834983860712167,-0.36648975979920106
-6.1960089694283615,-2.5998031862096087,1.516927275257023,1.195395229192336
-2.042857231893102,0.5351575720636632,-0.33158744031094795,-0.900527766825116
0.8374750015126332,-5.31115909410845,-3.6247239856599007,-2.0576912428229823
1.7057583456165817,-0.43421335701141234,-0.9407699380078114,1.7338962538490936
-0.3009823918748004,-0.021708746477394507,-0.9451539805928426,-0.318153339203636
3.580944003261682,-0.34314017687395143,1.7330707526305402,0.7130757770170826
-1.0211744705536285,1.3392964171144388,-0.19981493596865188,-0.5804452685872479
0.9277757794269514,-0.13793172689581568,-0.9620864173836438,0.840882043315684
0.4803292197297482,-1.8932120643891683,-1.996187160616062,-0.5626115346932955
-0.9173427039011302,1.428848445695605,-0.03185798671284675,-0.34001772816734194
1.4480958086005646,-3.040059705937145,-2.5355331359042466,-0.5523539692133683
-0.3112922796605456,1.8570456097071693,-0.11257112997565016,-0.26808018799394456
0.2561721898291679,1.431944734968183,0.15884512901347028,1.0834386259828976
-0.0876595260291969,2.086410973612375,0.2917598687624071,0.2808520472418684
-0.334134094094811,1.8427727953885948,0.09089221766700899,0.06962193952977123
-0.19858498526437637,1.926919251806453,0.07885765596623613,0.12251882214262988
-0.34733588311931696,1.9969898280168317,0.06638483998097812,-0.45039916894285126
0.4372861299792686,0.4479080576158506,-0.8008546547358129,0.40078353023172497
-0.6697106709021418,1.6118697471836712,0.22989776163349718,0.1523155895187613
1.2467938682956476,0.414117608532661,-0.9818225905858702,0.7308813652343421
2.041266122286016,-2.268051655395128,-0.6520209280806801,-0.3949120384506091
0.7451832844484123,-2.080788801793825,-1.5051096234513432,0.5384260778006926
1.2539849032578754,-4.982636275811372,0.5543021635118298,-2.172495152558798
1.8499137024510388,-2.041982082535859,-1.996778896972311,0.6747019414773643
-1.778891451912587,0.8057684646994913,0.5848551002754384,0.40306194132400797
1.1187464733729926,-5.545296199222647,-3.7276016551862035,-1.868724566256923
2.0700596103763083,0.7555143376761626,1.0245768155168684,1.0587662587391882
0.5827466605435118,1.220320959490767,-0.4761871271937396,0.4743212717406536
-0.746811759599671,1.5235508896245427,-0.2289804251816752,-0.5384825079009196
2.534619666711674,-2.236533738601239,-2.2408198843905835,0.42984529174412234
2.1174043217163563,1.228263753754084,-0.5350690830295958,1.701178595542317
3.362653498791992,-3.3170950922760056,0.8671761472334945,-1.3326068143798895
1.9890809050315552,-3.5269314379069194,-2.5847049362611165,0.08516254697634439
1.993599364510781,-1.4475663852648455,-1.5068527427132952,1.4944066647249856
1.4263254521985371,-0.4127272755494155,-1.1896020007958972,0.9679899859510175
0.8430435053517717,1.0047727453039028,-0.43143010880070204,0.9604298623277154
-1.0723282975594637,1.2480107942199383,-0.4621841025527505,-0.8940466859500248
1.5593537012062018,0.04878620044742756,-0.6758479540267213,1.774015446381141
-1.4300486034817534,1.006067999574418,-0.24266175135805526,-0.6602019068229611
2.259246445159268,-0.831237767502753,2.3417775794812883,-1.179425927187129
-2.9420755762303394,-0.1637932455254725,-0.1274281371197906,-0.6625036549071063
0.7670463682674641,0.2253847340686788,-0.944797455690254,0.5179519980038622
0.4223609861983181,-0.6007104382309632,-1.2223945037908581,0.1087977227637669
0.10342118719362373,0.8459293134872382,-0.41697868448989645,0.35746342336934506
2.924265628847814,-1.696527406720089,1.8880402324450078,0.5259777667453314
0.9309167102234535,-0.731023623387474,0.500864494659075,-0.08295417564726074
-2.2489342662400804,0.45111512596783926,0.1852144741828048,-0.2917647043580259
1.8916910838373269,-1.2396816758949598,0.2957235304029702,0.2168242336082677
1.9261665913337482,1.1152678661250806,-0.7215402623639833,1.3002826110821935
-0.8672610108281438,1.451472137152647,-0.589286030021374,-1.2050390371454702
1.3206407975633079,-0.9881022720641932,-1.7772069011557834,-0.02721500108873208
4.1382661539303305,-1.6740685577926682,2.267652898350774,0.21949998050920563
2.256951489833805,-1.5378490164006078,1.2071513101759352,-0.8888996993627212
0.572177090644183,0.3371474743649969,-0.7496569513670327,0.5294982284264929
1.88630630829936,0.3499955880525682,0.7574663577853724,-0.12179132440869317
1.0111640526576946,1.6278612446099345,0.01124774316457025,1.3323267304742776
1.1205962491470896,-3.536244081651011,-2.762305373360504,-0.906750960398032
1.6942676592753394,-3.16740607320437,-2.3736721481324543,0.40439865208671805
0.12279947838809119,1.0037349360334467,-0.24856150372038036,0.7553354431320141
-0.11954677739497829,2.101331057468634,0.04522740274505429,-0.25512365652993935
-1.2550478822961026,1.1691667536147905,-0.19297496993705113,-0.6277093937867599
-0.23347121239421273,1.9469061873907,-0.31583901334468695,-0.6726351049255965
1.157292304704635,1.0513951195126745,-0.39058104511315456,1.2753770211915134
0.5389767729761269,1.4990328455720847,0.09433487551255906,1.0381210836279264
-1.624062329499516,0.8742575025397479,0.1351171246338566,-0.12983116033334782
2.3710935943843063,-2.271495425837205,0.7848540765852455,-0.931110907367386
-0.9769728139604218,1.3518712317802728,0.11864197610614713,-0.005627673047305257
0.4627307492157279,1.0519044086154445,-0.6558687911071347,0.2219034850530249
-0.045825132080061816,2.068358639971108,-0.2849881697251268,-0.5329033548118641
-0.4500194498844436,1.8349806507151634,-0.8218322556680714,-1.7127488852669275
-1.145365402210173,1.2025046795138643,-0.3763765761817032,-0.7870161381594822
-1.8109310553752958,0.7097824478056194,-0.5367575200644656,-1.2089350293140204
1.6787973278736847,-0.15849258058644944,2.634385498810125,-2.6114949940340524
-1.8317351294308157,0.7447273658497019,0.31116157678462686,0.011369126381607711
-1.935611930351838,0.5640416090390007,-0.44113316476150927,-0.9277654388687736
-3.7407577358666684,-8.604993735129883,-2.2116545404959207,-2.0492190212269743
-0.6320855360333781,1.6498497249029247,-0.13604897768564353,-0.45069827318095834
1.3328100593835155,-0.06062954948035339,2.0571007912706905,0.20391355488710758
1.212920223899875,-1.731516865432254,0.9905312674430964,-3.350403020460829
-0.33217437631671337,1.8201409747556767,-0.20429894734556966,-0.3606863679257172
1.764693144172118,-0.26714252910806074,-1.189099265935817,1.212778118156624
2.5326518054354006,-2.457406183445326,0.3749013558283929,-0.016274578524657937
2.166680314515252,1.2980090635053156,1.8332164336935013,0.18787242414625097
0.34832300213389056,-0.2050078386010503,-1.0639271683587008,0.11709897409715056
2.582358602273055,-2.133031983650113,-0.4377282730464092,0.20878655240257196
0.5854854926214245,0.3331048997165172,-0.9500637274178033,0.2935994218700179
-1.7202858681968665,0.7104483919430699,-0.233493203924559,-0.4919394134027838
1.7979945218531745,0.17494885166871654,-0.659864676750766,1.985443832976569
1.7545814762972143,-0.8534541535996781,-0.4367816069870475,0.5474580075698918
-1.2330314042622856,1.1023236154845848,-0.7014540952709333,-1.2660783907602624
2.36106473562837,-2.5579718464303967,-2.191537985788424,0.9668483663815605
0.49454784911735533,-3.7470998507762228,-2.5603111104468814,-0.8144832818061842
1.949928860190273,-1.4702026850166166,-1.6346897522701556,1.0318826891096922
1.1484047385805864,-1.7635563989490124,-1.5661459087081135,0.7530641641443939
-0.6273033925352927,1.639615461442361,-0.061128669885561114,-0.3131002815813532
-0.37584727045178257,-3.7470837508244887,-2.1376506361913097,-0.8938637434225589
0.10982120242308052,2.1961372285802807,-0.34421521840205743,-0.6334984721587719
-2.2928696282714336,0.378093575237325,-0.10668571012118089,-0.6470654399477715
3.0851569615752172,-1.7125865005911463,0.7795011194706567,-1.6486995625973087
1.2933582914630928,0.2898069621146404,-0.9043408475224962,1.0205951811715976
-0.5490427644527403,-0.1610712816781526,-0.23039718766539552,0.9635917278991276
-0.8459349229067344,-3.5642507227308804,-0.9678631974325523,0.8276980102841729
3.051082801700075,-1.490237838138809,0.8264416317525447,0.02478831621749958
1.4673104512457125,0.14301318828114318,-0.8029669040181233,1.4564530870215784
2.0782748901433292,0.4386793891390788,-0.5230042068782405,2.406700528459133
-1.041020286551026,1.3690093826782617,0.2735035942945416,0.05179991225767475
1.9588636663849455,0.0961346692168048,1.2091710761616874,-0.2861927170669645
0.7190137550082384,-1.4429077329216584,-1.1724989167560604,0.974999644688546
1.7149930083236795,-1.0338063816573606,-0.25153956684090634,0.9711140855918652
0.857851722968733,0.9239313311761532,2.1650150023796777,-1.3744183160683148
0.6681883635530195,1.492279491607052,-0.7393133004454867,-0.2829586541741866
3.2116862771111316,0.13102785575666592,2.5098281197262162,0.059296384726215325
0.24112497473871797,-5.2268363114795955,-3.219578101427318,-1.708562044744854
0.3240338442817761,-0.9427664732597106,-0.8155483056036386,1.0302538774522627
0.28504501342731764,0.18858692220235837,3.1494157848826836,-0.9378208968941303
-0.011434615997848565,2.092753540165354,-0.24391558006327543,-0.45299406143379184
-0.2978324057290152,1.9080625412589192,-0.19582334430179352,-0.5259861422747554
-0.34614637639565704,1.908790864544298,-0.6488215407713896,-1.3854000772969872
0.5168286990390303,-0.352818013454837,-1.2215528167152077,0.14412945612615582
3.0364775500625685,-2.0504484102728657,0.9030552702293798,-1.1908219472160757
3.738873920884234,-0.37339686408403855,2.322990097427906,1.6975641720419963
-3.667169396321664,-0.6795586976026723,0.4796791152648848,0.056190656992153205
-0.6754049713341447,1.5713195714072996,-0.024868124941225995,-0.16391588059895504
-0.009197534842283509,-0.15126910992428907,-1.3448460822929578,-0.7091279116967836
-6.1960089694283615,-2.5998031862096087,1.516927275257023,1.195395229192336
0.4652375921495244,-1.044890184485117,0.13630445423876492,0.653296455031402
-0.2646107834276064,1.9005224213031258,-0.3510719285570159,-0.6764645297509997
-1.3526774037294447,1.0588519293519485,-0.0960759858803664,-0.4070972536571372
1.239821663318416,0.8848677598774569,-1.0817266665367697,0.11813359585663179
1.1437880243263348,-2.6436642088861495,-2.3129041184016828,-0.4046558868159624
0.9602740019603556,1.2860193790200194,-0.5586428800578821,0.60171213562917
-0.2343469580455118,1.915566458736578,0.028642701642836135,-0.0066335064708622354
0.717610195684986,0.406354005669984,-0.8651466425296306,0.5103629616743645
-2.52753252615246,0.19095924709153428,-0.2313554264367821,-0.8770341051527625
-6.1960089694283615,-2.5998031862096087,1.516927275257023,1.195395229192336
-0.7774533564155295,1.4778131774317773,0.11775581857364886,0.10935042575538667
2.6794577343739157,-0.9800427163576622,0.8598497306728234,1.5315387028418372
0.6156810078767854,-0.6293218262805819,-1.2166664413090795,0.30000815552742144
0.30852364919051484,0.7571117225782107,1.7482579913742167,-1.2556188877800676
0.8128149038648207,-0.9212865544035161,-0.9531676064861464,1.2388595366259765
-1.2324248069185297,1.1178255022527839,-0.0939002531728971,-0.29076601897582405
-0.9845551687532947,1.3302372403015619,0.059630594006182834,-0.06218274146990937
-0.7212885918995019,1.5848195679611339,-0.10418984959326691,-0.43496654934845647
-0.8319934013283382,1.4608798041737248,-0.17238848054519265,-0.46193525271393854
1.5290953913894858,0.8493005794518094,1.7247971110435192,-0.08451971949544893
-1.157868020675293,1.2465450924170465,-0.26156621371462513,-0.7377793142625912
0.4407461762388025,0.990527354292142,-0.25311039022885723,1.045740879824883
-0.7865136236431485,1.448873301594198,-0.14519257954108014,-0.26525316708165475
1.8722458026508844,-0.27935333162639003,2.4019582968791453,-1.0675673838921067
1.1244329234320258,-0.28855157493205275,-1.3197232229257307,0.42168902144668224
1.240885892279555,-0.8519209563243156,1.2561553649891115,-0.933475852772475
-0.9259731472489878,1.3994307809031976,-0.6476747954395005,-1.2946163308366236
4.147070187114126,-1.781975151397505,3.072390936573028,-0.03093890715152955
-1.4013174685101575,1.0787344740827802,0.22811288221743123,-0.06687702384971898
3.1764774293463764,-0.07703471074213686,2.441446601847789,0.10271470481398007
-2.812264432269837,-0.029165725067303774,0.20415757529901232,-0.24568780590304626
-0.09922668230041812,1.5272294561046982,-0.01678012933669708,0.35988029365795754
0.3307993147531536,0.8311455781069436,-0.5193903784143441,0.5247631983383487
2.085593299552792,-2.2617757473813835,-2.7863843633391245,-0.8335098411776034
-5.996327722334148,-2.4504360953922966,1.6522888993736964,1.4443561662507634
1.693306720167232,-3.448324198461606,-2.6241139334303574,-0.06379626036002022
-3.1753737434709253,-0.2509246979153776,0.7628504620542355,0.4034398286103085
-2.137369919397083,0.3928881578724884,-0.23297540760014993,-0.5591036129410223
0.17517214891525307,-0.006567637591075452,-0.8606982415241262,0.30990032837073517
-0.6467349739579799,1.6111617562276788,-0.14537168094118433,-0.4068618141710221
1.573639259538825,0.2748890711286034,-0.8142048793251627,1.429487121521177
2.2424873880575475,0.5112251276579605,1.7772857036226792,1.618988963101213
-0.1305787196903167,0.046957875895521896,1.6964219261302664,-1.3213465851276067
1.789551454101588,0.812149531365846,-0.2459180268164121,2.303594369335065
-1.2501337052730948,1.1288424923952904,-0.5558408627812579,-1.126539124583964
3.2739554212913036,-0.6917360841289135,2.779456340352106,-0.23924741825911638
-3.166220735133596,-0.15274760102440324,0.8538018852064304,0.2660119889836618
0.33566907517502326,0.07726074868113367,-0.7661192937041226,0.6403236772554501
1.0122379264200627,-1.125069429541233,-1.6961339201326013,-0.24759098914115402
1.024873876169335,-0.7597604145229976,-1.5299386801135995,0.1431254393109271
2.788106988615924,-2.496503555202782,-0.17639661774114063,0.15111612206610142
1.9093536212423705,-0.10092409233971585,1.3006696588781008,0.08032462703753582
3.467890526172061,-2.0125951711574843,1.0862015986284017,0.5742928801945101
1.562818428938273,-0.2077651131127271,-1.316601381852806,0.592233306577848
-1.8492434697025872,-2.250609378360909,-0.47094610528011754,0.36316053017385713
-2.053180163123944,0.6129316753899129,-0.023522056734358716,-0.6674855460712237
1.741599525481599,-1.3640137928130904,2.00218315917602,-2.009045551735253
-1.8832095646246636,0.9045973682725669,0.36551491434067035,-0.5558638610021722
2.715286742305663,-1.0633534348686917,1.5798917849887233,0.057544694435954044
1.8770203900579407,-1.0760922693838235,-1.623890577145945,0.9400992930146359
0.36082968036347557,-0.12001793221292348,-0.639158295880549,1.0290946314393765
-0.29267634400418413,0.3557303559921669,-0.2879547285491669,0.6134437674767322
2.7454409443520422,-5.162657447559792,-0.9186443124095183,-3.268428856934207
1.32081524618007,-1.6898066942199836,-1.8483177618443911,0.256600914050772
1.3903339578491822,1.1227000426012441,-0.37843301861024176,1.4326430483617085
0.4318339472730103,1.1615178179544032,-0.29390359510767444,0.7316304234141002
4.816713464804657,-0.08172275840554787,3.8709181909202437,0.9451604293439694
2.130904587209079,0.3824060434731865,-0.355130093115011,2.8594909659220265
3.0066762474525968,-1.6894528705596117,1.675150706852925,-0.1812816316262172
1.2405232626987124,-0.9831463876562516,0.6176737504816252,-0.939255893074645
-1.6914429376753173,0.8510126844374137,0.31740831186170326,0.07326862903141636
1.324866866393002,0.051826155947640236,-1.4778277344446324,-0.056749689558731546
1.3046049860828628,0.7120196094394206,-0.3271415562204447,1.720274570128162
-2.4847496471716757,0.28279646996344415,-0.055268466696524375,-0.7279441599394316
-3.8252933912971026,-0.6508824045545435,0.9207495982869114,0.21006133376775327
-0.6524919722914589,1.5747366512996444,-0.3472269688058533,-0.6501140480655343
1.8445490765892627,-0.8772680419679361,0.0721938299336736,1.7034870007110117
-1.1109682705283905,1.2707284213535592,0.08557802995292206,-0.1287494071359401
2.099971645389302,-2.053436840250784,1.333645292224002,-0.6385195082504695
1.2409370210891801,-4.549567602333089,-3.349160457368042,-1.5112716057165216
-1.1435661292186308,1.16375694950135,-0.5258482919287363,-0.9332656264641898
-0.1817125426380653,1.9812507412390061,0.1928123128626421,0.18902679138340467
-2.2293552090201976,0.44073687983226,0.5028268892870864,0.27704018569328764
-6.1960089694283615,-2.5998031862096087,1.516927275257023,1.195395229192336
1.987180027338851,-0.253582812974969,1.1781983106743055,0.755315343621273
1.2688111390761563,-0.2119032400280192,1.3718281346647485,-0.025369958344567255
-0.11471884513132755,2.013136759632355,-0.07137930721692556,-0.18068739828503358
1.8913615202760474,-1.053722396561093,-1.2430415677593418,1.6105832739230952
2.146198697248207,-1.786442263857461,1.6859024133319427,-0.8962476526132597
3.805815136496334,-1.9246029098872197,1.7549604564066683,-0.2504394400902072
0.8011266440660538,-1.6369162615131674,-1.4736806023205296,0.6152045779481186
-0.015707486450643435,0.518123562249233,-0.7638129542200045,-0.03304030960344593
2.0942512111068354,0.11154527799870796,-1.4375310420889675,0.3464541929126646
-0.21827673620388882,1.9544472982498076,-0.2096062462806754,-0.47919345945368563
-1.4529615505953473,1.0024484912334781,-0.44278718118132526,-1.042359655070188
-0.7237512106313861,1.6485445329786572,0.26314232158278156,-0.03862469730884759
0.8661917793601925,-0.14661383926766536,-1.1997987483136827,0.1308723400896026
1.025765581543843,0.57109609120092,-0.8269997718377343,0.7305974405063289
2.4258662539758045,-1.00546308932307,0.8253248390234724,0.7465488019828036
-2.450875091332758,0.3153339495557854,0.7363516621123573,0.5037498969481776
-0.17450221634074004,0.8103602333637208,-0.4605778089319283,0.2673031956711179
1.502701100263904,-2.959377030256049,-2.5618695305561876,-0.49075700920195076
2.6319147594173185,-2.494742898378507,1.9357127443665718,-1.2117073541053855
1.2449199764470136,0.5169840324196278,-1.089680660334782,0.2670454139263683
1.2457744554095749,-2.5800806798015015,-2.4887154838510717,-0.6767970213020765
-4.603041273844668,-1.306416287236017,1.3993341737110727,1.070235308059377
1.3033081578060413,1.044509249922741,-0.30953505071236265,1.6255109323592305
1.2164986895814147,-0.10558375275273955,-0.01671504443118437,0.5671630744531811
-0.8295700386865733,1.4650722228945068,-0.6942185859150954,-1.3373947632327363
-0.7549391082564457,1.500227297910254,-0.28113030723438387,-0.5637162456169764
-0.9880003648034074,1.4128204467332506,-0.2778119457679929,-0.8374835373495826
1.8858938681400075,-0.6710808247753379,1.3383660034687967,0.018359860179302426
1.6625069697688923,1.1503260373524475,0.2814015703980574,0.39968039712398945
0.7588847189618384,-0.7522480281493006,-1.2999773013698517,0.35118037956382986
-0.8101600888542821,1.4740100477161169,-0.19760194313417925,-0.47329079789771933
1.2606098040216014,-1.772055964827642,-1.6373021384852393,0.64314718795249
1.0025194385174554,-1.0077230401967785,-1.4577490094656567,0.425799569172472
-1.1769792266823005,1.214665024677602,-0.10853121136681443,-0.4572321093718975
-1.1535547332194411,1.2407343946727367,-0.7464062442615044,-1.541884316632237
1.1394054637918272,-0.1287541609102155,-0.8507359751784216,1.1245606417181069
2.049373539694178,-5.545581202549461,-3.8969787719738984,-1.246429870854809
3.246443064193568,0.07825643107966966,1.2979889658919277,1.7291303393377968
1.539226442214204,-0.7856951296273684,-1.3781487513596742,0.9335186382528339
-0.0007139637174494751,0.2769460711392556,-0.674034453235321,0.2864460541666655
0.7174767227840779,1.7507967543170504,-0.41136259805308784,0.1913605148638216
0.9384064357806202,0.8888838089805273,-0.8732384044464815,0.25458426078687446
0.6638314534978048,-3.2415695604471617,-2.4624303301781416,-0.7121281184933889
-2.5054513759007646,0.31463665703609683,0.18918241861296614,-0.5435420236763402
1.8508067428590191,0.34739858906997245,-0.7421870333839449,1.801096222325741
-6.1960089694283615,-2.5998031862096087,1.516927275257023,1.195395229192336
0.5994360564823734,0.5689858833550101,-0.5725228990849619,0.9057102272275674
2.339510658333375,-0.5633563094572192,1.4498989682205574,0.28425934001828784
0.4547085751003066,1.040630238253654,-0.369231168390904,0.6935980204497445
1.3046369579751884,0.550416069556195,-0.5533504125380074,1.4276220974851812
-0.6239778043874518,1.6228349928091248,-0.25852175655593207,-0.5658460894920679
-0.8300288118527152,1.5529451269260095,0.07954887763109587,-0.31082312585198174
0.42238220581528113,0.045169740736013014,-0.7384678522998003,0.6619574016465738
-0.3440252868286968,1.8572409847506346,0.25131668024910153,0.25405902954313525
0.9412085120833065,-0.09584182846048235,-1.2547508962555989,0.23003336194958923
1.679351973277061,-0.7287485877469223,1.2434856709368454,0.283667063037844
4.433385874811369,-0.9629255587302477,3.367693657009503,0.07560408229908892
-2.1689600781267178,0.49597810358187294,0.596917488267339,0.4171910028234309
-2.656473762177176,0.08062875936533065,-0.19874391176530662,-0.8097463069370718
3.3774904798355534,-1.4368972813775902,2.122929603551262,-0.10278396541120809
0.1963453218673855,-1.0972228192373716,-0.5964376099848313,1.3304976261137014
-1.2393389216614177,1.1641485206868205,-0.22820099919411643,-0.6560407106070788
1.1053242537873644,0.9363293631857975,3.1265703465101673,-0.638935117895367
-3.9583331588337747,-0.8476641207301667,1.0537714999864343,0.7904605000914559
2.2261964377920664,-2.2423128456721932,-2.0651036849383337,0.9000932857304329
-0.4042590320704662,1.7924362566357543,-0.09722383591622832,-0.2820540608566447
-0.8823523983686898,0.9257045426003859,1.4888725517163879,0.2511683582857943
-0.20767862424430758,0.19761472673917885,-0.6900880091205992,0.18357479359192333
2.9854725698504456,-0.6454403082059809,2.449675055732216,-0.6990528790548539
0.14739074617127004,0.06677501085646276,-0.46735878597935376,0.9038247833683184
1.6633357222032892,-2.2934635228013063,0.44805574864553377,-1.0677425654983146
3.749660006384921,-4.5276593603216355,-0.5716871599468384,-2.0076431475155165
1.4851605887553507,0.2873782797422742,-0.5622631257803903,1.8714972833869576
1.780233672843198,-0.15706290075412555,-1.0949498878533879,1.2327693232328412
-0.5568947503623752,1.6956556168101522,0.1045684354604134,-0.03744046471762418
1.3982216503779439,-0.7972659738995227,-1.5162175031310532,0.46825613809426886
0.9362355481218041,-1.6582486764521156,0.23605676834564432,1.2481093830540488
3.55052384727803,-0.22484340740980752,2.3876464729940277,0.022438894344185268
0.9738529237784319,-0.04870623328134928,-0.9582597512298447,0.8884002734566112
-0.027795578998921558,1.466355400318039,0.7837723591055022,-0.43140256342260086
1.3218917088674134,-0.4118027220827013,-1.403580093330694,0.48002006019033755
0.20700184704324223,2.286496020916997,-0.16383358709351073,-0.36237375351907486
0.5586537748503972,-0.28647809206394476,-0.9128285434148903,0.7206008309357383
-0.969038476664827,1.298324153479973,-0.3835481642490745,-0.6676169552921101
0.23969166322720306,0.4196782140380466,-0.5342580862551528,0.6880538879961995
-0.20021217754084208,1.946763246372166,-0.12881484996933182,-0.2858598787439584
4.90568884776641,-4.279984967764879,2.402299867202939,-2.626798190826884
-1.3781336362787844,0.9672362591202915,-0.5205694463222238,-0.9143011549435035
2.426370918334734,-2.0850428990777448,1.2477023660245103,0.22669014847733912
2.037028538898467,-0.7311656646925997,1.3153879663223829,-0.39074782646894596
-1.7049443824604917,0.7985713242574278,0.06811720142503215,-0.2355340169144625
1.2392272321845503,-4.009117313550757,-2.928446531842718,-0.7906587943515084
-1.9933838230477632,0.5556945381930029,-0.06774403363969364,-0.4462181581423954
-0.5036330493095019,1.7075704764480861,-0.33337224937773396,-0.6551313082397402
2.3249024932689157,-0.9668030012314226,0.41691489259241793,-0.20536588504474942
1.4556743135708115,-1.717001844310209,-1.6822276121305744,0.6178553773840285
1.944008620864965,0.11578302145633428,-0.639263478292125,2.2535638763839527
0.2493556142343896,-1.0229545565949096,-1.2343427769383644,0.2526380908506328
-0.49224179010152064,1.7644313982807334,0.09402443182795127,-0.07111155782472027
-0.07000523169863697,-0.8790154704696629,-1.2111775564275489,0.023285249013499792
1.3443179153469575,1.118174951157457,2.6947151789711694,-1.3698368791098539
0.278895220674522,-0.49199200913966273,-0.5578669711383226,1.2186018984057914
0.5064175210509646,-0.20259414591868322,-0.9307627731147247,0.6270757307404231
-1.2456607302350111,1.146048480986358,-0.21396976418782523,-0.6137682207538351
2.533097255572474,-0.6901053247923786,1.022376667590084,0.0058918191363545305
-0.22821533511493985,-0.19212301823297537,-0.6038783366208194,0.6456560178455069
0.3612594155011429,0.0001662224665066923,-0.7589291914909642,0.7025301721313114
0.9116404123236317,-1.7315638562923503,-1.6263242006503285,0.3807001975441382
-0.5907364632071284,1.7058936681855945,-0.1405274695478693,-0.515400003804701
-0.029240103906304465,2.0755638375764875,-0.16633568342938596,-0.31458265908873545
-0.485778100060647,1.6937252994746366,-0.17087965981989375,-0.3031916379960958
-0.19608153438665185,1.9588405775172395,-0.3874954167767268,-0.7438505148699703
3.8664232767923274,-0.10205440591860596,3.1957327673352434,0.9736485583160236
1.3901630501744509,-0.9992395021545382,1.9355236634479627,-1.3926243751912737
0.15495822189120695,0.35077274583148027,-0.33416087043999054,0.792232634585166
-3.086782781552282,-0.20896768516651967,0.4950777126828881,0.08171212939799227
1.355066467609231,0.4621908137858586,-0.5008297606689706,1.7825636310783208
1.8644723402583556,0.7877942320506733,-0.6552017249634229,1.6275284524169567
0.8049984372837212,1.7184425751729866,-0.6561285151185711,-0.1723425129322176
2.711443488532538,-0.21860395093238189,-1.557609076006734,1.1542591742742607
-1.133486098809124,1.2352414777024892,-0.44646363760547975,-0.968208837727523
-0.39181181432793716,-1.0670004647915619,-1.18276826259629,-0.07931134524726659
-1.1238926474927082,1.2150354573472293,0.03896632732668761,-0.06898447551308261
-0.17136708112181392,2.007586853766591,-0.1920144128632804,-0.5107312426600785
1.1195644898479278,0.3502532696893904,-0.8177371668762088,1.0024861275295562
2.039532801787421,0.5107616264022906,-0.9273475223666674,1.4404837811180424
1.1701566887481696,-0.8808420376044966,-1.1833162610468344,1.0347132431917316
0.5223053682026679,0.4322231311609203,0.2279493365745199,2.0786888326214927
-1.2307766769681379,-0.11276238761598797,0.22746915843478227,-1.248700308570323
3.0409241907324898,-2.3732767346234747,2.706572389081154,-1.334863432398547
-5.996327722334148,-2.4504360953922966,1.6522888993736964,1.4443561662507634
0.8658016943930648,1.0830990141382446,-0.5419980785164906,0.765418498013395
4.73818572644493,-0.692216775893289,3.611183745889207,1.1980545363559776
2.4471748776830853,-2.2823048487240527,-2.6721788686133956,-0.2982981408604585
-1.5901490594739993,0.8986596008747225,-0.5934221038532678,-1.3257657672526213
0.7435684356094852,1.3451342479363673,-0.009075687339405883,1.2918351191228148
-1.7277921188146501,-5.359221865964606,-2.06405506945447,-1.3042810058032863
0.8829276067032757,-1.3678581633380513,-1.2519850972460433,0.898821345549904
3.5960479386242583,-1.6089679400959453,3.0829415007948637,0.6165585770101192
-1.246102026838203,1.0760177911263267,-0.4999753591448672,-0.879875355624628
1.918919091929241,0.3116190451576418,-0.976434648129587,1.1842298140897063
-6.1960089694283615,-2.5998031862096087,1.516927275257023,1.195395229192336
1.3780630630684387,0.6705515389135024,-0.6043411596651332,1.415663547200483
-0.12723600652544503,1.9710776466494422,-0.010642106764496138,0.013535602353756018
2.306715957933207,-0.38839853669117863,1.5270286942882982,0.15448739655411872
0.0056676509170461905,-7.1741559843715965,-4.313476282181795,-3.1401242708304653
2.735133782049141,-0.5934257091598601,2.301446517820738,-0.29269638684895094
0.29887206481791556,0.8127323615191595,-0.3637044659113804,0.6404064666102504
3.1140918449411648,-1.1592748726178383,1.695926488836983,-0.482922709626737
0.8479292184474415,0.09394951151924305,-0.8494665058302009,0.8280831181468793
-2.0018728910484973,0.5327625445887849,-0.3039963846867337,-0.7559866213251423
0.9412155021719969,0.5387923843429812,-0.5587709744345607,1.2182520961336105
1.5191167189371482,1.5594989352196633,3.3009216740780305,-0.25287829967621084
-1.452494313705652,0.9774086030912915,-0.5637488610730066,-1.1807155974160897
-3.9218914777120304,-0.8473460025055584,0.7835355261282428,0.4120337517377467
1.58573941141241,0.7981831730420501,-0.956604761720496,0.7376936888497356
0.974158240396611,-2.1315418026135275,-2.009353608964916,-0.07550046179205121
-1.3312341413083515,1.0346130840881362,-0.4372579347041036,-0.84986181047943
2.918570232435858,-3.232510583198659,0.4414440773326878,-1.231642733606847
-1.6823712318478121,0.874512156146116,0.06283158810657492,-0.41899484967084755
0.6242068054928255,-0.9862512085523422,-1.2739821758903604,0.2864998800727504
-1.058345565948604,1.2493350577543532,-0.27073166159916223,-0.5549085341974005
2.586711053730932,-1.9035529278613827,1.4665051293407463,-0.26540575445181475
-0.9278101024312226,1.416869940119853,-0.26594971608362533,-0.7251635039257369
0.596804776937603,2.6395693603087453,0.019277798260079828,-0.14627672149072632
1.1907814940528427,-1.1041710626682866,-1.445621968705246,0.6448525600579845
0.735667028180626,0.21828004078768706,-1.2286156388207337,-0.1899971653475924
0.3125615569096217,0.65539524521862,-0.7069877229878361,0.278397217335048
2.831615626799807,-1.832652854779524,-0.18011625475766865,-0.2595261567695919
3.4266352239435407,0.3320009865679765,2.144447556510099,1.6346357232844178
1.2894477483480211,-0.39537701024073996,-0.853825746338347,1.4614372974144556
1.3439253547386367,-0.22330735701842108,-1.058368199573142,1.0253704754883026
-2.267530736942738,0.40752926635061765,0.438280235843636,0.1572878075172834
0.4007656946386397,0.7083362779823009,-0.6734635874542287,0.41940281345385266
0.41164327833306374,-0.5057853968674383,-1.0999141278876357,0.36293062954385547
1.0102227346159383,1.4851632506770545,-0.39080305127110243,0.8038292963661254
1.3443756234121804,0.9676345960925581,2.3696513899009664,-1.7088897387673425
1.0399158699485627,-0.5771098734399533,-0.10280795650556421,0.42986424645463217
0.8816474110348296,0.5006829167092808,-0.7315093874986547,0.6630769994295087
1.1455769631825703,0.5815133574415341,-1.0069720042669088,0.34801979369878133
-1.5045599445049027,0.9328157085677165,-0.10732687098649951,-0.4277338268962997
-2.8981898846487253,-0.08424773351538575,0.20717325655075025,-0.3077446242595067
1.2521707938005209,-0.43758766724656684,-1.1700366704832883,0.7467761970762505
1.039320903028559,0.581067727892125,-0.4361621051361926,1.5810783445606407
0.3476622434803205,0.4410902480076109,-0.7008249848320165,0.4554572262641497
1.842988574811189,-5.514051820457613,-4.146218947916397,-2.2195584041087244
-0.6717634703504751,1.5560700702351187,0.05312469454578452,0.02115503699984557
-0.5306476456043958,0.8544870886063998,0.4601480283678598,-0.922115935075971
-0.6659663986105289,1.5766782294491093,-0.3262337040297219,-0.6493881369955643
-0.5880437757718644,1.6592787322696168,-0.01834458892691006,-0.20274196955986892
1.770546594241198,-0.7171447020518962,2.6325661330234245,-2.6978144971420406
1.853533296347949,-0.7175086995484954,-1.7019369282576016,0.3755450928028996
0.7703673776509625,-1.4396461412197006,-1.6856391424995942,-0.2042533229543212
2.89807698897616,-1.7379033214812658,1.1739493656911446,0.5871115939589518
-0.43800134204513896,1.784763067747084,-0.44643751365397427,-0.9098325805867177
1.4378246396734549,-0.9233868080157558,-1.6103564482332728,0.3839521386536334
-6.1960089694283615,-2.5998031862096087,1.516927275257023,1.195395229192336
-0.8810562699463783,1.4690619242635512,0.34866999213517597,0.25848098530171465
-1.944260695768576,0.6245872391792445,0.2348378250693369,-0.03338495645542527
3.4021983273364946,-4.104276117926852,2.327730256166937,-1.7371565144997299
-2.3286523542884834,0.3461156971284649,0.5640447324174626,0.38793233108538683
-0.4628533377568557,0.46803979220385766,-0.4640006615154876,0.24685108466791583
3.0704557506704253,-0.6611166199444259,1.8793959311908321,1.4728756283109157
0.16616762042069613,0.7813353726559533,-0.3053252454394397,0.653663660542105
0.4233726020634531,1.2804880915689976,1.570066668562349,-0.7673120058506081
0.4802006477068943,0.506438440570961,-0.028033141251860884,1.5841948208997314
-1.6052563673348839,0.9094366691842801,0.271869981691655,-0.0031357221933692035
-0.4466341942581508,1.800288277439015,-0.5551719878344096,-1.1557107738173407
-2.0371591858014,0.5025621206034856,-0.29522672943260125,-0.7378759039607972
0.5928146959399132,0.8436772503297727,-0.7447781686515419,0.2533581251943738
3.1434289555412493,0.01852077051424311,2.4066524936455322,0.6068134470098973
1.1643084646037813,0.9540143903869233,0.8313242862494793,1.184630990781622
1.6552278778202905,0.21866934436288676,-1.1829641553956265,0.7557777884903132
-6.1960089694283615,-2.5998031862096087,1.516927275257023,1.195395229192336
0.29200827865618495,-0.08216923184503416,-0.7850156185594255,0.591802093066056
1.2123994897233825,-0.4047882858374134,-1.3151253059387662,0.5407664436028703
1.8698621047841304,-5.859483275924357,-1.3205574513604352,-3.132487811694513
1.853293287043168,-1.649843421416623,-1.5273578237606404,1.4000951062988751
1.7824746005544707,0.5892585134725837,-0.571714971817464,1.8929879121145459
0.5897692968567454,0.1006943264234029,-0.5872893326034645,1.0827623927462118
-2.4101864077689705,0.3725995483960426,1.1376681055360258,1.04150149522132
0.39460287443034003,-0.717766573095419,-1.180759734356099,0.34296168899856083
1.3572522918909444,-5.343290999603412,-3.743725264397943,-1.8521242243467841
1.0279952808991955,-2.259144472441536,-2.3260082955309977,-0.5008642468264625
0.4726679665562817,0.17934981167042657,-0.5511319077117226,1.1177912680357567
3.1405696904910982,-2.5917421791857564,2.2011047908828694,-0.4049998787943245
1.1722996383737727,0.0026675141720407768,-1.0643074601015854,0.7421900150267218
1.991368888902879,-0.1296547886326866,-0.7017364025319549,2.2023238489085495
2.6178881867870283,-0.6538396479481696,1.0399555924503678,0.32723474832732835
0.424267466339238,1.1378679511562946,-0.6216808808317407,0.18816145622958796
-0.7113919604246374,1.6411130097492355,0.1707053560180144,-0.15859640789322324
4.890261677417974,-0.08871763747678331,3.0876105895877246,1.5244077468370496
2.7481977226054974,-3.4671409294874445,1.1645906288112444,-1.502723970520228
2.308649232673712,-0.20771836875365254,1.7387226314211208,1.0331099516019868
0.11833039582078475,1.193753180675763,-0.3500913223561475,0.23677934899979067
0.3998562552761087,2.475733986539085,-0.06704237595433546,-0.28314875163053704
2.585002174766043,0.5154108143353429,2.1521784757540785,1.3207850945510011
-6.1960089694283615,-2.5998031862096087,1.516927275257023,1.195395229192336
0.4651905956580858,-0.9894041605742065,-1.4775265354473393,-0.13177672890943684
3.006774189019708,-1.9571312325328598,1.3397251907709138,-2.200503518161292
-0.35637589448761453,1.8126629835081234,-0.3582323025329624,-0.654934146751587
1.5806080177571582,-0.016035524984098354,1.780908862478068,0.17985084790585013
0.45706825699878484,-2.6138540372599066,-1.8735365235103798,-0.1816212495106167
-0.8490811889058154,1.4216928850815629,-0.4561563299639075,-0.8576896109363253
2.5434397945816616,-1.07271489343408,-1.6620926145519939,1.2080961574680524
1.5470078266812803,0.3475651541704346,0.8531007778472618,-0.4263661864750685
0.4329655148313082,2.4404422439519227,0.15011887608879862,0.25805735434719096
0.6994686171699076,-1.6887201757688426,-1.738210428955812,-0.04386711206953383
2.2118020424221907,-2.21953434452337,0.14571252383777997,-1.187839380801479
-2.0410226492141716,0.5367273551419659,-0.33205154425672184,-0.9014853480210275
0.45312200696210375,0.80913450490781,-0.23677006255375557,1.1198683190313754
-2.210449863246736,0.44367157407623525,-0.06337806776125846,-0.5672798281637231
1.8524303201077321,-1.8715924036893512,-1.9758039550587168,0.5496309308414015
1.4057598302996042,-0.7476311455643476,-1.1975832648785574,0.9987372974614847
-0.09861397316724092,2.0779054773027847,-0.06838947607394621,-0.3125497674935021
-5.996327722334148,-2.4504360953922966,1.6522888993736964,1.4443561662507634
4.034053535096795,-2.963134013519311,2.3698450427589655,-0.7000923698567978
3.582702957991151,-2.3804386249487357,1.9380974859310363,-0.613046169548411
0.9093565982363131,-0.7226069180453536,-1.6064332389871068,-0.12040196406556254
-0.5488770121706418,1.6393754212751448,-0.10995840276378577,-0.19320887580847487
1.889223566534,0.5958406981510985,-0.28913485128050137,2.4123943273013557
-2.8267958804906783,-0.04160398034886039,0.20774213541832512,-0.2382822661051985
-0.5159119458135771,1.7021178369106624,-0.05194399491744852,-0.19038662128956138
0.9930262642330913,1.0256245683085712,-0.1639017173756284,1.6568843725181086
-1.2257482140191769,1.1306684722249385,-0.14707325242961103,-0.42321607452497734
2.0454411744401133,-0.43952117553511266,3.2806590623418574,0.45986629503730825
1.013383013495524,0.5389040297512683,-0.4668507787225787,1.5243276519118762
2.2633382272565914,-0.6302430426539267,1.492192000928115,-0.2737385884682905
-1.2072155715800184,1.151206950443502,-0.5144977646543146,-1.0210311353892192
0.733742577997681,0.007103217828605281,1.449206078326588,-1.5081019419807533
2.7482134345065186,-2.849159793830429,0.8980872313740935,-0.28054160774126713
1.4039882132590846,-0.17126826317781066,-0.9049937682064048,1.4721044601157385
1.8222794452149358,-1.261492230216437,-1.411226604734426,1.3435541828066366
1.7478052154356418,-1.357752756130657,0.782484786966913,-0.5122289605303567
1.6494133865380523,0.7326698838694601,-0.5525761708275881,1.7045978015440464
0.8064322244759362,-4.696306930093573,-3.0751769968709435,-1.1350087437823653
-0.021855973296409648,2.108081819650862,0.1931845493604014,0.2170288562989451
-0.7967795754145057,1.4697666396810882,-0.05600802870469442,-0.2034671925624881
0.9356474881777347,0.4661748999148443,-0.5775209224831961,1.0470674493214158
2.3414562665003684,-1.8246466692038696,-2.069688704896931,0.6209770893571731
2.308104041271471,-1.823591688477707,-2.1414350555611326,0.4159349351150991
0.9497990342191908,1.2699782640961705,-0.2722626174305567,1.1420724820849169
-1.0581006436781348,1.224504019123358,-0.3910581741870645,-0.6786051222574344
1.0617447599685874,0.9373816064662573,-0.6519317992192746,0.7694121595510955
0.8037130260319015,-0.7091046979226849,-1.331969359841917,0.2360149432152649
0.5968745580286352,1.4030082922811167,-0.21978174113781707,0.7778857089334087
1.5569514591506446,-1.7551656237434055,-1.8274552627016991,0.3773216936009941
1.3011902284367647,-1.2244649756079105,-1.746134608560772,0.25031180179206375
1.1948455489918992,0.07791607532596637,-0.8224387760796247,1.260388560482639
0.8525689353762894,-0.8385186075953436,-1.0080163372351432,1.094616090736858
-0.5941302319930548,1.6561918392684873,-0.3999448325861645,-0.8297632093574896
2.425691959531605,-0.7681345795117035,1.613198019579932,-0.3829972250699288
-2.6580090252634587,0.12819486099664007,0.24328232252025908,-0.24585334520940225
-0.8139674458709899,1.462474157584469,-0.4914324311603178,-0.9498318322136222
2.5149807922934198,-1.8842502751236883,2.081926198419686,-1.0289558339058589
3.1320656708865124,-0.6035176709785042,2.0332927089829003,1.7762187903818039
-0.09304525241131714,0.3787797021856481,-0.5481232348016751,0.31026889520520207
0.4320787993707816,0.9344199943005441,-0.7730816293915079,0.06933546465813015
-4.242341160528631,-1.1220379517477297,0.8539196080416985,0.5583711517059606
-2.2364271200227406,0.5630437148715317,0.821597541893821,0.3912586697837997
1.5796388228361968,-3.3057208720901934,-0.02483026425883875,0.012471249558474232
1.1588281383657466,0.4987752047637698,-0.7705749712198903,1.0369547547109184
-1.3506534607744316,1.2246348359491182,0.010318076806774025,-0.7430508328827117
0.4039274789494039,0.9747371118580688,-0.5726393826029642,0.3258256377247668
1.9355907634665503,-0.0534594718879703,-1.2013635935621814,1.1481081270083981
0.4127441272153247,0.4160244498863185,-0.9417548994052247,0.0741829146880764
1.952926717867052,-0.9498814079017502,1.4878789325200126,1.2043984064694362
3.983125128291247,-0.5213148200139044,2.860500710496747,1.3207917059245167
1.2358983916268078,-1.29072477914832,-1.656559428406717,0.3194892083455258
3.126787442375214,-2.654622778041855,2.0102485083269857,-1.7477053548729695
0.7974366901506402,0.017625406180718062,-0.6089631097259924,1.2799824443131873
-0.05433327752338319,-0.13343357302757158,-0.8769697452374412,0.19474815223599068
-0.16027656079348226,1.2485619609957697,0.4860606588998421,-1.008880421169781
1.4755048960102013,0.6411644253033791,-0.7850636750355542,1.0657690550932897
2.6404996909022067,0.5844024724560204,1.5876915433749605,1.5841359474445251
1.6608354709930784,-2.834556808123383,0.7273918598273054,-2.2171389579711254
0.30355872716432986,-2.545599247315003,-2.2025214824619526,-0.9618253983951822
0.6208938132273109,0.8222168997725068,-0.3529801754349267,0.8705640312182189
3.713895780805545,-5.239254371280349,0.2664569996333915,-3.0993721075483327
3.073465968820408,-3.000112368729744,1.0744933542750756,-0.3402588934861327
-0.6171799345954717,0.8682080060430624,-0.3998979679071884,-0.4105704145051132
-0.6985903166230506,-0.8845495042608168,-1.1876216560253567,-0.5389491814457606
-0.590133883274288,-7.34174565171696,-3.9306393794798438,-3.1104608702969796
0.08103877185257527,0.3059462742629612,-0.8574034719617374,0.09305021465150862
1.304079868679678,-2.706164260480989,-2.317856516813032,-0.32584059586908676
-0.7212740174737049,0.6190519897793285,-0.06830768215970354,0.5359364936527209
-6.1960089694283615,-2.5998031862096087,1.516927275257023,1.195395229192336
2.748365978634413,-1.9572375630076597,-0.07498466878693105,0.23811436791553436
-0.2028770399463705,1.9174944355435788,0.23423189879264636,0.3979870851683763
-0.5553466787400905,1.6594200468553928,-0.2076400395707643,-0.44068908329959955
-0.5527221530819773,1.6433846764451532,-0.34979499939026454,-0.6188818460020145
0.04188091996594956,0.13487110673210181,-0.8879890651926969,0.10722385231550667
1.0604733530228796,-1.1151042634731996,-1.1700526920826897,1.1576748135333055
-0.9952685212578184,1.29975585257439,-0.6822102249112446,-1.238176898372957
-6.1960089694283615,-2.5998031862096087,1.516927275257023,1.195395229192336
0.5402724081289709,1.0173972075351325,-0.5300370522647417,0.4919977320296
1.8694848718597552,-1.6871783874997242,-2.0628694799159097,0.2334920677954849
2.608750342038387,0.4881013477447583,-0.7105080066772866,2.378055090165315
0.40030916812046347,-1.0022087954998231,-1.1281215712431543,0.5186631551937925
2.037955864395172,-1.659864091951714,-1.5719714070626298,1.4788227435185133
-0.08462477078532187,0.3959696671934423,-0.6641042448937591,0.28353565233819567
-2.4391863134425695,0.2665492216501868,-0.2538027781335142,-0.9233392887474335
0.3222222668405187,-0.4822827705728771,-1.346012904348471,-0.19163735917220023
3.2391233044645364,-1.3241888851440007,2.8283476452635887,-1.4224391708170567
3.4911676561089404,0.753108334928469,2.7521253111806123,0.4578894267650128
-2.202688536239779,0.3983880109878432,-0.2913256148554199,-0.817438031751389
-0.9269456835662715,-0.06989289884854219,-0.9899090402790468,-1.1048094512880697
0.5515637290667801,-0.831574919042053,-1.1051412779917273,0.6110099984732016
-0.03383355639528336,1.4698087423926984,0.7785654402853144,-0.47583778988173575
-0.6823523612556173,1.5669668763057973,-0.458885582905786,-0.8847896009567514
1.3226890213075777,1.2594589357704808,-0.17183344427877867,1.702563964730769
0.19411902932147518,1.1235001502558821,-0.20617092297592327,0.7557964909171013
0.8526120679416349,-1.8846385076110836,-2.44835213002853,-1.2466485152682625
-0.8095307834874712,1.5066497629966318,-0.20793410186936426,-0.5983177438698787
2.737649230383293,-0.5247006927928348,1.967795260215126,0.7834219899756025
-0.009826456381140982,-1.5860401905113046,-1.6586711862451515,-0.4649300894679368
0.14045554388356712,-6.88984362971809,-4.4042743544850005,-3.560689399886942
-3.7374394824370905,-0.6899042712094435,0.7415872447281533,0.27609901879094934
1.9073634309079632,-1.8715453302420184,2.410881781282857,-1.0844199336240012
1.5930167840272844,-2.136843680136512,-1.9518099249279524,0.3136792893562401
-1.8768310306055693,0.7634785085080453,0.43520761224583304,0.0510604187341113
0.7404726345185854,0.6055882642404242,-0.5615179783454148,0.9873413770560233
3.339650952645492,-0.1012840058376034,2.3735134642852143,0.8048862674824796
3.349563798741407,-5.000313891994761,0.27001436930516365,-1.8998115289694815
1.1790236014753825,0.7134804298637331,-0.5295016776558674,1.275199522604862
1.6539235457356758,-3.111832851867147,-2.900967795156998,-0.9668340774517534
1.060521502194089,0.47069443769619307,-0.7365279148658324,1.035170068825196
2.0097347506471364,0.7774053861295066,-0.5437230729195014,2.0089550682739192
0.8703810150980141,-1.0751029182014096,1.256105851333638,-3.0049895277633136
1.4190028913271007,0.27354229263612884,-0.3787585777273456,2.2068603342502073
2.030003151061169,-0.13546980378771595,-1.0436964042168813,1.658720945018762
0.33588343120515435,-0.669968890096193,-1.363880396389857,-0.3859186585238038
2.001110200924466,0.7702304824247295,-0.7139256450042146,1.667702389978389
-0.9757755564280759,1.3475523042255666,-0.2904418076863389,-0.6862917436395867
-0.2762993547528771,0.3021522293464323,-0.18514518893014661,0.9446107584891807
0.5635227666824036,-1.40598809263547,-1.7101708711803907,-0.37176883978655073
0.9539619882533347,-2.4998840466557195,-1.6331095560481577,0.8386907912001277
3.7990577465311124,-0.7106479821231418,2.386928377585316,1.3707648899478986
-0.4628504078263877,1.7145231591410677,-0.16317205173073177,-0.2954216190437943
0.7112113422676108,-1.8237070387852887,-1.6449695353095373,0.21691906834625269
-0.7517046988178646,1.4953905724359817,-0.5789688104671632,-1.0497760953392277
-3.7628962619505013,-0.6973817495446287,0.5648921680476213,-0.012415425580647552
0.5239592196339296,-0.6213872257372568,-1.5671235498716078,-0.5393342002845418
0.48936504768119715,1.1421603718059723,-0.571278482619894,0.28915402853738015
1.1267955065410462,1.0965424377729194,-0.5083170434720866,1.0119639052980456
2.1246895073359813,-1.9671242336444166,-0.014337739908822717,0.11590758283305533
1.1980754225866967,-0.5929782924986116,-1.4555046520566637,0.29462869867852093
-2.900414024778086,0.009063796116924736,0.9152729543700839,0.5518645947043977
4.426017166811908,-0.2655002507332647,3.6451758032405577,0.2974218757065191
-1.579252708357726,0.9318029920778387,-0.44980508718620765,-1.14434730481523
3.054760704304922,-5.656394854383587,0.815631224431983,-1.1350798127584485
1.399431794889401,0.1827439987331618,-0.8362803885066002,1.3214486073350595
0.7665777270423433,0.18847233751112247,-0.039959385325679005,2.1494557384734203
-0.30041881753187766,1.8956800058836045,-0.43608503705266805,-0.8867968761198807
2.7567196646292755,-1.5703939222265964,0.8902061222762263,0.40472010184123697
0.29315528149403003,-1.15767607786684,-1.6016145035468656,-0.41280123752735365
1.190472730962403,0.8650366826342101,-0.25292059252556953,1.7757876055421564
1.700867315711876,0.48106852582940407,1.2436266873749755,-1.3186167217436078
3.6796525784746863,-2.7254577576249504,2.2247011555827148,-1.2527855855890944
0.09949986628088109,2.260075171360382,-1.309355182597999,-2.4811635419564615
-1.466642927075659,1.084365717896329,0.5921930904892696,0.3881405705900804
2.32083088346356,1.1425703745517568,1.9876274741053643,0.798896090123995
1.2830045795764313,0.7508220428867278,0.521852062688047,0.9534788810357752
2.0893160168915434,1.8411996128438641,-0.04526913430037036,2.055937546975843
-0.2548358485860555,1.913013462633887,0.1729028819957581,0.19205739259422538
0.18748198903104682,0.872822485166162,-0.26165895657258986,0.7792405697167955
1.9844244599923935,-0.9607979708770971,3.7900927573873004,-0.719427115467947
0.10289978221495959,-0.005813265480873954,-0.4131175560871526,0.9973116364312109
-2.603679203728654,0.2170404051939006,0.5162462030712417,0.03169767135244856
0.1572796620402176,-1.2135544391895583,-1.2169930487069862,0.2982989292801509
0.485998814304707,0.06719604620532103,-1.6238851004413548,-1.0414628296522357
-2.481337141689106,0.23048494423241056,-0.24308372436352157,-0.9012286055037223
-1.7113995101547876,0.8742271964956527,0.4348444339621857,0.12204834020718666
3.959376966579272,-3.4079945823966953,1.4148178816870636,-0.8628783345329291
1.1892383721405508,0.10906557116906125,-1.0034105498042902,0.714452791436678
-0.9909392192428016,1.3264528165132399,-0.1517208650001813,-0.4163512174715983
1.4738378536891965,0.5883184864985644,-1.043271636878529,0.6390550014457214
0.5493212200804628,0.34025292079075914,-0.646678280221246,0.8523472673397131
-2.085159377769418,0.5954837187135934,0.5099463118458739,0.15009222971991582
0.7663437720229412,-1.8035810113335904,-1.8289707448794685,-0.043402355549201035
0.7587522779529008,-1.6358658167156952,-1.4066469375619872,0.6764675773649782
1.2726929932289806,0.7970926011868391,-0.4956074788063798,1.3896464078828363
-1.5918472050870283,0.8178748864638127,-0.3637265318223139,-0.7179572162846481
-0.5028594059351712,1.7729147253001343,-0.125774405832112,-0.5139223694353279
1.8105925187930867,-3.45102342097887,-2.748615570685419,-0.18344536996917563
0.8534129875533883,-0.17278372139359496,2.8775604165721442,-1.7746246674164445
0.8095264081282988,-1.9850711012919222,-1.9618229103268867,-0.3069694286203173
0.44159666528201313,-4.259396875088508,-1.6904188504861188,-1.270430387629686
3.31861366154217,0.049772219353522454,2.2048245085173,0.7205463872883346
0.32779870724990734,-0.011421092583234928,-1.088118788161889,-0.09999985870965937
0.5181637517587462,1.2442447892251491,-0.11646871171044229,1.0397537297180617
-0.2887196193274801,-0.9682082532848244,-1.1232160469625116,-0.024818338467960856
-0.906809588828892,1.4380150450276044,0.015809287358550732,-0.25906117681796187
1.4229268653829152,-0.6178833932293636,-1.182967709738766,0.9365830391305592
0.7759282081717929,1.039776051409053,-0.5112255623235341,0.7438717356511287
-3.2821777339649785,-0.31253271380046815,0.6765113165622071,0.16995765976577348
3.3986289622395787,-1.337259285795374,1.251180287634054,-2.431881221380353
3.75957535152072,-2.501067716243261,2.080988413173439,-0.6989413836862247
-0.08759467425666369,-0.7946979820351843,1.1727720512761264,-1.3448867428488507
-0.14385255871820488,0.2952440339880441,-0.8588988621995317,-0.1345610825247468
0.06647005138066155,-4.825489867656379,-2.8806561838159586,-1.2317358955436386
-5.835114084650034,-2.3298438394275145,1.7615737728620038,1.645356004184958
-0.0564440594458523,2.0578391904782385,-0.20737775210747458,-0.39647936955980334
-0.18538141065682295,1.9597784568429948,-0.05926595386192748,-0.17271569507038828
0.02952776705079038,-1.855854528380347,-1.7145721307186805,-0.4822022793903158
1.955978673431113,-0.08005262420473912,0.8686053189329918,0.9978320729843422
1.5666369805081728,-2.1531965329251936,0.5351487130343153,-0.553332119433144
0.9058938039900125,-1.173969453454762,-1.827687414568042,-0.39271961635510777
-1.8636773030356477,0.7196463426773944,-0.11771740515314483,-0.7110755413137837
0.8605817267297433,-1.059194267030695,2.134103538206886,-1.871439958605175
2.185211174929059,-2.17708711239916,0.0704113889361203,-0.03878551663233308
-0.30464008070203297,-1.2506224360008045,-1.7976746998857127,-1.1698472712571766
0.5367737087662132,-0.24867971895292393,-1.0729482608025844,0.4464119114107737
-0.03473753710605926,-1.0349726398738517,-0.7687796336651435,0.7521542490079415
-0.7953031637004103,-2.059323949083144,-1.363215280762358,-0.3388930181846466
2.954784622931099,-0.32274536414494703,2.749918365540972,0.8867608912650606
-0.36264208587402563,1.800754274275861,0.06628319365612152,0.08245447489311214
-1.3898284311956313,0.9621750333679752,-0.5817668439091449,-1.0309987253950001
-1.901090717836539,0.7268984260681262,-0.3916285633525058,-1.2075364155607546
0.8173465107430556,1.1766221661241612,-0.6492908978121521,0.3000833581983299
1.0612444318464445,-0.3945532351644162,-1.0968119014132092,0.8128682017398475
-0.5471317921551296,1.655187892203383,-0.3022211475406195,-0.557526454489733
-0.8598661496940464,1.3990729637570427,-0.316874312209018,-0.5841627782461338
-0.1100192572507739,-2.2493446235974317,-1.9214736882225907,-0.7968030706692131
-0.2609810135367785,1.8762634473301734,-0.21702430826184219,-0.37605397233482996
-1.0364167963631499,1.296110244495078,-0.26346293224322476,-0.6061990303108048
0.3652054087880321,1.3704929499456548,-0.22153615533271773,0.6025346764757927
1.014743889570923,1.2040863771160741,-0.15206908729579355,1.391590121016878
-1.8763595111058584,0.7749148229934115,0.14561190989450024,-0.46414070592413126
1.8203042100623703,1.2549914716580262,-0.4632608824435211,1.5906937013168663
-1.957202339182741,0.6084473729709702,-0.35329599823167085,-0.9453146519050365
0.7131987835510571,-4.229740358901851,-2.719099338149347,-0.7822876618593212
1.0165630639970433,1.0419505446824169,-0.5515614536126103,0.9148517929580581
0.7085158072733019,1.1493070843013145,-0.37845820491273563,0.8456676486299555
0.8008729378879612,-0.3610123203361835,-0.6790235711714446,1.3720547538081649
-0.9115984528776184,1.358591511741503,-0.5381749350953666,-0.9656424558486739
-0.1819716053697997,0.6474254033141825,-0.4526108585062354,0.42483659623699105
1.7590638887188919,-1.7443306156695506,-1.69390505281439,0.8201581618196306
1.0009590449969017,-1.3230186440598346,-1.9963552270438472,-0.6153606170929681
4.09605452130027,-2.594804036183977,2.016295661698779,-0.35922771128140085
-1.574577230449808,0.9470025087781118,0.08695706267438315,-0.28323291493858466
-2.025410386498571,0.5563273909549077,-0.06447452124227762,-0.5230935001168774
0.34715819069947607,-2.922092270822742,-2.460966961555044,-1.179261790909649
-2.965815380650918,-0.07923071697702236,0.30669366604833126,-0.30119182275459405
0.6780774597386969,-1.0758263916242656,-1.2516617514436899,0.511091848577402
0.9364504946241032,0.4065213980454586,-0.9741796405615031,0.46281370099572555
0.26463628839213266,-0.4540496782696094,-0.9587538480723428,0.5131974018034031
3.3389386967442953,0.03115362131315829,1.7874163779477157,0.8826775860512753
2.8531010843267035,0.34328962069011854,1.6233432753609542,1.1466519382238192
2.6586619242779066,-1.1909388442946993,1.2462535586023882,-0.14940671374709208
-0.20601139028155274,2.0140849701029597,-0.10778420536149874,-0.4492467189346441
2.0107085047121336,-0.7538094002799736,-1.1311756434917584,1.7916114310663493
0.6954581931540476,-1.1886904794514979,-1.4165781408885048,0.4001942641977933
-1.0622465597506676,1.2736229499563847,-0.3974765337689991,-0.8305438650389829
0.6561908277327081,-2.129743737117401,-2.6726015789576443,-1.8569226317482275
0.679057929007323,0.04452803667168396,-1.060693703458746,0.3281681366583177
2.3350193142079636,-1.4030465653085475,1.9213186176296833,-1.6481062034151779
-0.5639058550956912,1.654769757421251,-0.3196238417200801,-0.6228787612486529
0.6924119091494161,0.6376214930702783,-0.6984057259301936,0.589501082619831
-2.3070899730573147,-0.38097248420974833,0.42556987448131856,0.6142921541798019
-1.033962412552084,1.2739886591177982,-0.33714094939657385,-0.6997142357305227
1.4130713895025593,-0.9425741950068861,-1.447500034523083,0.7708295394502939
0.5823756701040996,0.4228802340554961,-0.648357831899105,0.7589479733572939
1.3566568775752894,-0.4845136355327103,1.8652446680898211,-0.5268004258329314
0.8479901557591402,0.2384474155015048,-0.7093919654815712,0.9828271248590313
-1.4445056428437173,-0.42818858213092603,-0.5455670299988719,-0.2899061874265589
-2.2412812445625354,0.373017039142366,-0.38607523234539104,-0.9974905071101138
-0.8067021577763805,1.4833927850641915,-0.5708681086663651,-1.1254427517722143
-0.30450842469508677,1.868007985489777,-0.23008512596698263,-0.47186031905330317
2.0775511826455926,0.9634703439063145,1.5810061977187855,0.247089449747163
1.6701554966561332,1.5519475069586435,1.759032365813145,0.5662387277449997
0.4420357221078377,-3.696681713113523,-2.5370501248507256,-0.9579219345306453
0.6808696741779782,0.04951802376102764,-0.8873873351307117,0.6283516786277249
1.9424912508055023,-3.4058688444595084,0.5304955666289367,-2.0586252938102843
1.2260554784791402,-1.7700155592884086,-1.753285114645704,0.5028046122972927
-1.2070272299810199,1.2128483264134116,-0.5057976791214814,-1.172285630433077
2.475247080246365,-4.549860158558345,-3.7054517898189827,-1.2226936425918191
-0.9371889000492412,1.3503582976950181,-0.3006022379010888,-0.5961816011825178
1.7684867826215753,0.7458556084587376,-0.33127038583429064,2.1682539468835014
0.9002872253982994,0.14709121096752031,-0.7928233791023133,1.0021621080745413
2.4120270282085134,0.22502055327355122,-0.5206109275446401,2.8063130284694195
0.7272411476651209,0.3286423093865868,-0.6253705407366603,0.9481776422619987
1.8296894122001999,-0.10810487207334304,-1.2556275545538833,0.9717741472476663
4.32392947679724,-3.0780401112692446,1.3298464615859682,-1.1341710096418998
0.852660398932095,0.8331091261871525,-0.9792731931972213,0.016752581770972098
1.8758262343664025,-6.383745328058546,-1.3624440999056682,-3.0385726259207884
-6.1960089694283615,-2.5998031862096087,1.516927275257023,1.195395229192336
-1.522434548504766,0.8623373493661662,-0.7328903601308608,-1.315482900246283
3.3452219062941917,-0.754433413653675,0.8994271281989197,1.4066252117224056
-0.6276458932623435,1.6149899547824242,-0.5932896742290997,-1.121859054914645
1.6975934994113928,0.436426221860837,1.437410662013255,0.015415445243981883
-6.1960089694283615,-2.5998031862096087,1.516927275257023,1.195395229192336
0.25834436149703416,-0.10039670308088897,-0.9936044583910385,0.22180484037214482
2.3296431719118558,0.970891089335059,-0.32924162763956977,2.5816298529908064
0.25341997472590866,0.1441362276944437,-0.7884827361860042,0.5153848110707062
1.155982592602003,-0.708994058078778,-2.0173955946025015,-0.9974086751812505
-1.621223682302264,0.8584881891152248,-0.39989220637665773,-0.9538891790343779
2.3931239960246082,-2.318615814146518,0.8733383274121406,-1.472279948245047
-1.7056975394698572,0.8545548940637228,0.06877953955732759,-0.40672740034859156
3.3663387034225116,0.228852150205419,2.5468890563410564,0.6064054027775035
2.5736756961631633,0.4102173054555053,-0.7789192648888641,2.1968214006766207
-4.161990912573602,-1.0155006244026574,1.0263592496771647,0.6727923012760233
2.2350633954654064,-0.5905610709650329,1.4387945668060353,0.8697248816462503
2.9174510985175997,-0.38529660221781814,1.6037628113481939,-0.03427103747155811
0.6565445446252247,-1.5841934159309363,-1.371097769565147,0.5079640238692757
1.7374943385200297,0.10302861823374816,0.7117387689404577,0.4155880547561534
0.238057739416879,1.321532234831213,-0.4453091245453458,0.17167092046993299
-1.7226661766758922,0.856558726288144,0.41399063236373884,0.1276008471499154
1.267199086116261,-1.0573769257428196,-1.302337931296436,1.06006159803622
-0.2429754646149929,1.9054925814059858,-0.3926460350458382,-0.7126630105536648
1.0978163319937397,0.39754480273305076,-0.8025100518833426,0.9048155393910396
-2.303475138779978,0.3006846802635197,0.09483717905486948,-0.1579534537851077
0.9238087220624212,-0.6161615192403151,-1.4583090797657168,-0.07660941497660477
3.1080613391568432,-2.583813213281524,0.41567091349324675,0.4399653368411735
2.7107564770135792,0.5704893304553839,-0.7113753638735548,2.3398356339504707
1.4062489376664389,-4.938092211118722,-3.6976312117586643,-1.8710770975443716
1.5461078979504805,1.2074937498898315,-0.26412693925207276,1.743125028765334
0.8689335813619898,0.11068588664044532,-0.8218801224701769,0.9262572481957736
-2.775688438089063,-0.021388396978754855,-0.16879395698346747,-0.747929107889131
2.4463543446453873,-4.470678372361067,0.1667497849388161,-1.9235139737140656
1.292390850483952,1.3544917971726889,-0.48435047433363904,0.9394525120606952
1.2851407300405375,-0.21814579901345918,-1.1924343313793235,0.6783803643356842
-1.336521058040329,1.0766255159057585,-0.5934543036433321,-1.2419682467589244
0.05380581820441174,0.6161704040128869,-0.4003509220571801,0.5740896739814532
0.7639370649078067,-0.008589122133567377,1.9748541764516307,-2.2238459748262844
3.0791572531520237,-2.3842055783579403,1.7642102643836655,-1.8570365242015374
1.7563372183150516,-2.9162294945211977,-2.0445946710486664,0.889097488796945
-0.8217889703889231,1.4390665325199197,-0.6077454224537241,-1.102191484028381
1.7437608353855572,-3.7932538317913025,-2.726300812079027,-0.04219663788173147
-0.6447893013668848,1.6517067657086526,0.44045972285270235,0.45384511942568856
1.0192869876506343,0.8938749216898604,-0.8847772345001127,0.31740230372181405
0.14989124016352026,2.253444854849562,-0.5398507819722306,-1.0312107310153942
2.1373043090022956,-0.7201287606401273,1.7328939172130728,-0.8839622731758074
-6.1960089694283615,-2.5998031862096087,1.516927275257023,1.195395229192336
-0.17381527302006086,0.22410033255432205,-0.4839136394098244,0.569704731005604
0.46664136743601337,-0.4236106964816955,-0.9684763401708347,0.6296213305054192
1.4409056023297993,0.5773236314705681,0.1300332355758769,0.43409894068119664
2.388170373368263,0.3463353411682325,2.2087855912953573,0.8011847477682607
0.77391450303307,-0.1605109989650327,-1.3672956286192521,-0.1289120002032893
2.2093826442154643,-0.8767298669262535,-1.2621361621873828,1.670647344652298
-0.541348851603882,-0.9077915243143537,1.0197108264144916,-1.882259689332274
-0.8594743916173686,1.442292846472273,-0.17141449350268115,-0.4523871660940181
-2.684939932598263,0.13063004819147295,0.8377106612835158,0.6088441524829824
0.6352956535275593,0.15573411245499447,-0.4895875447357104,1.313146879789516
1.2162097041905917,-1.842229366919637,-1.5585374685993605,0.8328153716694593
0.281592435424566,2.387178772385032,0.2883591454786444,0.2754655694710676
3.3377766795439663,-5.574316037542255,0.34649240496353534,-3.1871282252835633
0.8120548394963407,0.44756309579195663,-0.622440804068757,1.0417051921820903
-0.6232961743422548,-1.2814030785327297,-0.7068590451816843,0.34857576569952226
-0.6117360361486964,1.6726758374145032,-0.07576212284495529,-0.3980366128399684
-2.131392979123123,0.45939854201775865,-0.30924048343579075,-0.8544142478952903
0.5596029894253068,0.9320818323756805,-0.29485215393440434,1.0023786447281495
0.42098347561307686,0.08608806966904586,2.593013084181163,-1.5213004380715536
0.47555751421214987,0.9935103061379601,-0.519163925801183,0.5458861517300343
0.8450986744113221,-0.9162158005667099,-1.7576616843333166,-0.4159826802520435
0.0744096403168851,-1.8055964752822935,-1.7914680980845266,-0.6111400333475547
0.4770643467960538,-1.922949017230131,-1.7548245610428712,-0.2955821277230997
1.6347014064244425,-4.983891543369493,-3.5894161055990628,-1.3691829023047701
-1.443573941501135,1.0415253622429608,0.07130772580158563,-0.29764768270043634
-0.828283995119088,1.5409206012156857,0.009811929635986906,-0.3635626395966959
3.352011130334576,-0.7872142043941609,2.169307044574633,0.5157870921771354
1.0008713589441676,-3.6442007444155973,-2.879055467517481,-1.0789820569090443
1.341147106464865,-0.9045545066657223,-0.010003227796255265,1.094785113012018
-0.9004125072354254,1.421978575767638,0.05141170367654315,-0.14440903609638214
-6.1960089694283615,-2.5998031862096087,1.516927275257023,1.195395229192336
0.2941662590310504,-6.768541447704854,-4.506471461398356,-3.6362473342001236
0.6636157271118334,0.7649406130480676,-0.2664567603039333,1.1393290202961355
-0.6725368691123026,1.5392974649671574,0.097082458341628,0.14165509124868064
1.3783055839354623,-0.6015968671678056,-1.3126503328493906,0.7494935063207231
0.8114931447816628,-0.5979793691696127,-0.5983365486695099,1.608257193622183
-0.059051365441803214,1.0899893928435833,-0.11287659134953187,0.47146457027500915
1.9828622426676987,0.748604866701556,-0.5017156151502643,1.994856028886967
0.47725262956313447,0.145673508065268,-1.147676456760932,-0.29050939732408304
0.6771525239888728,0.9646312853410337,-0.319850447164618,1.1320296118356739
1.3165592852964285,0.38766369229598285,-0.5650734017435066,1.6151806155801953
1.9235898471986719,-1.6285619710311343,1.904930429839353,0.7833853864567508
1.815025069420571,1.2641434292666298,-0.07432812583375364,2.2335855425697297
-1.6269074137991828,0.9183819225356479,-0.06670503466738711,-0.5973873580901028
-0.648924180233311,1.6170271027467946,0.12587108834795901,0.018191811819905493
0.7232894726540007,-0.11556591664184257,-0.7770167843434937,1.1167175627048402
1.4691880955767689,1.0670969240327282,-0.5028942513284684,1.3536216442100844
1.031310296030397,-0.3846751358330886,-1.2824571137307341,0.2869701901342942
-1.2381159792382983,1.1683971752196989,-0.7246122437588794,-1.4969589234002836
1.7912419616273347,1.130734181946621,-0.552841369543934,1.4918767757463247
0.7303155830102801,-0.2534560612983775,-1.2660123297759898,-0.01802896225445572
2.3681436934286855,0.4371505339348603,1.2850631120929072,1.9209914761783697
-1.3043510980850057,1.0799945982468102,-0.209104798961418,-0.524517878091141
1.034502230503418,0.8027705896313564,-0.8405168135332629,0.4581645389921306
1.1647595462470912,-3.9110035334865523,-2.496283666106879,-0.0610475520380246
0.17442536307459158,0.4473444856851517,-0.9810323434233456,-0.19993318809381508
-0.6691026425368802,1.5618538261368136,-0.25690881727232645,-0.49890864548271174
0.769326419686316,0.4436141100743625,-0.3668651292589579,1.3497330278706048
1.6719608667113062,-0.26190234276029256,-0.8791507479472097,1.7575329548144432
2.7751374268892537,-1.4282914666733497,2.5813933840817738,-0.6724964854625889
3.6420483124047642,-1.6268294483807966,2.1053861668525298,0.33688899315645715
-0.7240021310586724,1.5512227857581735,-0.2148795268515389,-0.519976889727236
-1.3523000472226918,1.145120156538462,0.24753290375863873,-0.1040899019270962
1.6372674301162033,-0.6096387244839304,-1.1433011557099575,1.4339011717892498
0.9532510018203513,-0.05589665587146864,-1.135071542451804,0.5009069078671176
1.0172373595958293,-0.48535751856387893,-1.4708233420847998,0.05741443074967843
-0.02012476673521152,2.189159172051144,0.26156608606744625,0.10520270063058604
-0.7001844664900544,-1.950725353587995,-1.6896231220388291,-0.9058307241324558
0.8969131806886973,0.11779867124453908,-0.6820028811247805,1.2512377229596303
-5.879521680686798,-2.3630619484223576,1.7314703735186627,1.5899889785743433
-1.151858012822564,1.203082193303073,0.040308872460363264,-0.11604911622590276
0.4168808418858294,-0.06621264235114532,-0.18459815119163592,1.7220598933058244
0.5039888771151311,-0.903352974664077,1.1503160115263518,-2.64356071417141
-0.014592544059543357,2.111424418177698,-0.13592484376235173,-0.3340674933112376
2.1862871206488044,-1.6187180131449717,0.38750665512736504,-1.0485047883314667
1.5257646734783925,-2.5186848912362136,-2.2898304035394146,-0.05316602295698157
1.3774890560053197,0.02028606031082197,-0.530506234887643,1.9816506199677704
1.2350928558326035,1.149863939910452,-0.12131694564927577,1.8501275087683795
-0.6162508054509785,1.6440373702448996,-0.06308661669858748,-0.2848777838906383
-1.2300925475954005,-0.09465272489485632,-0.26722274227195275,0.240307296770253
0.9329565149416349,0.8293595975469739,-0.4798258118828179,1.096812918628106
3.0688699298094044,-5.53057226304845,-0.196190099782165,-3.236497951986446
2.4240802778162784,-1.4749370937826434,0.9850801640487343,0.27936915082962377
1.5565671766392934,0.15762789220962936,-0.7996825216201516,1.457316314152193
1.8103776874645063,1.415810504494645,-0.43565028274215617,1.4852423770288303
2.5200061923724486,-3.3178040112569045,-0.7566149964129297,-0.47366955255316157
-0.5006239653337767,1.7366780178562577,-0.1515727031192142,-0.43173400047545074
0.022473804863197278,-2.9586522783970652,0.8267013959971337,-1.0669354777208544
2.191470767736962,1.0130810152117504,-0.4036288184606924,2.246566692014344
-0.6319547818504021,0.7764744925889242,-0.5753191016891789,-0.5396628071461124
2.930173478442025,-2.6082245476265147,0.7974322459540485,-0.37624088707787146
0.024052913435700575,-0.4318181395133891,-1.047576085316888,0.13390263468971242
-1.9894713179176096,0.5433763734610093,-0.30708468753330603,-0.7623637985088583
4.718064407968751,-1.6075950068656948,3.4484548603003353,0.6787840800108051
1.7123911080755732,0.6385856197985272,-0.7006251034109408,1.3899054495569867
3.733989422095503,-0.07236576100806022,2.401646139889697,0.9787408830387704
0.028696646507833715,-1.2289212964423613,-1.263792179349921,-0.10389304103149835
1.6329038927308581,-1.0136233150169012,1.8200809876332211,-0.8004486214526597
-0.07407236601341162,2.0576798711904463,-0.2854336451388391,-0.567227348589632
3.346366724378742,-0.5619630039287505,2.0074384501375713,0.9036682069882745
-0.050321535947118114,-0.6136883568205035,-1.0415750406464228,0.20315391060786447
-0.16098073248616626,2.0310872861970233,-0.2081429855104955,-0.5677272740310714
0.44969963640992483,-4.734234285574092,-3.113929209057705,-1.5805274789143293
-2.9328361802971266,-0.0540652183035635,0.5627559830207622,0.1654163694795483
-0.5931847508073824,1.605017676603797,-0.1277956137321931,-0.22881578967075886
2.270660777954556,-1.292140533015513,-1.5637263459930555,1.5370365476544492
-0.2759893332188565,1.8659152656493747,-0.011356366194184307,-0.032977207294924364
-1.8680255686010978,0.6108840574001337,-0.3153429634173413,-0.6895294902001508
1.423548929905973,1.6936088177904771,2.14350957931829,-1.054784225913423
-0.5890540621453005,1.627897589418728,-0.26195712792870635,-0.5083440639950113
2.220665779810002,-3.5299549930146843,1.9837182710619325,-1.589191323898639
3.5818535974296504,-1.841489237546121,1.6319996250251179,0.21308577420504177
-0.6812335940761155,1.5466795102428221,-0.09524316655920953,-0.2109961452958917
0.2736647836504833,0.263407207536084,-0.8090722446199342,0.3707184262001474
0.7838719946133748,1.5045546186517165,-0.43112852992999884,0.48662374742777537
-0.40516291794933695,-0.9450068734923022,-1.0427646890243425,-0.1559251174379181
-1.1877103723534341,1.1283895464372562,-0.19779624866999904,-0.3785799358153912
1.5666483568847038,-0.32588310314966196,-1.068593480081297,1.3114095793070875
-0.7685365259490616,1.5345432199215143,-0.21772530901626733,-0.5781682741906242
2.021607191488448,-0.7314905647099339,0.39733096849680216,0.5723606603782424
-1.0047026056100699,1.3872469352608578,-0.011337490071253863,-0.3954980208074039
0.6177805958065843,-0.42311896229308277,-1.631636921352502,-0.6856011313356897
-6.1960089694283615,-2.5998031862096087,1.516927275257023,1.195395229192336
0.8849475523181145,-5.767272648167111,-3.5602272996465705,-1.396361117694242
-2.376653906342264,0.2495009284695331,-0.2479958282474324,-0.7279652349979386
1.1585692142083919,-1.3349227345659158,-1.4032562048517125,0.7349227606545249
-0.14884112893168217,1.988160730608968,-0.3610841822658863,-0.673637691959476
1.8667212985447008,-1.1065487146509534,1.7995668671382081,-0.6336739002117286
-2.9264490563673915,-0.10843103741304486,0.21425745693777187,-0.2931211138670628
-1.0792638857308199,1.2925264536486964,0.17157294284566274,0.002994355355256786
1.4784266383320261,0.39344232176012767,-0.5243962050291909,1.8342822676622879
1.2253525918014379,0.4434547416923274,-0.953756805213708,0.6837030024732087
2.29768223594246,-3.6243005553469514,0.08357369998319399,0.39405071945681963
3.1545666559492878,-1.063392052639451,2.69046805661923,-0.2686641624922726
0.541568539003369,-4.856412462607171,-3.5304927451844286,-2.2538087062411196
-3.0107371478059326,-0.06758554944414111,0.8544911896258848,0.435180033653254
2.0093018467199135,0.040139178924362195,-0.9214666064531427,1.770372398497999
2.6525723151062754,-4.805740049536472,-4.221125597792126,-2.1198096758343214
1.0592276734678183,1.037146124070378,-0.8338639595975,0.3490852403248233
4.081370190795246,-3.0672771237509315,1.0681888656050196,-0.38038440875328494
-0.510964633414899,1.6937202094326813,-0.2830710000031427,-0.5487633295859893
1.7674340587191435,-3.9888805874823983,-3.2743654222512584,-1.0728518825631044
0.8910003668151381,1.6312887956386242,-0.2198041118736751,0.8415383167498651
-0.6659123883346222,1.5787967267767724,-0.3235463515771156,-0.6503950976125437
-0.6953484822233562,1.587456236877036,-0.27199232340379215,-0.6510351223327167
-0.9080154120455575,1.4280578373208883,0.2475834467994744,0.14835878077425688
1.5044695760472386,0.9691449778559261,-0.23141404321791217,2.0060793129472922
-2.244687387597043,0.49872422374879344,0.9332372427152548,0.7516172670994741
0.7602612214769234,-5.858579386768043,-3.8371946516176756,-2.26085094200762
0.04886991185690497,-0.14271207286468537,2.0245520756395647,-1.5322461859574275
0.5269670893396704,0.18561935315868888,-0.7378488479694012,0.6129648398779145
-1.4944976651366961,1.0747155056140307,-0.49641107416521507,-1.4235323400652289
-1.6709459286440875,0.8510478459848052,0.2439812886340383,-0.02803483387330251
1.68782620597845,-0.7066643160779444,-1.2325824214996035,1.3508680781840814
-0.8484609088408067,1.4461093942770125,0.155953792652587,0.08917689388754291
0.8828446303635225,-0.2146655150886246,-0.8917550890905658,0.9275982768911597
0.9952270926719565,1.126515884847257,-0.6127834927974447,0.6720776551971179
2.446006939139784,-0.9681212148999061,1.4636218671015933,-0.8124992563275417
3.462371438541557,-3.0930076225094054,1.9120719540620406,-0.6636800512090171
-0.7587012273730346,-1.9591149446546696,-1.2621374860940682,-0.2233307884254504
-0.33356682815925504,1.8377997436445688,-0.4920494442929216,-0.8993710786476107
-6.1960089694283615,-2.5998031862096087,1.516927275257023,1.195395229192336
0.9499358748127917,-0.4521526155310692,-1.1057364074946554,0.8461225047604115
4.170125134258924,-2.2149672153392728,3.0852553510231613,-0.9088653481105582
1.444776609562905,-1.4550955432542028,0.7313757191295669,-0.19854771198887783
0.15670451885327058,0.3984739151805193,-0.9481856306458006,-0.15922562784989053
3.694834368683199,0.16354497180403918,1.8295368193955668,2.399971994235037
1.0317291151299874,0.10264212007470246,-0.776718743359568,1.2050775716317952
-0.21756865113723034,1.3422915750757267,0.9920431978211675,-0.12388969712455207
0.16414311957126324,2.270168310178593,-0.08401362240688456,-0.27706743978539444
1.9383897923418736,-2.0296019549958473,-0.5989455068595293,-0.5758192758631904
-1.3224460876416069,-0.4397156043203075,-0.9303552379925143,-0.8826132337841096
1.4041514236108754,1.5149151640595873,-0.4959262568236579,0.8938191152379937
0.5887674772940182,0.5942718954057095,2.113732945295465,-1.2708948774396034
0.10082823736829022,-0.24248197267419117,-0.922763555918,0.23689286747610688
-0.2170994470010145,0.8217204366860085,-0.25212833304299603,0.4399481340370746
4.825295567031932,-0.16613313804251129,4.18175016089823,1.6066770479507562
3.699798664914637,-1.9689118989856378,2.00265280674216,-1.1618349783766273
-0.7583608648512558,-0.44020540198341357,-0.2370440505722314,0.8738128473879413
1.8152423574067527,-1.084824798817729,-1.48861531038098,0.9752635730504781
0.9193431790896314,-1.2607525557457173,-1.648158721843933,0.07369061875590009
3.7248536854127727,-0.6594014784396638,2.923227694992383,0.8887191168215578
-6.1960089694283615,-2.5998031862096087,1.516927275257023,1.195395229192336
1.8593995680132474,-1.2647717961205236,-1.2488998947224763,1.7932290942932503
-0.556841849872969,0.045749881482830115,-0.9215172930051319,-0.4058585207363758
1.594796473461908,-2.0781557435952145,-1.9450719291864778,0.5998063671523136
0.4317666209427488,-3.5479039954200213,-2.8362027053774113,-1.565215101344472
0.7491118634988733,1.4528016807274846,-0.10033146989749156,1.0993886738240488
-0.08670163963637444,-0.6987169631798694,-0.9229931885908296,0.2222043457070068
0.5799859451004641,1.3960980468208313,1.661646156436496,-0.7521024779990385
0.4225693186980657,0.8100792361067487,1.9776335270649372,-1.0226907540648462
0.7953315306618615,-1.6354027463393987,-1.913206876918707,-0.49946562169654957
-6.1960089694283615,-2.5998031862096087,1.516927275257023,1.195395229192336
-1.3639127581732307,1.0751934656741506,0.0451704526865623,-0.26419947942696725
-3.0163550454572414,-0.11939713892530515,0.4986165863769098,-0.027369562807093836
0.05742718532611823,-0.2779300223262821,-0.03272759547157548,1.7504092810146374
-1.4708118876468916,0.9400353767213924,-0.4996078412690969,-1.0105565332991477
0.16994236986562786,2.276837412996622,0.12654151325012652,0.06533843444065902
1.219766797297452,-0.24988387572440843,-0.7619656135194591,1.5602577834723146
1.76767230009533,-0.44800379184301,-1.4321479086209747,0.7091490620202006
1.982323306260557,0.6298923628357872,0.4417731866019275,1.6019311187706367
1.513777234273625,-1.9327784615844614,0.02647178024624912,-0.7199277455721127
2.69560580107921,-0.34526647654624587,1.9549964720541175,-0.46741054824762734
2.371354817559763,-0.23397269405786733,1.3072876016110098,0.6653479383171759
2.0172617454815316,-0.961023979637435,1.275387929072975,-0.9033358452109165
1.557945645096093,-0.5423991879584928,-0.686609419745693,2.2228310267188363
1.780088334968788,-1.0030378168136125,1.5378642806379832,0.017941493228980712
2.1935253836425677,-0.896220945794033,1.3471468418283727,0.39876233157334273
-2.0081681383509205,0.694984150698475,1.2495868681346372,1.250583824260342
-0.4630457938580195,1.8433188236313078,-0.4230790152940119,-1.1406673434853276
-6.1960089694283615,-2.5998031862096087,1.516927275257023,1.195395229192336
3.256381207365417,-0.49918121438375584,1.2664387901126748,0.40353270630039867
-1.5701976539273952,0.9932785691827466,0.36104730669315055,-0.0029913631613277957
-0.39008965053567324,1.8113211708316794,-0.19286389127534445,-0.45748829691742365
0.9230185350809257,-0.7277365725978354,-1.3448810199443906,0.39254033541508443
0.05786065272543367,2.1485747316742456,-0.22641946801076243,-0.42053936296703265
1.2299857756862043,-0.730272313897649,-1.0561126167359816,1.2399056140908011
1.2723429780710955,-1.5276942437811278,-1.7722979863856043,0.29365456494772707
3.0408853757521714,-1.7069755612392183,1.652495911824032,-0.3265237432174297
2.0013040631462755,-0.19646688699134626,-0.7114387566603835,2.2195512276091223
1.7511084092486344,-0.3186723064287526,2.41369357063487,-2.456676289823263
1.5289840038220113,1.390510003087857,-0.7456030935554382,0.6554345909718428
0.9778206097961418,-3.9646475740880054,-0.28692463417416203,-1.6293240286496589
-1.0487174418193903,1.2778982202896048,-0.2162431864573723,-0.5043101404784033
0.3523139353854335,0.887874356544226,-0.5707002397081884,0.37542922456126493
2.620194470395936,0.6964876643182831,2.397967123954713,-0.1840184332927165
1.670213294010109,-0.20350745897916264,-0.4991589821043551,-0.19924758797084102
-0.853692271798961,1.5642262634289807,0.2935309965254619,-0.06592833966534921
0.4644939140002699,1.0300175305165502,-0.6797605792619903,0.1404070573270631
1.1041433451398628,0.7616804566548555,-0.7642875841409378,0.6791097164174696
-0.3663103873144533,1.8153162874559303,0.05347270301755338,0.0022645493659683848
-0.32918337258769054,-3.497659480914128,-1.2715608037749666,0.6375430461651733
0.9292136756287271,-0.5469355223709167,-1.4226465446779115,0.1807919293568656
1.994408602708354,0.8366532440503008,-0.3388445293524652,2.359676237403191
3.3913838264919134,-2.3501925161221324,2.2841286630138837,-1.4403877750926548
-6.1960089694283615,-2.5998031862096087,1.516927275257023,1.195395229192336
1.1595183810420446,0.6028416132810824,-0.2912155278215567,1.8411500090338373
1.0903380658877024,-2.9056533103760045,2.1807234416480146,-3.401290705030568
-0.6479541049818603,1.613541988510801,-0.17785699508850986,-0.469394919702117
-0.3485790015519324,1.8348562921693932,-0.35947306025240194,-0.6994603156553338
1.949295762889396,0.6015573417962984,-0.8757181342681769,1.3647910838717308
2.9834059398928665,-2.7125547221958937,2.254141229350272,-1.0261404591918586
0.5713654649584208,0.9023272133380554,-0.300943445356515,1.0382773349711072
0.8417429745493228,0.9070444014713068,-0.6916942796124075,0.562674791724314
1.2929689444948973,0.809849854494546,-0.08145157120338728,2.1079782140926944
1.5942608062135686,1.0139326902724055,-1.0448833352691265,0.26077562687920414
0.8612413869234097,0.2658099963691849,0.9068410428817961,-0.5416012985512189
-6.1960089694283615,-2.5998031862096087,1.516927275257023,1.195395229192336
2.380238451629561,-0.4111893238954753,2.844811800514109,0.06744781202071817
4.932145854343851,-2.190112322247156,3.87399751811082,-0.476361069010367
-6.1960089694283615,-2.5998031862096087,1.516927275257023,1.195395229192336
0.45237121730702934,0.5059889552123761,-0.6323891103855532,0.6220200280991565
0.8350275984800268,-2.890180604491723,-2.3820283591956146,-0.513498613462673
-1.2233932552460154,-0.32738850502632627,-0.274862447053648,0.42846270624468535
1.755162753634138,1.8788693319028336,-0.35890057802178527,1.0555844295641894
2.378585206818957,-2.5645058843473314,0.5133923805504325,-1.2667658247471105
1.833225728921393,-1.578527146754931,-1.7859054838102228,0.7610424325292479
1.3611287800563572,-2.7250728728212126,-1.8293793349651746,0.9252015524293312
1.2636840139587615,1.033861820699808,-0.8873285307872782,0.424692305315926
0.7137362144646109,0.16182122545854652,-0.8797299725874913,0.6057579882661425
-0.8214020534612987,1.471562304434952,-0.42914841984210667,-0.884757951393151
2.6255867007938725,-0.9726741518213785,2.1400124779775638,-0.8352284964905639
2.9331187799923506,0.0955394453522879,1.5041647112664138,1.6656805165207509
2.010670858953951,-3.0716737013018056,-2.3981053564289327,0.3167474338929715
1.474601939621142,-3.0249804692264584,-2.526873744111706,-0.22544074675160014
0.6174419369232023,-3.112115617726214,-2.430794655187449,-0.8463561799490198
-1.1854386750838213,1.2629938551179987,0.3151995861098418,0.0989056522378092
0.8938574625615853,0.3519450690762971,-1.5202902721234237,-0.6777146882991623
1.3804413742865211,0.6788604885821384,-0.4368179937296541,1.7832057275928241
1.3666576670179105,0.347934746282562,-0.5268000576345045,1.7858532044111102
1.3741976055657306,-4.3965612457326015,-2.9133234356192013,-0.3439699945353506
3.2872231484102357,-0.7638351272701914,3.790300244695033,-0.48152040712542227
1.776557869695722,-0.8559524919792618,-1.5217566144359227,0.9090117201107317
2.3545959164918417,-2.162784600966774,-2.1664818719225964,0.6785506994183198
0.4344506964720798,-1.0381287022193624,-1.4802322827562704,-0.33985758640815944
-1.0144985325249412,1.3412199609370001,-0.5311548112272246,-1.134823403597859
-3.752620784935928,-0.6999403223112018,1.0357088250097035,0.7816582286605068
2.049047809318041,-2.496249508039008,0.5691375402403359,-1.5163726406245057
1.1970321762937484,0.036447168968578705,-0.9222010588303994,1.0406989341455817
2.517811496435652,1.4660892106592511,-0.04073895730536097,2.843371418739789
0.1359657494290295,-5.138272068574828,-2.5296514747265366,-0.7852527686802362
1.1461870673522665,-0.7099896056035141,-1.190125969388821,0.7315080918047514
0.2859672481344378,0.729528739502778,-0.6909493519182581,0.25237669244117616
2.0786022276153973,-1.3497038385386875,-1.6561066383387997,1.2072089120025553
1.1026185935159845,-2.549141702140402,-2.196095769175327,-0.18927420693136068
3.4775291160162483,-0.700180626720088,2.2809550305152526,0.7232572460538279
2.0660452322382215,-1.2562479009558187,1.298517308935633,-1.387570983161
-6.079202927781011,-2.5124290392396698,1.5961087494019894,1.3410280415159161
-0.29063167741248236,1.838516096266048,-0.027290032042067276,-0.01885050761720207
3.398731976524657,0.9208687771537742,2.553805251838451,0.620692968261822
2.3023690150178973,-1.2640852176659405,0.9722685279323358,-1.1088380903124098
1.7793051406838516,-2.5338024293093446,-3.0175954967762757,-1.3632941691179437
0.1211941949839462,-0.3028596791341842,-0.6996319466124591,0.6332147376160704
-1.9347521637173601,-1.8918406990898324,-0.9347409776774359,-0.963701932694668
2.010393877956658,-2.2447316341709365,-1.8295675919646182,1.1972915744562034
1.3089667885100458,0.6291003602827173,-0.5081926446229265,1.5467428281418245
0.6827449667361277,-0.08619538599897957,-0.6051752618292716,1.2747385941988174
0.5546298827451233,-0.20962147506025575,-1.019366593477413,0.4189500426248757
0.8455341070600626,-0.1443019259130691,-1.927979596983721,-1.329941668519593
0.08090225768533357,0.9006743921009434,-0.17972705981159676,0.8634903428083127
-1.3079687997397784,1.0717629718542145,-0.15672142984323753,-0.42157795643340934
3.1014620727280957,-1.171572045764813,1.6735131346030585,0.5144353385719955
-6.1960089694283615,-2.5998031862096087,1.516927275257023,1.195395229192336
2.0365189529993106,-1.9703439265065978,0.9908611371961581,0.05431862891463069
0.6380811969423709,1.7387297633065764,0.841144837882222,-1.0757228128129053
-3.235408501379255,-0.2308735700755806,0.7767669157460536,0.23221816270616893
-0.17902137969965914,1.993085946515537,-0.5606301989995937,-1.0924210257552667
1.122310412046886,-3.978237879725916,-2.847982238217752,-0.7349432556949271
0.8944384838202958,-2.5591129531211827,-2.663158527294902,-1.5815169865510894
2.697085413265566,-1.1626432445171115,1.2277287513067119,0.014137227869862495
-1.0901673471623141,1.2347994235886826,-0.33339677096001125,-0.678915529778267
0.31316912212888515,2.3273288705127007,0.3593845707215768,0.65246475891631
2.3700641436081233,0.8151100658635622,-0.1967643839330766,2.898599248430038
-0.3138020437953155,1.8829437528117747,-0.1257285438081934,-0.3746302753787236
0.563683577007874,-4.204884635907796,-1.2431069155337886,-0.3727463758411037
0.30338036049274836,1.1530160255879651,-0.4380675946944597,0.3805787581705624
3.6202715206515967,-0.9962415491357682,2.0474246464951027,1.2300024264467877
1.2024024616024254,0.10388154536317167,2.641777415100122,-2.179302264860531
0.4335228695650711,0.8758839967646018,-0.9298659301052649,-0.20482135382081443
-2.4262392045693426,0.34451864387885417,0.4892358916580267,0.03226610533610528
1.7012071405343607,-1.4565568834702245,0.6131448507018189,-2.0353048210650395
0.28800810244678454,0.6736968435929195,-0.9130005243904693,-0.4705393116767416
-6.1960089694283615,-2.5998031862096087,1.516927275257023,1.195395229192336
2.542872584385912,-0.1139565826221402,-1.1141794513816887,1.8745015331125698
-0.760588320392405,1.5784388632101458,0.29988467902132604,0.14504382363942056
2.7226763427857597,-2.1193103840595118,0.9465283579861916,0.06480131329877882
2.20491752172956,0.008015818720952824,2.405901435305275,0.4955857492113365
-0.17747132819907932,0.37418325768453403,-0.4500780375335195,0.5602323974824529
1.9535735484864682,0.7321678967883806,2.4654742514582435,-0.27637618164690914
1.450252620177503,0.5048706572308621,2.316832916023307,-2.307898760906935
3.2867732666904512,-1.3671426691984636,2.4440195988481577,0.08508544309545807
-0.8460737045940592,1.5716146973445568,-0.17718456544874242,-0.8101878939820182
0.2231394161745337,0.8997465092688409,0.7895742826299513,-1.7324797451126162
0.4558929840200786,-0.996512126642645,-1.268976781760966,0.3276158085067096
1.490363330089527,-0.3268535941580747,-1.1160725453426121,1.0948857416306976
0.9520020486439854,-0.41288334690964495,-1.326099392605518,0.32931661432156406
1.027358341584472,-2.6161954680623767,-2.0483148624276124,-0.1389011982858379
1.331625808087622,0.6595276484329801,1.2833280563062306,0.502808365913506
0.662729383218102,-0.21590557527473384,-1.13757942737304,0.22473382925489646
-1.3628263269200716,1.158872916458586,0.43820297036182543,0.12827497931890558
2.6824798812436996,-1.5126135789385122,2.0155693674256194,0.19834667844235404
1.6656279738131134,-2.8465824635549097,-2.509780646848587,-0.24596631286947482
1.256275392216404,-1.582499168468775,-1.8921051944005778,0.03230307675191912
-1.1987868864763134,0.5862511008572273,1.3204573943993696,0.17324808042772602
4.568371615950833,-3.7708386271014245,1.5138214503874439,-1.0544344559168746
-0.7855178131710016,1.4928824626977706,-0.17752462412978612,-0.4520813843471114
3.0640740755132327,-3.0626430035454653,1.067831561158497,-1.590687503942931
1.236578233734581,0.7240707778830592,-0.47076582842624526,1.4549693774445056
-6.1960089694283615,-2.5998031862096087,1.516927275257023,1.195395229192336
-1.470363380826909,0.9593484309453676,0.004438253032543728,-0.22414187803478866
0.41398709647944826,1.4984428101941316,0.00852561318117298,0.9727423751455239
-1.945124792482855,0.5574793855964146,-0.2795740273618868,-0.6554624024585652
2.898084136018715,-0.5210716910366918,2.6062393529543857,-0.04858818102322351
1.272677826242401,0.2211235523732395,-0.9252872809702738,0.9703361386281619
2.9752524602458856,0.5822216093396613,1.4345428163263425,1.5601863893825778
1.3113080952539746,-0.6871173403656186,-1.3821646824190583,0.5395972630539339
0.6991300147551832,0.1828646035279497,-0.7169660377772005,1.0018095972910184
-0.9098780083448099,1.4263341726400618,-0.024005537039602804,-0.3051604336353461
0.7249513743696148,1.0404824656255662,-0.22004897753588656,1.0691520736322409
-2.1445442738260923,0.5186283280363883,-0.329093787340862,-1.0786078376815453
3.5306867842436715,-0.9150312066988385,2.5720882988928255,0.6392575456783675
3.6097568237992754,-2.732987213287743,0.2071734023845951,-0.09546380751649192
3.2743202545037278,-1.7359075463942417,1.8870449675448844,0.8640249833580461
1.5858710785403827,-1.3379714821382191,-1.4966212231563802,1.0500646235702202
0.027085330041321746,-0.5633438458607316,-1.190745752784716,-0.049300496944533936
1.1493952868242754,0.4520800261351406,-0.5866984120226256,1.2894296682534
-0.6349591440386502,1.625706211958133,0.19503526873083563,0.14747659700450472
0.33204706115913124,0.9479501634372582,-0.4597852492943367,0.6048902843231085
1.4471058879207515,0.38035560010369446,-0.5067437201691003,1.783003109565755
1.914322370528229,-2.2717575529216116,-2.2311469094866254,0.2834049359393492
0.37753071517942677,-1.2709639110055853,-1.4577605362599968,0.041071753211236114
-1.8055910201730778,0.7437796380103623,0.028126456946631764,-0.357185828766513
-0.6552373750487652,0.28922746742276884,-0.5921648232727799,-0.16144678742704888
0.16246422358515308,0.9280785883051622,-0.6973008179765815,-0.0605678941425038
2.910894993029437,-3.361781502166773,-0.20362787125987064,-0.6079339210676473
1.9369398622783236,0.6086566902198544,-0.6848720825574832,1.7557621783198487
1.1936235416045362,-0.8898142351224494,-1.3663700629070306,0.6337074079501477
3.2525648865984187,-0.770071010328783,3.247129260950639,0.5551272683817361
3.031173171572962,-1.2754589383163129,2.2204975924613604,-0.16867154155563613
-0.2724461890114189,-0.0638135914757892,-1.0682162214894766,-0.3871562766327772
0.816151672905999,-4.6144958170913775,-3.3218801890337546,-1.7224376875455634
0.6664965906751305,0.1755275856723909,-0.4665021162715624,1.4299977073593182
-0.33539103862172487,-4.196477505703215,-2.5810205531930914,-1.2284417641264735
1.6401159136361554,0.13438571741639652,-0.6052719807225969,1.9810158150133599
1.8831664378429838,-1.3012662308448588,-1.7602447725148125,0.7118438995511365
2.272369798595693,0.08137794260682119,-1.0552273584629448,1.6776096691138302
0.9639187616793388,-0.418047296113173,-0.9175167810260808,1.0956305359270202
-0.2889036352823615,1.8741145763464628,-0.4797243227297426,-0.8774941466083822
-0.16735803462021565,-0.0700333759149156,-1.063461781878656,-0.35514350384035465
1.7546042853942427,-2.660886103404024,-2.260862528564931,0.42263468960053685
3.8931915007232374,-1.4321443325892758,1.3069396913082563,0.7697108754321532
0.6314887158815214,-0.21492281485739287,1.2755586309291245,-2.3795860095945316
1.6438529544462352,-0.2566310350001228,1.7723686384438542,0.8001753334748154
-1.1545435662132582,-1.994292635944899,-1.5636663074933852,-1.0106595225180675
0.8765587820898408,-1.236607569798054,-1.785390396982357,-0.2579638114672428
0.03290153077486083,1.528054172202055,-0.414190102697163,-0.22611469685820226
0.41944805466182006,-1.8733276526749214,-1.381527118659179,0.4081378578937039
3.5043736805896217,-1.6846842995702698,2.9022611436867414,0.4850085327874801
3.043394090493023,-2.4473553726653554,1.7352166528184039,-0.905708101586416
0.3159210590614682,-1.0542778917757536,-1.7787025050212408,-0.8489315176728078
0.44144187335641083,0.1661343639934018,1.5065553321334155,-2.020873174694909
1.6871987459786437,-2.7258349263049837,-0.3192167801330635,-1.8069070528562432
0.7081425832239727,1.3565149428976888,-0.15898577488611318,1.1104270956155258
1.6991135692110706,-3.0801453741288154,-2.5386597328075666,-0.15748231228300574
0.3819893729984686,1.0963303285212878,0.03409521493632653,1.216987737752807
-0.3333055352146715,-0.06864171006841772,-0.023663344463078207,1.2722879098325948
2.8293082915792063,-0.6969847920847808,1.6557931544346614,-0.30745291196677416
1.842682992844628,-0.7630970327509625,0.478644885642891,-0.5927598033386114
-1.1049936717815394,1.284189543192371,-0.32523075732813195,-0.8305304542859744
-0.1368237539598579,0.5502813887613083,-0.764199662849804,-0.09263533388569861
1.9746907708687311,0.7399173812319335,-0.5866011610607137,1.8199558934121207
0.461638889258638,0.12416573338025404,-0.6465919432870423,0.9211140961846372
-1.012392565802127,1.3287621601813122,-0.17504134892089399,-0.49078201303343727
3.485722115285286,-2.1809314390856787,1.959535418593644,0.19063387353480493
-0.6644821980031005,1.6489076358797825,-0.199491672282926,-0.644902061045313
-5.932044718872375,-2.4023506324066117,1.6958656091464361,1.5245036864193553
2.956046995498958,-1.568904580515801,2.116748962442355,-0.9051855113601417
0.3014161017168397,-2.0126809004429083,-1.1817745236205528,0.7009659377011456
-1.571570944820135,0.9750768800042663,0.6715977457450037,0.5513590051689672
0.891915191554298,-1.009788404036671,-1.3687037909146416,0.5873973355985612
-0.31561857097250023,1.8832306572679887,0.03801298580071973,-0.0953624530664877
-6.1960089694283615,-2.5998031862096087,1.516927275257023,1.195395229192336
2.3544185643360978,0.23484571435875803,1.8645517472728008,0.5685627144656294
-0.250955170787685,1.9015325031532344,0.06509863650907678,0.05155622776081934
0.4576233273769601,-0.869744543507474,-1.365610865802671,0.026640265620351194
1.595160470447731,-1.1924904057764658,-1.645752535171949,0.7413971136975126
2.3028247685771803,0.48491025075138505,1.0726201868818144,1.0709838294342682
-0.19718296779621686,-7.045890353905233,-4.231255219006918,-3.445836131066051
3.8043535451346857,-0.7563634082291751,3.302942378569527,0.772682062028821
1.044089320549464,-0.540720552431145,-1.2184706731574946,0.6852100133850805
0.8377752355997438,-0.09654523684547361,-0.9552976101653358,0.726907327935512
2.056574469871818,-0.8479516554914961,-1.4348012890376447,1.2277485121532348
-0.557165437976415,1.6490946562519804,-0.4053265093421137,-0.7382564779091028
3.671736269841225,0.09523829786586274,1.3485475067328303,1.4206493850128827
1.7317268433048858,-3.83136223523491,-2.5769932978618013,0.2748050315858793
-1.0638957719790585,1.307075254065809,0.25699606962614724,0.1503038989175696
0.6836632724016223,-0.9405213938223241,-1.2704046673828178,0.5819447616976644
0.27951924743883666,0.7307100399089775,-0.2686189447198567,0.9581253425793549
-0.42128174926557205,1.8795892743680553,0.15639432328191105,-0.15980994941710416
-2.6212631374592017,0.152710549014346,0.1371721916594142,-0.45218283729499675
3.3526059857355275,-0.3054475422416821,1.7462416759415764,0.45776720234248314
0.7593639366368857,0.23198035534820985,-0.8062797020269821,0.8209407396776197
1.5912550088229247,-1.0650112421746993,-1.5088958574195415,0.917038385787704
0.35382993610740915,-1.2303380667687793,-0.9538475264522818,0.9195606353594857
-0.0977392124133707,2.040934700104077,0.041378763566905084,-0.04094119123567152
-0.9571248855969327,1.302362806201767,-0.31025160474961583,-0.5278675182235036
1.5089972232725397,0.14459724528143533,-1.580651166280337,-0.19910029039142735
-1.1091525576017327,1.18955710634726,-0.48808697816499885,-0.8623081091685817
3.2592297339964267,-0.9641090199300052,2.3753274310641674,0.6864634188053137
1.297783137620019,-1.2378163246238796,-1.2434218886510817,1.245391616557195
3.4338749847352252,-2.8648378810676283,1.3590946181312862,-1.0521639093180228
2.196502587401517,-0.47592245044185894,-0.8035782807406828,2.464120038974316
0.5633123652493249,-0.6473306715292387,-1.2592380106558407,0.2618074681055301
3.1806875524339877,-0.48345626772857647,3.3538292024424607,-0.15931426666068474
0.6789130801038794,-4.678852075092182,-2.0470620347764883,-1.5983538814181746
0.5129463459366447,-0.5325689399203216,-0.9967899746594667,0.7079461322788628
1.3152405858254654,1.2905422791287302,1.771814490304137,-0.6530670946816178
1.0842864718211451,-1.2274055267602326,-2.2609931104183683,-1.215831635983678
-0.5277105547936459,-0.5690178472073932,-0.1557385862377801,1.2861802514059124
0.8187549756216849,0.7208283200362684,-0.5613166691153582,0.9827940275354805
0.26442116576609964,0.9932824179463087,-0.38053339447999607,0.6672022374556841
2.0448213806445117,-0.1269616661907465,-0.8407957984737668,2.1122684367265845
-0.8956410179343168,0.8097620619626527,-0.04949156079885116,0.32774198538034766
1.3715376557852028,-1.2107830472285164,-1.4648984193281127,0.836226359882021
2.1157843725251833,-0.9695284026265052,1.3662988145921564,-0.05994626693440819
-0.13029169211070618,1.0168365142199476,-0.37339133570632277,0.2819472465287853
-0.2655180689868848,0.07153286858139148,1.5221293533242606,-1.3372945165308
-2.565987937510687,0.13713502518228804,0.040973972022497494,-0.4519016436460874
-0.2758252260196087,1.953963893226608,-0.4051843886744206,-0.9618043398189945
-1.352116453993144,1.053837626658448,-0.2993017011619446,-0.7315763762722467
-0.5412825660375975,1.6864501992194598,-0.3093423983995173,-0.6406267913353028
3.1134824592360326,-0.9000448645439569,1.5389771860327657,0.6029844510537113
-0.22658708718940415,1.9400155007893292,-0.09477628436948202,-0.27191604676787823
1.1779583758847778,-4.593464196684346,-3.540500067108526,-2.094542655106554
1.2160397532276452,-1.2128959410605884,-1.8284849242721,-0.08149937678661083
0.7508472575574462,-1.1950229726855106,-1.7030423239529975,-0.16098760438051699
-0.027342144875553524,-1.801092112713395,-1.4315885247826003,-0.393370269008669
0.4136318250647709,-0.7934278766266281,-1.5319629942666406,-0.40064237733844243
-0.523992170898625,1.7857660839694331,0.3701916372358573,0.22883588142668787
1.9630551324520218,-0.9332031870272797,1.4799400269130099,-1.0469027868003224
-0.581630235854162,1.6753450128215426,-0.06276856728122213,-0.3034704179010364
1.1737175244062397,-1.1285690598566336,-1.273086719022307,1.063848020098875
-2.1425664947824217,0.44983714244413664,-0.30642775957619145,-0.8486093316034602
0.7996472348386137,-1.8686098540164802,-2.0625613960815277,-0.49992410025887274
2.724598454184434,1.0623533856859688,-0.26723997227908836,2.9642708107799782
0.9353847642035975,0.27660869741386124,0.8632251126534303,-0.1365746802741687
-6.1960089694283615,-2.5998031862096087,1.516927275257023,1.195395229192336
0.9997892065423138,-0.44441998535777594,-0.9429178436341225,1.0866304326452378
0.8019714439151728,-2.9956664107047573,-2.4128842515326943,-0.760208749425485
3.009275715266513,-0.1342309632524046,3.3612845024257423,-0.2760328917568194
4.50473775223602,-0.630254221351184,3.5149621032226266,0.6880485340354875
1.4533375738141796,-4.1263054392545,0.6132553756384892,-1.1121511263794728
-2.045683126342687,0.49526656179288087,-0.2931123324037929,-0.7335089117663891
-1.4035394743836178,1.020948561310663,-0.41539367252349896,-0.9358217319416214
-0.9736677512456576,1.350255032181725,0.01737483689841472,-0.1483873107938524
1.8244360073617227,-3.541379795928166,-0.4441670396059251,-1.3173960431529887
0.1560191070277819,1.3756202147332903,-0.8680168615380891,-1.018675203467048
-6.079202927781011,-2.5124290392396698,1.5961087494019894,1.3410280415159161
0.2302202071822087,-3.6250771957343173,-2.3319345241525697,-0.7776433192494194
3.04392454839967,-1.8176025528182775,0.2004549382959736,0.5370028070505676
-1.0037872436520494,1.3289706393926555,-0.1023502975137868,-0.3491284465327125
1.2288196810086265,0.9644972512965556,-0.44893916715924254,1.2586655961160236
3.5579839433305875,-4.5662907562837765,1.4945604384262425,-2.7347718684272233
1.733133440420086,-1.2394995454329811,-1.4659426709443064,1.0471228848733574
-0.9409423915480036,1.486149786602354,0.269985065662021,-0.0724099968615443
0.8951657159507508,0.8036045963725803,-0.11157334543970776,1.6000383595150671
-0.6841646463527851,1.5811707696929962,-0.1833699938624678,-0.4747723898251187
2.00960562279161,-0.4642853583561673,1.6080752400983098,0.24330144490429123
-2.6232232769347377,0.11948407116145832,-0.36265013034746413,-1.125311191844396
0.5268310607910631,0.8959810563634308,-0.5728089203192416,0.5631422874424443
1.0507483229217822,0.9103512273419905,-0.5954635356468977,0.948417211124658
-2.8640339966562025,-0.0732081279502467,0.49166119836506417,0.19418164629994233
1.4391102038827799,-0.6350147629514034,-0.9420776415848856,1.675768217669589
-0.6882772799417487,1.6026686883356742,0.05461574252753184,-0.14033900486833242
1.3013742451662738,-0.6583750663446345,-1.5337904162962261,0.15562145421714876
1.9417562450980344,-1.4566198821705063,1.0923240585947598,0.32157328634025034
0.3291226414133083,1.0575555610009504,-0.05431655673408084,1.1313558615272017
-0.5792334121407744,1.6473437660684433,0.05521229176072436,-0.016529059810343014
0.45581548887173673,-0.4057763781755042,-0.8903599488967398,0.7271428754180521
1.3827207605483771,-1.1879026015313292,0.5767071503365302,-0.7884165142562726
-1.554567277499858,-0.7761446069686846,-0.37531236049812844,0.10928418551232177
0.24501143918791815,-3.13857119661108,-2.473197547565141,-1.269787127424085
3.1234257605419877,-2.551304132025068,1.7233512739885728,-0.8529938807186109
-1.5561254417904948,0.9526138550185324,0.2609025775593147,-0.005671079448124158
-0.17428456375179913,-1.2726687208651732,-0.7485629730183423,0.8850558296097827
0.093776494734391,-1.5382877753648447,-1.5748029129968073,-0.31934850734691583
-1.186192046771738,1.2033750231921467,0.10243033740447692,-0.09491164069067869
-0.3552991919379473,1.822189452004514,0.05987542655185076,0.03044677578246298
2.2195513155982574,-0.22358452246065968,-0.9083199006117717,2.1781574426271364
0.5342434217854387,-0.8380401212125966,-1.4731992073504954,-0.2747788403725098
1.5594338556463536,-3.853821906706228,-2.9975731840817845,-0.8851351737953372
4.193193412820766,-1.4076689337204207,3.9443185453635334,0.6224120140722776
1.556077453429385,-2.5268912752044677,-2.685692131796824,-0.8729764176225064
1.6032528921440081,-1.619924784326625,-2.2119545824698075,-0.42891823962343073
-2.128037299888834,0.5462643921182654,0.6597204361144069,0.49234758343180074
-5.996327722334148,-2.4504360953922966,1.6522888993736964,1.4443561662507634
0.28274406895022186,0.2653356005526936,-0.7671509616201405,0.41198644012234936
2.9856746419861127,-1.4013912361390921,1.893489232380477,0.7640963174224467
-0.9199691522188019,1.3880670226049554,-0.24873231081028227,-0.571353089707871
1.5838872723083912,-1.2216742475312397,0.8152756857021425,-0.37835395940168076
0.47927102547404316,-2.031024268025964,-1.721827449351744,-0.04715902070680709
0.7258563518974221,1.6205215003389823,-0.606827599519384,-0.012248816911241609
-0.30946406422437694,1.882767972306797,0.026812882601838752,-0.10270957965210901
-0.47448571746284435,1.798858908574372,-0.5394851657439247,-1.2012112626469869
0.5645730815498243,-0.44979959098427413,-1.0816283923413634,0.268641091422498
2.1762602387961048,-1.5891969538714403,-0.6559544860056915,1.0062814024973292
1.3567514316777993,-0.13808816128761764,2.1934697382112494,-1.6980561424427623
1.2775312246237263,-0.37372861998533713,-1.0297820830405886,1.203396841847078
2.1407795707788897,-5.208237618218629,-0.7291680068460759,-3.0864076597728047
2.2981109144368834,-0.771313215222068,0.4570296031297746,0.0556069063162769
0.8390377116830018,0.25846912223902596,-0.7968640407716405,0.8590163429478976
0.8491999794041462,-0.8407860454257138,-0.6304103032733585,1.7907301153798765
-0.7078850199780679,1.5584533206622466,-0.435047285343832,-0.8777604680680485
1.2399760330869496,0.12324101184985821,-0.8599667163127278,1.109305784053742
-1.0477901730387214,1.2388393389966053,-0.46277494664592217,-0.81620098813398
2.1100712931842716,0.834389189167349,-0.1739133976293445,2.789141008702064
0.13057617297334406,2.2025736580932787,0.19233983324529497,0.29931723257012177
3.4731006035602645,-4.921827601509058,0.4093668730646964,-1.9711599360820786
-0.08644333755758625,0.17918282535390812,-0.17381436244562676,1.1211944717131652
0.5019117890704178,-0.8950041991341575,-1.4259848643518942,-0.05104525424663615
0.948976423108232,1.6344966631570528,-0.2848345223303299,0.7872473113471754
1.4200143284175832,-0.6501629838828801,-1.4442257186929548,0.5928240674055016
-0.39063934127829436,1.810630218095282,-0.2373403933750077,-0.5334120757743338
-1.6000188075891457,-5.785691324070629,-2.05820121544461,-0.8836359556570962
0.0033573691993779384,-1.710460552758489,-0.9649266774831448,0.5751400196466947
3.5938269863750802,-0.13821702143873812,2.0053472496434273,1.5450559105518757
2.164627686296238,-1.2127291655938564,1.4655131287362582,-1.404107669601832
-0.10501152711524055,2.0762740118945127,0.13098318431229614,-0.005446056534993013
-1.3023326170581149,1.1238627864154718,0.14742102965847897,-0.06428193347428456
-0.5315549772697152,1.6862073153360917,-0.15972883137334962,-0.37049756162079883
-2.4786530714090413,0.16219058979735523,-0.22291524332459836,-0.6761412973194753
2.8862565394764665,-0.8172274375906777,1.2512273525908488,0.19621901116533774
2.012173179054768,-0.8705524798226912,-1.4066225047386094,1.354406234514785
0.977016922139363,0.7778917675916183,-0.7958049336716156,0.6043958109086475
1.5620659848399148,-0.8296977815650823,-1.7203628567246878,0.22138686053313836
-2.0360618291294004,0.5485976155123464,-0.4383772207545072,-1.1053643589667246
0.26003880932393275,2.3680110149211067,-0.08511825787486241,-0.33213760073579773
-0.5748086311500608,1.6262920905718812,-0.2492969500604824,-0.4512300382304111
3.0722884242392365,-2.119906909207061,2.276184620667716,-0.18080950701116533
2.8407110979520884,-2.2408977001906294,-0.13823942429647357,-0.19787907160366855
0.9996809117345488,0.22845829491364897,-0.9786250683130814,0.5867489980172196
1.2039884679125432,0.9343067094578893,-0.24739972751560815,1.7679559950236348
1.8024861327203143,-0.015095645783143248,0.6792113415418749,1.3337963460417868
2.936848319200486,-1.1431091936119147,1.424320345477723,0.3374118134231796
1.4990653024475022,0.3247511304876197,-0.8223173745593209,1.336926948688512
1.452965048751469,-1.990675969925663,0.7900971140112698,-1.1686809405060499
3.4041945507582225,-0.40665032216228303,2.2504977598040745,0.5695794982096162
-1.177027202991507,1.330427854098146,0.2511579208467002,-0.22247100840737197
1.80504741757137,-4.159382267882998,-3.4078083880851815,-1.4393716422537635
0.21102587133331457,-0.08900257466976463,-0.9538125519315263,0.27565630405907227
2.4163761700539585,0.00021566600169980527,3.519265023939844,-2.7521593591125293
-0.15682683210419276,2.00247666128324,0.05668557859293918,-0.026338762535702373
0.06958804190080083,0.5813741634990993,-0.3053272033397915,0.8065378252084
0.6883365857045237,-0.5124357292563647,-1.1016616272603716,0.5727384112824634
-1.7384807815173409,0.8222181626391739,0.49497930711482074,0.3414366558506747
2.0473788587511166,-0.532547376734926,-0.44869849439738513,0.5744439243235364
-2.9052929864081807,-0.13230992783346576,-0.13652087679055327,-0.681286774321299
-0.539370040936143,1.6904308185045038,0.28680621439907605,0.3310193783606416
3.420505925094459,-1.4650157911370176,2.0963358571376944,-0.3077830487157428
-0.36448697388893053,1.8329632160831502,0.04982000576114478,-0.037464252448805795
0.14913910541357103,2.2978649365941948,-0.15343160272979642,-0.5100048116992827
0.4103700991214161,0.7224024356790247,-0.3728297779778806,1.020894907909842
-0.3965905047520757,-3.6053697843795396,-1.3209531433542738,0.5345298126923854
-0.1908187601687884,2.009964221417708,0.10098647639688475,-0.06822261546652912
0.9657657192420096,-1.2977174087222418,-1.7520724014540172,-0.20082835665487134
1.3184502968944494,-0.9070633947567805,-1.4528634583235236,0.6970554522206978
1.8759096078302633,-0.3523107558558506,0.8878397573505368,0.43865296961134537
1.2139393046896807,-1.3494503054451,-1.420401360320205,0.8028557029092788
-0.5874399360351158,1.7261786053717367,0.34974509977419366,0.21025938423473245
0.4132683293630484,0.8857134634330344,-0.68039995734687,0.2684097949796545
1.692234176581251,-1.2982061952880268,-1.9863148977334337,-0.03412983528941975
1.198907022671971,0.3589905728639862,-0.9843257381831658,0.6571721852400205
-0.5663594752094689,1.659379129747757,-0.08762009649136485,-0.25712439193520015
2.736815718092127,-0.28547720632546153,0.7536622269542312,1.6851896793490555
2.1774773926065922,-0.04695372569426989,1.3141682687345368,0.8153745435035024
-0.5294670105784457,0.9990726099323313,-0.3781904508330089,-0.267324854056099
2.5557048986779987,-1.575790823789219,1.9250539195572653,-0.9189236142620139
-0.9252533829344818,1.3692844415882153,-0.10486519211554654,-0.2887187098373913
0.39015869751208115,0.5208344727292238,-0.5134260512545704,0.8178445927680419
0.5001161572995727,-1.622437740016105,-1.2265578459050879,0.5482378525255474
2.034774198771205,0.8135134561242596,-0.5315187744375962,1.8922310258394899
2.0914725809728147,-0.6482318459750346,-1.2907109186065933,1.4781785337052349
2.3583520071891644,-1.4011203062274755,1.3819560092164294,0.05536364750261181
0.6280663882217943,-0.531732159435773,-1.3075840382978037,-0.047521048304768804
-0.47412220110103587,1.7612583263250234,0.07416563361401841,-0.047915349727068283
0.9021515177605486,0.8591559149331113,-0.43490701400841114,1.135312589362909
3.4217532653979523,-1.9241073085205398,0.5944830287935734,0.4052688352087699
1.7284585435093376,-0.9204693366104895,-1.5949953832966874,0.6788532296527684
1.0376350883673806,-5.417200178470762,-3.3112457162419573,-1.3333702267218983
-0.438844639118246,1.8126008608159587,-0.4092636155728055,-0.9234374720182977
-0.33955435594446554,-1.2951503414173982,-1.521914899300719,-0.7086198932777347
0.7918859829449686,0.9790360805665237,-0.6454380506934804,0.5226879394189
2.3339869264733597,-0.07130924469579529,1.214290658590666,1.5206422912968225
-6.1960089694283615,-2.5998031862096087,1.516927275257023,1.195395229192336
3.167772813135608,-1.332305376679742,1.4344161373816158,-1.0855262447209528
1.4966534130719378,0.287060525682411,-0.6351715357256321,1.7408394193509993
3.2382780330729553,-3.903534709815248,-0.2983825990371884,-2.1082163938923353
2.1062776146233273,-0.2840050740352532,1.0946151469315029,1.9970124490666457
1.4863435526429163,-0.5010594752124838,-0.925376809546974,1.5697208374754599
1.6734444677595788,-0.568268770606981,-1.183077108230667,1.209487816199244
0.6273299198303356,0.9185657385266791,-0.35861009493651,0.8277022072344891
0.8447849305140377,-0.2077593252537068,-0.5371183616510322,1.555653928080202
0.9811855900372222,1.1729003657700308,-0.3614287036559284,1.098748159253538
-6.1960089694283615,-2.5998031862096087,1.516927275257023,1.195395229192336
0.9349680134995237,-0.8924018203695316,-1.1980819176191568,0.8862045794951747
0.46817994785001965,-2.6367727749712646,-2.235442256145074,-0.7129171222626695
2.8332463307021336,-6.268083293499711,-1.2943544571455399,-2.0324127350372883
0.5184658444638356,1.1016338079801684,-0.46268357198349175,0.5594978125216205
0.47716169099056505,-1.609028442990353,-1.818058913035265,-0.4679146740892173
-1.0056126694158356,1.3626523948373772,0.04488986948677589,-0.2206557887680324
1.5003663299622196,0.5134113769330914,0.6778088578252688,-0.5307812417452675
-0.5604582928272398,0.969835446943286,0.702122574537546,-0.7012172802789868
2.7463911908717926,-2.4286374752864384,-2.3281509314168245,0.8493806595703379
-6.1960089694283615,-2.5998031862096087,1.516927275257023,1.195395229192336
0.5721585831531479,0.4202729969958062,-0.4771170885162942,1.065662995097998
-1.8581316948945261,0.6557747412078709,-0.3399649483002986,-0.8302413656387475
1.9648449623957944,0.16354161775326337,-0.6219879556678555,2.253757433053048
0.7926714114538035,0.9602338408923244,-0.6422313958617002,0.5875597908417414
0.08599527667645622,0.9707987674175761,-0.44516726530285256,0.35300538654933683
1.8184971463638975,-0.7057757946266776,-1.5784591207301915,0.6456317630550998
3.7671234715855784,-1.8417393995095075,2.2813194274790916,-0.08613849495056997
1.132186551793739,-1.2627219841384167,-0.8811173731914065,1.6634729009078226
0.6129312705155635,0.9733952803347224,-0.45889263747027054,0.5836771419573511
-0.6623141457894159,1.6201602349459583,0.26666358838458576,0.22598078708850153
0.4397581675441372,0.08484006220223755,-0.5673510359652533,0.9153997017329045
0.6074971796663226,0.8006339036040865,-0.6620763373869755,0.5177236014936755
3.83914365547192,-3.0450253025903655,1.94678890799771,-1.0058871885799185
1.1262460040002802,-0.013299789501537082,-0.8872679724907482,1.1214396360689662
1.5759136059374441,-1.0218703012672046,-1.2697106898959878,1.336378753681108
1.747240671325448,1.3135147126153957,-0.2438080122585633,1.805534857829873
0.8755958182406167,-2.977461973770304,-2.0238044612205535,0.060014540696662066
0.7478215525881587,-1.7280066216843781,-1.984641812862883,-0.6156163558880992
-1.6613738800442726,0.8389821749382099,-0.051058573573181186,-0.42597684072059205
2.6893028619988866,-1.8218341680462637,1.553830366874785,-0.13754310961432276
1.6686463131870999,1.420921946662416,-0.6417986203230629,0.8675251035004241
0.6195713083946232,0.03978110185200756,-1.0956764087116722,0.12397858626310641
-1.149116778336832,1.2762435428835648,-0.02245597941633028,-0.4735117652892974
-5.932044718872375,-2.4023506324066117,1.6958656091464361,1.5245036864193553
2.9402845037478973,-2.1932625643418215,0.09805254764098234,0.16242020800512105
-0.31589128519730586,-0.893391880701777,-1.2018808964280978,-0.28501685544613314
-0.17056441256034763,0.5512908688752237,0.01935480525055084,1.1324545689530285
0.7392347509615728,-0.9654286607745681,-1.4109276352725997,0.20586766000630985
-0.8145240454961521,1.4577363146103954,-0.32846774713222576,-0.6613214598804388
-1.9319699862564954,0.5958330509544209,-0.143569356910725,-0.5226243862970152
1.7765219751798305,-3.712164247527106,-2.9923708587688145,-0.6438678220296004
0.6662559456851096,-0.2478845308694213,-1.0097738912464247,0.6672437730105875
2.0970255383237775,-1.004388604245806,-1.6275535878162746,0.9916034552026034
0.9788456250266252,0.4545764310152625,-0.5442545186714056,1.177817337681948
0.7585394554974618,-1.0682490899667392,-1.424299401398607,0.15717845190211618
2.8281978781487576,-0.6377313931479679,1.9820289587033733,1.2219677124822703
2.285105969843826,0.07321548827931584,2.713114966980733,0.09140153189442947
-0.781141590517625,1.4747023238953718,0.12051293702914412,0.12617903224784588
0.8424403647024382,0.5813887197014547,-0.2657694026701068,1.5460373788591695
0.5109768792403477,0.9877150708205842,-0.53539077869821,0.37416715894431196
0.6711875282253067,1.2015536611635913,-0.2622927946039336,0.9072498404106494
1.2970665901108502,-0.9399734056684619,-1.2684596827378674,1.0961535709349501
0.12364092676987878,-0.3825871111661463,-1.3225876339247806,-0.4991035188157278
-0.8175574627106013,0.8388948958649513,1.002476182696195,-0.3414396978686749
3.3972214641337364,-0.647072219411401,2.6323317667671255,0.5805464118293151
1.1533749289076207,-0.5385577301422896,-1.1646179734251116,0.7109574405332861
0.07306210458201279,1.5853754699343687,-0.35405422356729155,-0.1237170535490524
1.6620289351540127,-1.551467750957269,3.1772906449063267,-2.8876088939844853
-6.079202927781011,-2.5124290392396698,1.5961087494019894,1.3410280415159161
0.7921352781431881,-1.8449601946027387,-1.9456742520867674,-0.3462257971588508
-3.386849655567469,-0.2655628404595202,1.0960726932048113,0.44405918867752536
-0.2916762064381791,1.9384446711604115,-0.0759607910553641,-0.4021003835666225
-0.13428977432648506,0.4774871015597142,-0.8131902162934291,-0.13553714550667392
0.9799056751145849,0.7717244198025786,2.4796477049491905,-1.1321590799318237
-1.4009939726778715,1.075094794843347,0.23438409409964067,-0.030946589527276733
-1.1504652613924333,1.2459735963271716,-0.20295985520521068,-0.6202808979697446
-0.17425025496057645,1.9398708183771831,0.017156671762629232,0.03854519008897767
1.521107594756502,-0.30412485840547404,-1.1400343424042327,1.0164212116686049
0.45851885358911754,0.577597053335277,-0.9579594166412171,-0.15894200427157093
1.0744032800914998,0.565826680093497,-0.7694522367117103,0.768146914729533
2.121104418441,-0.14796138439038461,0.7938850071633347,-1.7270744669068652
0.5239388874878471,-4.367009085072601,-2.9810469690018047,-1.2850369408787257
2.5140098596497324,-0.7646527915534744,2.1338276209073457,0.25444202011859013
1.5038034255963744,-1.8625388480684315,-1.8111906908257096,0.5544429160278992
1.9153593138954004,-2.357404349172386,-2.02777937479022,0.7737937849080732
3.8509261076222105,-2.82459876000603,2.5152706373056746,-0.8266564223772731
-1.162879950574206,1.193758159111134,-0.6786888387028948,-1.3184279319408472
0.6757536638558092,-0.6918968518464136,-0.8670307631647015,1.2380766338882223
0.8122262953638908,-3.9779813728928826,-2.942756236248168,-1.1610787216729421
-0.6264527417269533,1.6949512141253107,-0.27741388203868084,-0.7972159477265406
-0.42107134299182564,1.7581351739213598,-0.07955282663346677,-0.178712593020709
1.5678207421110153,-1.5615737750502665,-1.806571633227547,0.41817316871622734
0.1581478238817999,0.8481665241823354,-0.5020586184520708,0.3852502579072547
3.4236415601069425,-1.2587523427246008,1.0802465512411263,0.8026723127386955
2.6669100557311243,0.2725807443236583,2.0673420594957994,-0.6322880732379822
-1.1825998791736123,1.1403372534213685,-0.23921258195185915,-0.4694445790010876
-0.0821938652715634,2.08072074438292,-0.20461520262261004,-0.5253440515419934
-0.23660655191583482,1.9208064530349171,0.18317851249784078,0.2271094462655895
2.289637308179909,0.08968061790898368,-0.6481662999412369,2.5396168041971863
-1.2750789786587584,1.0828512002834232,-0.27868986844221905,-0.5858853715483945
-0.4186655556037201,1.7694770442730743,-0.3907391515535657,-0.7314429620680123
1.10057379760655,1.247647360342977,-0.2370822436683556,1.4357004325434959
0.5942646517932942,-3.6332882994838847,-0.4485681282054155,-2.33032077150912
1.4315001336513364,0.4909356567794807,-0.38824760734762864,1.9550432149114618
1.3761410068579847,-0.5888742119258265,-1.0561903261243617,1.3476987423520088
1.4875253534808637,-0.29924428350137433,1.15403532035846,-1.0464129110986744
0.5836713839011357,0.653277459658237,-0.7679843973935124,0.39776360294840357
0.8229921076504528,0.0186260652385857,-1.2474813453209663,0.0788528078646268
-0.2758833815365958,1.9173057551921755,-0.5962554291753113,-1.1631155635583021
0.8283469549887653,-3.7183362785676137,-2.698233404023285,-0.8885571681797613
0.8994709907826431,0.007616492229428565,-1.1036326274490813,0.40037744872055436
-2.9052929864081807,-0.13230992783346576,-0.13652087679055327,-0.681286774321299
0.7994495005252993,-0.4951527574001964,-1.3615873887147045,0.07929573967120843
-1.8420391856433278,0.7210755567435353,-0.11713946439568607,-0.6071288053570731
0.3019963452379729,-0.6824809525030473,-1.0386845436496375,0.5511926212157338
0.18144275222741216,0.6774236890723704,-0.3730876736827634,0.8403349150855005
2.242892859384871,-2.5414057574445477,-0.046623796772378726,0.40641727575838743
0.597421082951559,-0.13228340109110262,-0.9428367580370958,0.6666333630702248
0.8379671977075692,0.4786334637615478,-0.6443125236788232,0.8212575339738748
0.7203553570962511,-0.9726729942093589,-0.9763660258511819,1.0577007007064796
-0.29930365579616136,1.8842344755290625,-0.0547776489122779,-0.2219725539976449
2.4359135673562466,-2.3882918380064537,2.2625280443254834,-0.5463791278205379
1.5904789933286148,-0.9490727642014191,0.8139393960819213,-0.19361189433067896
-6.1960089694283615,-2.5998031862096087,1.516927275257023,1.195395229192336
-6.1960089694283615,-2.5998031862096087,1.516927275257023,1.195395229192336
1.4466911115752477,-0.7450855805764693,-1.3900284381555672,0.6999510542331869
1.6629983490120759,-0.19236218152873852,-1.3219903960403763,0.6477095234124669
-0.9914958134217609,1.3234689831143098,-0.2517602094303209,-0.5820163660643548
1.354849495988092,-2.4451098522546895,-2.1305512103666757,0.14226920741599572
-1.1655093769115428,1.202097751379222,-0.04196785810121425,-0.29960425141600794
3.9791735739206557,-1.993168221907726,2.264904364574383,0.2744157190762772
0.008501461455127162,0.7169750228073749,-0.2487670219840687,0.846946501130621
0.5563616129490486,1.4365930350663016,-0.5776303167888368,0.003037587872041789
-6.079202927781011,-2.5124290392396698,1.5961087494019894,1.3410280415159161
-6.1960089694283615,-2.5998031862096087,1.516927275257023,1.195395229192336
-2.2067247533403647,-0.4938124257606306,0.09531002106196106,0.20525998282660649
-0.837699120104587,1.4297193816090683,-0.3071569953100684,-0.6010327257181803
-1.7763251160969744,0.6641956640717781,-0.37151394758524,-0.7259110361974865
2.4639174109879844,-1.1741437043894254,1.2346740066782806,0.3172905118246532
2.8969170288236583,-0.810727135005586,2.2237114667696685,-0.889926551623906
1.2549012010722622,0.27679688502094923,-0.7410533003351915,1.304504020098009
1.5023604996980193,-0.5147850610170975,-1.505043141967832,0.5015938389978744
1.952123918086001,-1.7137473115337474,-2.1484112740664543,0.14711153758951667
-2.644579877966639,-2.442058072044486,-0.8109980618726186,-0.7665825307437762
1.8294777240222246,0.06389222600652181,1.8915677316097526,0.6924670487848494
-0.05656013351084996,-3.9118011932302696,-2.3474290923586683,-0.841610418270386
-6.1960089694283615,-2.5998031862096087,1.516927275257023,1.195395229192336
1.0309396143374265,-3.6359186616191206,-2.7882142752852657,-0.9883682240816694
4.714750216802883,-1.0499378091213023,4.291892020541333,0.3365912653527013
1.0693587378869753,-2.0553340614759934,-2.10885277232823,-0.7126873911037034
3.287539494707622,0.3778445675255735,2.8561637192384457,0.8425147652404791
1.4120825491206561,-1.962887840769875,-1.9519334057064337,0.0572691579882227
1.2447433486014488,-2.173926340558533,-1.8247916031925768,0.6012486247724526
0.8967160071984615,-4.560393334015634,-3.3063630060106717,-1.6952314778477184
0.7615637707211169,1.2911701760887497,-0.21915068957447936,1.0286162430523724
-1.5768650959191652,0.9450193680090274,-0.24332734034993023,-0.8824204293267636
-1.8281866571353034,0.7062215427499976,-0.1390535943589354,-0.6173396842343943
0.6526545786366375,0.1302698256271078,-1.0453235841477289,0.20452570564700073
0.9409217348855392,-1.978554112074985,0.7401033317214668,-2.0102690742863394
1.7261743384788337,-0.18256844943983835,-0.8027333457761626,1.9661616637235841
-0.17851215163658515,2.0243919315509413,-0.33582587048006624,-0.8111992374197516
1.5006024680942762,-2.848945230032037,-2.426889694702064,-0.19521557737391693
1.2737900001509612,1.7376585040760126,-0.40092482717770356,0.6829893314468223
0.8214646036275899,-0.7956820130556713,-1.4677046691515072,0.024767751069851917
0.8134086325083425,0.18090257218572126,-0.7337111696019882,1.0744978036920845
3.374269346269525,-1.7140277787704266,2.1273547820223726,0.30254287262994023
0.9560100712934725,0.4033252858750229,-0.8884842639603884,0.6797919425491629
3.5273827037427137,-1.36307249654748,1.1497751768209283,0.621115530262147
0.5737941900114292,0.5229508148056696,-0.9531957711705817,0.10288470380388866
-0.42152199606491936,-5.181078776909706,-3.2488234121728667,-2.463982633759424
1.1774392352529135,0.6583959282935047,1.2878834463857065,-0.1782810033432653
0.9055797002126567,0.06136856337871895,-0.7244030562077534,1.1984276658553947
2.6300347276974416,-0.3467659313885192,-1.1874112750583798,2.021160135532157
4.276257072166365,-1.1493356963651482,3.100169001466713,-0.07982632747386656
0.23284365458236064,-0.31342829567770025,-1.0708672639526804,0.17467891855304113
-1.1383046804194836,1.1773824925240233,-0.6456530018950741,-1.1627876142378288
-6.079202927781011,-2.5124290392396698,1.5961087494019894,1.3410280415159161
2.3133921345536113,-0.8477908509436007,-1.2960410874912585,1.7425960322621843
1.979734932495123,-1.5403926143993751,-2.2449490828973366,-0.20181482601470765
3.4288311310457704,0.15728453642397555,2.753575544293431,1.1042620566544536
0.5752496458325677,0.9746767727682507,-0.7887364027688059,0.11676692577450265
1.112614023030727,-0.986364140941759,-1.2612531869188905,0.950812582767076
0.4950159910344441,1.2955809406311816,-0.34425282289844844,0.5894814851293749
0.13622994551583084,-5.000964304686094,-2.7802742277830514,-1.1845070647504188
0.9866773658611386,0.8275586067763993,-0.16734583738637293,1.6363441285260145
2.0359938453701636,-0.45928855027596965,2.0049764804879104,0.32025264843385215
-1.6262163722400886,-1.8807616144851516,-1.0836176568007168,-0.5521474933969275
3.432574919608937,-2.4902181254518108,2.997012568318113,-1.3395607195361838
0.9550490220688935,-6.012129820699264,-3.952530949562983,-2.1625873521643233
1.8112784911528288,-0.34581474020337133,-1.0727360075976424,1.466482589919354
-1.096624009074699,1.2458245860667558,-0.5427202529326579,-1.0792366995539253
-1.1266686790323162,1.3213391174397715,0.471385346459897,0.29209702240133756
1.3976572906784903,0.6223672352706899,-0.7372749394897128,1.0918075570790637
2.0152763329395076,-0.19221256077885196,0.27423974331676637,0.47406860027775716
-0.2828120258780022,0.9545753693831383,0.0012415973616883326,0.5699665988120626
-0.8101771414493917,1.4359982749855977,-0.17374419821843493,-0.34147066895097705
0.5582028516211344,0.46472260036611757,-0.4125055217748439,1.1532223962814054
0.6436223237242779,-4.554167769786215,-3.090569707477895,-1.3625812940652247
3.0212754771612174,-1.0273377126073187,1.1011799767391348,0.8909523541068772
2.9652743913024087,-0.9474361385288181,2.531687351593642,-0.1709856186449367
-1.5874484398149897,0.9416617021696081,0.4295966726518005,0.22020624744706085
1.2344440673170265,0.8900424405682406,-0.41147341747463617,1.3999777676287037
-2.7584475787128757,0.22527477893963715,1.1581550634612847,0.6415895868754059
0.9079651881713338,1.1903848139341104,-0.49364645789025935,0.737002154705862
-0.5576650456057347,1.7659238823359067,0.039070642534285625,-0.3467277184794965
1.7099158509700072,-0.1465581875713076,1.5128881312370162,-0.22546077015205593
-2.1373002636654665,0.5248256031789903,-0.33095115902040667,-1.0824375452261725
2.110301877572471,-0.9151203549089876,2.4266291487239884,0.5481237028616309
1.9211923185845254,-1.0680123470712712,-1.7327960539127747,0.40807228349211244
0.4473452344160014,-0.19226535120109842,-1.3486185625899392,-0.36498152953289253
-2.149283533352963,0.4555040260495678,0.05338389222204939,-0.3081174866410384
3.32980431859558,-2.424612104281216,0.8216871178919242,0.03223762480728073
0.18689869623848548,0.7809884842288419,-0.5925135008507035,0.3573375111207636
0.5037614577016603,-0.9561306953158019,-1.2885518044415,0.40252434509157187
-1.2879818766632487,1.199176770575935,0.3180086967477024,0.0030722201779102144
3.18254805688163,-2.0433248308683156,2.5127711394065844,-2.3619266091331363
1.573214421133127,0.7671233405854795,3.204481767316662,-0.5976740694536432
0.21138407981691346,1.0048459716662475,-0.4640552517343701,0.42542678706972054
-6.079202927781011,-2.5124290392396698,1.5961087494019894,1.3410280415159161
0.8068520735773569,-0.5337368254160698,-1.3591074968584511,0.08839300375821774
3.4797956399609538,-1.2615006106887074,1.3439333068577775,1.2281531034552675
3.1113484946246697,-2.1052014014570086,0.7768442477838227,0.1396522226163478
0.6688384670457748,-0.36777465058245984,-1.2073659272432056,0.3351732199865203
-0.9623118613695433,1.3421397845413616,-0.49018628908224765,-0.9518055097011476
1.0818966675298947,0.17823562042397,-0.9423068686474966,0.8112511495572939
-1.7066067599979378,0.7151303586933915,-0.8422667100134772,-1.5184875099374464
0.30399736096872826,1.8051883129404362,-0.39221668129750226,-0.28114750980666503
0.8069676049827649,1.1709011013870545,-0.5337011343022459,0.5407624055447109
2.6306230655233795,0.45641259860367583,2.53979143580139,0.28985642421849617
3.4257985188772015,-2.775759766572071,1.8250328819424098,-0.4895654561758771
0.7902810307727162,-4.606138672278841,-3.2839780387230153,-1.6902891979022363
0.8028980897955118,-1.3205995849830308,-1.1652118557949787,1.0051390720894124
0.604237232576003,0.010903849337103881,-0.825564211159553,0.7226980190414778
0.7749278364680584,0.114034674796353,-1.0086143859257333,0.3375237044694337
-0.20145975327075302,-0.20715672708703362,-0.4323637808316506,0.8464823720603866
3.5964617855586085,-1.5448394805345598,1.2060237435473284,1.2801121025563638
0.7606889247497554,0.09223189308776797,-0.931528834127583,0.6461850609722916
-0.677181307903278,-0.6065123067655122,2.662179302323124,-0.9222592163447341
0.6003552591337299,0.8230519473778554,-0.6638090967111856,0.428221261533015
0.6794324286110107,-4.3733327735069105,-2.9544082803969385,-1.1825499373790636
1.6279273511501453,0.45150920215345025,-0.557093274083233,1.891254785908109
0.8084666356253285,-2.5419597531059686,-1.654542239905459,0.3859069685198
3.8449633950747963,-1.9611648313433163,2.8823673011095066,0.1454488775977235
-4.827429446272276,-1.5775672637672298,0.44995802097044996,-0.045834475199719886
0.26573390005870745,2.355062992167899,-0.19868991179309772,-0.4845148091185473
4.05274435438171,-0.6892983997313832,2.4582988964714367,0.45633360190973493
1.3602356876776496,1.3564489208330133,-0.6228184914481842,0.7802366246226052
1.1682929056780653,-0.2763815492503288,-0.9117233184042473,1.2933039913138982
3.601014226204589,-5.549767281226783,0.5224218376676086,-3.5245351026505696
2.945326983316799,-1.6015029333536503,1.2459134219142953,0.4938594755412318
1.2189229298458193,-1.3749287900828222,-1.118171257770477,1.4689295528502058
1.9380339083321119,-0.383933864513228,1.5968487646312943,-0.10680596704480017
1.2627155518375717,-1.429630285592654,-1.7787378018684525,0.2848015618476996
0.9159637505590148,-1.895813676364578,-2.0094420388083347,-0.25435959294079213
0.12887762358562058,-2.5117890952631465,-0.25389279094666584,0.4217502084622299
1.3168331451871078,-5.580262482833042,-3.420170891035022,-1.0112896600773043
2.1020062861511737,-0.11083050424365938,-1.0713913888011515,1.6064355779997987
0.5144031946333124,-0.35082263869326086,-0.8870461847984592,0.6995164902182581
1.4198772545977878,-4.6553251804628415,-3.070268083744305,-0.7242606754382007
-1.0402462651351545,1.2991810094001253,-0.3943000329589123,-0.8452792253833299
3.7671675345508038,-2.3340084086861546,1.3537258065020643,-1.3471335164068492
-0.17480577697050173,0.6490930303754079,-0.3861141849175493,0.48670292760276945
-0.5523014827988679,1.745560433686477,0.07832820423113647,-0.2173020724294579
0.5513877644571817,0.6954221846146147,-0.4967230687805433,0.8355256820360554
-1.1330590071751827,1.202082769753353,-0.5497580160004971,-1.0540240607376559
0.9249022158612076,-0.2534334789371888,-1.15902584026392,0.3389815641627804
3.312330300854443,-3.4174437755045557,0.7254089909100335,-0.511410135417175
-6.079202927781011,-2.5124290392396698,1.5961087494019894,1.3410280415159161
3.14405059579272,-1.4416363441159048,1.5544265796408052,-0.3164760666500957
1.4394850654334725,-0.5410672618955515,-1.270357833693072,0.917477036253662
0.708589464880087,-0.9854462367800755,-1.384546463254113,0.37042072227428385
1.7177225522749264,-2.2304832813812925,-2.356447830628155,-0.22383936728325024
3.9034849429016267,-0.5495777791916794,2.7481044927336997,0.9370545007017494
-0.9258704905467855,0.2502441934315887,-0.19270900931013665,0.3964961043598855
1.452198800760701,-2.955715006641559,-2.429477602402227,-0.03885467935138684
1.820436080621697,0.32279202489254394,-0.5924344667935434,2.019430318401464
-0.008015183318490481,0.8121506963466292,-0.7759744388920443,-0.3027315593892867
1.7247328285560954,0.7775238736785302,-0.631020777996458,1.5889634894175864
-1.0947531325076891,1.2584989634086734,-0.10133004901329404,-0.3883375857186019
1.5439974798663836,0.09172211750479291,-0.8572722096832064,1.3375254157971317
0.8981349981009705,-3.1301191794631547,-2.4128091930364377,-0.46715788190909596
1.294426981162318,-1.778937442050551,-1.7516653098894428,0.4695708737751894
3.294656803537196,-0.4206341534854858,1.3305360344572337,1.556632101129212
1.4427944347281032,0.8384023109482783,-0.6418314447470922,1.149057679902692
-0.44648364522670625,1.7722337342851686,-0.45109033439481433,-0.902763520079639
-0.04478049091859774,2.099312734017968,0.10252094015153186,0.03673087986035765
0.43001428193643215,0.6669374517967939,-0.588060485918407,0.5922551360978529
-5.932044718872375,-2.4023506324066117,1.6958656091464361,1.5245036864193553
0.529032099214602,1.088709252408693,-0.8519939220833342,-0.2239286357401802
1.658343444095237,0.30137752220947683,-1.0925228333533032,0.8907240622043863
3.407797519233748,0.25391172945145857,3.2759791129669797,-0.5534283054728262
0.49115750010013826,0.06653093943449694,-0.9290626148145421,0.37489041204370827
1.5627340173835458,0.12129898727768644,2.1793790700062363,-0.4498147749136232
-6.079202927781011,-2.5124290392396698,1.5961087494019894,1.3410280415159161
-1.0075958758020305,-5.61931673576663,-2.8218408218150337,-2.0273608253290596
1.4502259730550595,-4.186848792149368,-3.2554620418799782,-1.3483324391399283
1.1011567352003389,-0.20286965328376017,2.400407748294972,-2.229289647747182
-2.42591753121289,0.27790185073680235,-0.25718029650383617,-0.9303059146926848
-0.0604336546414374,-6.9540648732131025,-4.314674120339009,-3.505606305963355
1.5563737239448412,-2.1201100691079895,-1.9758887714586804,0.4506801053804966
2.131733983711975,0.7268484399958409,2.025573138338096,-0.7003523861099791
3.948461270725899,-3.252836060412705,0.1414122429882847,0.023425446993359383
-6.079202927781011,-2.5124290392396698,1.5961087494019894,1.3410280415159161
1.4039818262344026,-0.41673581478992006,-1.4996625204699792,0.33866412933526413
1.0275020438756397,-2.8697598445532195,-2.792690310903606,-1.4549621247335038
-0.9278761606334078,-2.1671948792516633,-1.1206353070728177,0.01782117149580402
0.5984455706455225,-1.7154410247342278,-1.6239383511504089,0.01827980948868684
3.2107539176653437,-1.3706468771729174,1.4476889384655478,0.47600408509703956
-1.536124293615442,0.9726171811598255,0.29886123445834367,0.04827373096167648
2.2224194357591034,-1.9995396115013786,0.7658432215602257,-0.7874363401969189
0.9193263263652202,-0.9672328900602399,-0.13510767591941314,0.34754803630094105
-0.24755447838658323,0.7830040167794321,-0.2939286146514822,0.4625044132078767
0.6846483107838955,0.7660024934133678,-0.42641747948801767,1.1047403052127058
-0.21262005504760223,-0.23922032776364177,-0.5152792348325297,0.7304695719505936
0.25977872041351824,0.9832221241401377,-0.904159403933905,-0.6426871644152644
0.6957355050058313,0.48545996770020305,0.08620826859017057,2.016297887399871
1.280518444681937,-3.049316422364535,-2.705520189804824,-1.0007922093887658
0.6255075122734624,-2.767707967636061,-2.2394290941417134,-0.49183376745404095
0.7628195927407753,-0.5562846623793077,-1.2300740892908741,0.4846457729364398
0.5565241851418927,0.8695373847429595,-0.23678256844671092,1.237799148512246
-0.1341161143550584,-0.5953841222465065,-0.9240447875482505,0.21215905567920892
-6.1960089694283615,-2.5998031862096087,1.516927275257023,1.195395229192336
-0.11306888267598827,2.057980473154006,-0.1717620774054374,-0.46120267642299184
0.16090725892999436,-1.8877053103008643,-1.4049259061744455,0.22725811852978364
0.3428081212537673,0.9372167844503139,-0.5659646051628652,0.37958029963128925
1.1976455700747606,0.9107403195493825,-0.42178931037298895,1.3591479034438323
3.0135158007675606,-2.841316851571335,1.4795235260380786,-1.5590879610582271
1.2782097922567932,0.30298656942604907,-0.7443836532089785,1.1692009890210096
-1.4690645036621457,0.9287361166322428,-0.33564126971052505,-0.6968153093596161
1.5917342174722509,-3.0760835231880894,-2.6850672562028386,-0.6703637786620841
3.0361146264603325,-4.6208002175154395,0.2607564879132448,-1.7776932366380052
2.354449457141715,-1.0547313109299887,1.2306121976875009,0.11473127828775746
0.05945871841063338,2.190143649462985,0.20460489542496182,0.19255116115356638
-0.8556184269645268,1.4858792458937713,0.036954211859490625,-0.24612020535480725
-6.1960089694283615,-2.5998031862096087,1.516927275257023,1.195395229192336
-0.9299179856112347,1.3884533126789869,-0.5257164227407992,-1.0654384614394905
2.0087658697922364,-3.9955685520957003,-1.8653739291164824,-0.42314405356907575
1.702366264944542,-3.301851838098744,-2.9767341313652844,-1.0244966530668373
2.782895374459556,-0.7017751887806,1.276997183391722,0.3227329525427739
-6.1960089694283615,-2.5998031862096087,1.516927275257023,1.195395229192336
1.3856582279938678,-2.0813000971741253,0.48126311924061926,-0.8339750695375049
-0.4650628773107183,1.8180282409164696,0.22634263602897464,0.05160988754527363
2.6213278941467255,-0.5979691957588892,1.865881576879369,0.7545866869768908
0.7887712933348798,-0.786202731396169,-1.2728311558180583,0.5087469707137643
1.6535080548049097,0.15820414088675566,-0.7659917278707066,1.7144278652001748
0.08581951880996926,0.86135089527125,-0.3938265220518379,0.5554857360468339
-0.14743824188562935,0.8347805869456851,0.09769103568230676,1.0516316077434449
-1.8203056902587804,0.8227705305042252,0.35363348460866817,-0.10669423812084326
1.2880891190141401,-0.731125156129646,2.4034030665810273,-2.4069414087415852
-1.2383840092837135,1.1973878498984913,-0.026132309478951583,-0.40324575041921984
2.422128690778095,-3.122578403584616,1.34683942853123,-0.9229055082178734
1.409250506100789,0.07903073021429495,-1.3910989138374101,0.1470669291863926
3.486968786225364,-2.595844832430304,0.9651448040209294,-0.04237079789473126
-1.2317038235784128,1.113680714359975,-0.29783514449131593,-0.6055161506405442
-0.6367987275773137,1.615126626143483,-0.1046859952645833,-0.31253257646476357
-1.8160822377454613,0.6977601848133236,-0.43014896027120714,-1.0044968408609305
1.6695129173738934,0.1115411495046639,0.05792129595219044,0.855867069018793
1.1759235769682925,0.7062313366039679,-0.38238627727669333,1.6020838737029721
0.9585977492478556,1.3136707908098781,-0.29342954123212106,1.0790737750251196
1.4943181804670322,0.2560731621016291,0.059735491264130226,0.589763153929947
1.148260540298052,0.007247508189557797,-1.042555082348329,0.5051757877679962
2.6008939856621924,-2.0893420367912903,1.4910530324820372,-1.4220851208321463
4.120174522500728,-2.5948214747479414,2.791838445663592,0.5488468165220421
1.1848485653554306,-2.7229432566368565,-2.636920388890455,-1.1622813428867684
0.8829771819372109,-0.14751135381258382,-0.9584200595392999,0.7316270990857305
-0.5195119698907781,0.058772807046273856,-0.59385315313728,0.16655416760869546
2.8628658193801355,-3.544341593761417,-0.4006165865792815,-0.7646915640163835
1.3123912778121345,0.4170022695600518,-0.794067415270573,1.1267554160755973
0.5312817209135425,-3.1424799617970143,-2.534657349482362,-1.0106607431591423
1.195643254757377,-1.507987752888519,-1.6655489100153789,0.35953602311385885
-0.5852361095495038,1.630774241659793,-0.41694818265544414,-0.770688219737963
-1.4553706833247635,1.049921695509068,0.5442892356890716,0.4111356186497366
-1.6499245807179586,0.9969973702969607,-0.26920549750116923,-1.1690717347934205
0.7363970660275699,-2.6273889836543667,-1.3774242902534108,0.9842215857571663
-0.47624068930838,1.7076141825490612,-0.24674340212056758,-0.4479837508457424
0.8634888899701408,0.31611706130234996,2.0517261815987653,-1.0189656373736595
1.0385141919700358,-1.1645046302317683,-1.7011371959562924,-0.06280676411097098
0.7743506114164215,1.1381984163190098,-0.22666174120628807,1.2480706537254795
0.6463822625134692,-1.256352733957734,-1.3241344154782675,0.30159426721254984
-0.40098523484816995,1.809947660264599,0.11322374382327124,0.042287319899509436
0.9270669681289214,0.15178812703516245,-0.7873956778881394,1.0357945266335515
3.819831136444663,-0.6463659982891389,2.9038824211241296,0.9996845597920927
0.02781538357107297,0.6761934147843205,-0.5998552114515326,0.2868164283409283
0.12583762411087027,0.10956822004638778,1.4130098553418886,0.049401961969928576
0.8461169218024677,-1.4779576803562946,-1.541170728226669,0.1743552960196652
0.7835608408820101,-0.7154044111850203,-1.0171344520439236,0.9006741632140646
0.7503168417804843,-1.4177666892041665,-1.7099733729189395,-0.059904795952280335
-0.0661817837704647,2.122567369869687,0.0079943833564343,-0.23922551236679798
-0.3154571343810624,1.906305236022345,0.07226267028127405,-0.11477403703415741
1.1204693150871543,-0.013589119442130794,-0.9190539997535074,0.857508370880453
2.5636454075560824,-1.3650813252956897,2.2160486605200496,-0.6520783326547155
1.7725136714694982,-0.8763930051887403,2.7681287694956707,0.04000911051949601
-0.7843538148687997,-0.6277773564961902,-0.7156949651764439,0.20369571919723722
0.945686813097286,-1.0722327342973612,-1.6067819817180427,0.170248111681088
-1.104071951263667,1.3321083713250899,-0.26432403483266337,-0.8538823431951925
0.9542556920173797,-0.558591061583929,-1.3499241443353378,0.3961418217535606
2.5329134636074433,-1.308741051246612,0.9271822675601104,0.15515880220256792
1.730107507869018,-1.1335239832262098,-1.4951450214541278,1.0084769686288235
-0.5058595107040473,1.7493329950426673,-0.16721715311859445,-0.4902603522710618
0.8803605350084702,-1.0879784759385018,-1.3040446869007494,0.6999851707672184
1.5383450902984874,-0.943436477336156,-1.3700991755804273,0.9611523402231241
0.7111279381611654,-4.453699369022885,-3.191042321614609,-1.8383393234714374
0.11794010522120438,0.8566902610999911,-0.26703033802797455,0.7463190440019698
0.9538165027096955,-4.17811114621671,-3.091084202815202,-1.3229453438378616
0.8219375734307579,-0.45195186820684197,-1.0927943955611634,0.6770480973523644
0.795005559391967,-1.0688030752011994,-1.220225413228479,0.6357338866910849
-2.1519568943887957,0.47089873120534814,0.204351810935647,-0.12229574926888466
2.567022261495946,-2.096750331385699,0.9481352087755858,-0.3684834259665663
1.9447433869353836,-0.09145388042537508,-0.9272566224498131,1.7057201140074465
2.8845650306365958,-3.4107804803284107,1.318987710206971,-2.0883590481905507
1.295316719468257,0.10322357782273817,-0.5568094162709909,1.650652547382808
2.815583097213073,-0.8225569743677645,0.9241424183020729,0.5509804640664727
-2.9172916382010996,-0.03771228834311637,0.29438591746839565,-0.32658289625055364
-1.3738943908614116,1.1121600173812962,0.06962709950876024,-0.32262039875092424
2.1242661188097114,-0.6704161056083112,-0.33199913233111933,1.0977889239211795
0.7289051669486711,-2.9296035787435044,-2.488297063978461,-0.9449141733503906
1.4364872898797398,0.5468342491897624,-1.0005481985309828,0.7376582092366943
3.4364147022610205,-1.8941812532465085,1.33023996633575,-0.7930269411634924
-0.005885242608347698,-0.8472166820931912,1.2710848377454782,-1.9064594234950407
-0.22906524098278214,-3.2049445451088237,-1.8963709840254863,-0.42345853896549956
-0.5540504179054674,1.6761032684823969,-0.16641243819110094,-0.39854227305415957
2.3782497671867007,-0.9090290250319745,-1.2467529170267808,1.9423168854739432
-0.323266757229417,1.8619152521072444,-0.6889377553298578,-1.2765085941968382
-0.35775218425243105,1.8213989839334512,-0.29214678044215775,-0.5693046897694171
1.1387324522652407,0.7222254317346015,-0.2580638568447435,1.8159296534283342
-6.1960089694283615,-2.5998031862096087,1.516927275257023,1.195395229192336
-2.1337146710069956,0.43362085513139137,-0.45440784471684054,-1.0390960943261442
0.12294228003750828,-0.4139897371488785,-0.670802010685258,0.8687838532119679
0.650734134162615,-4.2381304798674195,-2.8998865429554934,-1.1390339282474031
0.7301664658754196,-0.8384961010758116,-1.5352897960623049,-0.03105554375199364
2.886229987344629,-1.0861661672354934,1.0849709732442194,0.4876646718993522
1.9548201777989669,-1.3124018666671102,-1.9777508164195954,0.35562179244241393
3.020648554729399,0.15142792084158216,1.9239690957097098,1.109025725475025
2.0424973757828546,-0.5500906995491671,0.9011242309635752,1.0716075430553722
3.2342422011011416,-4.186501018640295,1.2526634363129328,-0.31418589984856904
2.5884206981458706,-0.4276390389163883,1.77219645258361,1.0059510754526877
-1.0177324480926089,1.2645592248870272,-0.4703652961816353,-0.8318634928432287
1.7076216062833762,-2.1673061648666083,-2.1290382287476124,0.1968377979693733
-0.8902153920878948,1.4340760164509676,-0.2556277096611754,-0.6409870572585022
1.7562985781982083,-1.083755556083857,-1.9447230815568382,0.02863222833229644
-1.0236337818315342,1.3066598473509095,-0.4073006357204943,-0.8508079937245872
2.54035772163855,-0.018498591919038146,0.7255607904665425,-0.14561639220705375
1.181248085472954,-0.9251119669944048,-1.0550918922017194,1.3447808005756334
0.3222871855942738,0.8814892621007272,-0.22914845309660903,0.9223341189494645
-1.1023614174496021,1.3255840864762645,-0.06993527778559136,-0.5564569951484203
0.6685892867431344,0.7687888483468253,-0.6061289818374669,0.7461968806335444
-0.1494218545500903,-0.3665929909013559,-0.6560603456125285,0.42010303779900265
3.3788948066181055,0.5532048671887609,1.7768288933198408,1.7176399588928626
1.0361487446523874,-4.590809553042965,-2.9132988385528753,-0.8309290742966103
-1.8220329041393222,0.7585529855393299,0.050200653208458144,-0.46229285594137126
0.342862072692386,0.801070305897285,-0.553322736814079,0.5107621730502002
-0.8152311297267786,1.5950864559948468,-0.32780812863588477,-1.081862515507714
1.7306157455602242,-2.1610410349590055,0.2902345321621692,-0.8901720875169761
-2.038851939610503,0.5011133148460831,-0.29480670655837843,-0.7370084189771569
0.9200400153077658,-2.2503232206291055,-2.08556224277055,-0.38892873212017687
0.722460738590356,-0.20979255827330057,-0.9368002275899809,0.796207280916324
2.449264939533736,-3.015058685905336,0.7307972553342306,-1.6521015679862285
1.2390676403943772,-2.3261184612047825,-2.165867407244064,-0.2514175041095118
-5.996327722334148,-2.4504360953922966,1.6522888993736964,1.4443561662507634
-6.1960089694283615,-2.5998031862096087,1.516927275257023,1.195395229192336
-6.1960089694283615,-2.5998031862096087,1.516927275257023,1.195395229192336
1.350253312232661,0.9840126919652469,2.907170102398123,-1.2241914464290355
0.5623214006512562,0.6184548581813133,-0.48535867358660295,0.9851980319793423
-0.3694639278549231,1.7712921157891486,0.06514246627263988,0.1441608915699864
1.5048732365021524,1.4121490277184319,-0.4294879098264303,1.2305527567999386
1.7618055928274396,-1.086457479369934,-1.0750454617180059,1.9977093941454593
-0.7178025964338524,1.560194821264464,-0.45565035465394205,-0.9394084767604461
0.7205717147770533,1.41317498385306,-0.4321806338430963,0.526541732093401
0.9889860870290489,-0.6058154276537265,1.1876546010602227,0.9291517482605557
3.48792186094503,-0.15281630488561918,3.026936338792557,0.5459163991136152
1.4482655915456952,-1.472615010334676,-2.1002620436504973,-0.3622668282018302
0.9930201435066607,1.696440641902665,-0.40010001804149126,0.5602940295331352
1.2140518539455374,-0.005382772724348731,-1.1250522932132767,0.6477312965097834
1.7091549825899583,-0.3735142260192261,-0.87294171793541,1.7820489062201685
2.9845935247334108,0.1940001955689883,2.6321719464746955,0.4616303001297136
2.7299512979966503,-1.9590491433098183,1.5114727900069456,-0.6545463827238797
0.1782087253859791,0.4894956102131513,0.3133270932351243,-0.14319367631717603
0.6677827726445977,-0.056608865661854635,-0.9697074542969224,0.5825536261772956
-0.06318360483872835,2.087702724134061,0.26106129227488345,0.2941587701271512
1.0643331864887347,-0.3972096188637133,1.614453245601681,-1.186465715054109
2.6103633848087955,-0.8359311374286428,2.9952369981512215,-0.7282480110147199
1.66731083369496,0.5649938308239609,-0.5357483879350861,1.887360258462082
0.20749742307177862,-1.9349599631160805,-0.10761999714554098,0.5089727649729174
1.5030033261664337,0.8986840693929874,-0.4230827798069206,1.6938580830193493
0.9536374018389232,-0.6559928885727205,-0.7876377602979817,1.6104418414834498
0.23530272845215558,-0.8303850307590672,-1.500781059080088,-0.5094992550828059
1.0894825041405067,-0.19180367650248425,-1.0257463282387798,0.9339470346360356
0.8889839902788111,-0.4143347777800628,-1.2856455927819141,0.33084193399650424
1.1149122835811565,-1.3483653441544527,-1.9213318932910015,-0.6762114410146883
1.4310700806106342,-0.4417299369686912,-1.285687684847682,0.8213704843629417
1.1353647320529408,1.1877857936820506,-0.32598898612286303,1.287984306428615
1.1768281552275048,-2.314623509221893,1.1373747574103885,-1.7425341916850081
-0.590717241980441,1.6838691888315591,-0.10029278286706197,-0.4370774674292027
-6.1960089694283615,-2.5998031862096087,1.516927275257023,1.195395229192336
-0.735435515940097,1.5422506208060045,0.15491271211111743,0.05763288489172883
1.1306684337188657,-0.6856870282248355,-0.878555998193323,1.443868482208039
-0.8793952916612086,1.3774247873305534,-0.43606452061045625,-0.7714873272460323
-0.6439954130407823,1.6121511681617062,-0.07922117125453601,-0.288193347687341
0.9723956577462224,-0.337925827023376,-1.0392059296991951,0.9084066891851911
-0.21663672072242487,1.9244627043015639,-0.04391619578699137,-0.11440472552857724
-5.7966464752399345,-2.3010690045749844,1.7876505234903697,1.6933171033091905
2.745179578043486,0.12599744925470757,2.2964560171690005,0.721013599674488
-0.10436882735720986,2.1272480896284267,0.28242718059541505,0.09166688637138454
-0.18249794473046524,-1.5506068655490364,-1.0697944401722146,0.5094490070235542
1.6739365502102554,-0.5196326252888489,-1.1835367678403286,1.2970852766180367
2.8607020487759294,-0.7824319400815284,-0.5295818149888208,1.2848644658754653
-0.9021349300681955,-2.994230628251603,-0.7631936643324444,-1.1802547154523373
1.6955179635426314,-0.5132969543232516,-1.3810427709891204,0.8517697346823281
1.0507777370598208,1.4835568181388732,-0.2583731047292714,1.0391086873312376
1.4761825489546792,0.4744457523684144,-1.1883998682150212,0.3890825278923856
0.343705916224875,0.729127934003643,-0.602022908955856,0.5003408902647729
1.0032592065346364,1.4675582798017197,1.6701421221597827,-1.3947044873127468
2.0845761198042863,0.5695478141527383,1.7957621162943258,-0.3283584206728033
1.103598742866437,0.46185438343298296,-0.6239736474995073,1.3309449958528943
-2.2569544407791002,0.24436258550938073,-0.6999378719115216,-1.225145736059536
0.19625692942050638,0.9546831550516295,-0.7972311942369649,-0.28198563268156207
0.732635366769339,-2.917008388249389,-2.086400069487837,-0.516557716231073
-2.1947933867337976,0.49765069228303427,0.46487988111244355,0.16054443808436947
0.8986960114940818,-0.1129670503738015,-1.159853136634746,0.2265320342808081
1.67200086548721,-1.281808380775587,-1.4383622849698716,1.1675516297720854
4.846580236460681,-0.24675556231273643,3.8668528955566983,1.2199342894691738
0.9870066155680889,0.04131930812864264,-0.636478837366356,1.3858344111891798
0.5866196419819099,-0.2551033554160698,1.6875635098331914,-2.201734330331484
-2.9420755762303394,-0.1637932455254725,-0.1274281371197906,-0.6625036549071063
1.7412319148992235,-2.0053032169268334,0.6238420806919703,-0.9510447902162574
-6.1960089694283615,-2.5998031862096087,1.516927275257023,1.195395229192336
0.7003928224830384,-1.6338392664858132,-1.7301570674999012,-0.029379393632270965
3.63609417117957,-2.011282897655357,2.2298879924991017,0.7659676785364212
0.5671780505434758,0.8568049545201438,2.1256862566580876,-0.997804565201986
1.7362451261115708,-2.316995957115524,1.092254976547114,0.04599137846397215
0.8584487323608302,-2.3037048364652057,-2.0785392216228304,-0.25218274771800303
1.2652377307977245,0.01635448969944285,-0.68048661497383,1.672018134229444
-0.3877093164350387,1.7957093932571602,-0.5313898592840874,-0.9725759268743842
-0.6383817162741786,1.5923408668432335,-0.60797964021732,-1.1095980776977663
1.1786410747179088,-1.7420315551213963,-1.8943989818880052,-0.2061752404106815
-0.050570381632974816,-0.8666849864872939,2.6968877364789665,-1.4054871056608673
0.8133044108149045,0.6314507539250569,-0.7716413948981764,0.5732664667124567
2.4779839294712676,1.1234860179713713,0.6927774792973803,2.0882225323200387
0.47725429406886877,0.05254328217461933,-0.6475666362351664,0.9083131254541199
0.40266798624291467,1.034660977916886,-0.3628930773905564,0.709276045331896
-2.4521290411552257,0.184896184665794,-0.22940982425825776,-0.6895639736375195
-0.34475824154068446,1.867245456922005,-0.6074831120115485,-1.1997429515831421
0.3322253472810081,1.4061609720571566,1.592535996852033,-0.5356858812006439
-3.533926636796018,-0.5654589646378477,0.44789020048237865,-0.009599261832646075
1.9116249517075643,-2.124590502684256,-0.15609023308462774,-1.0187477164322745
-0.297254770413002,-0.14421227873418355,-0.7374479994033379,0.2744857270242823
-2.0328077955215065,0.4655575052099551,-0.22258907195880365,-0.5059116675978987
2.6078367819295067,-0.6520651168892588,-1.476857886018863,1.5617211983681185
1.559453911237211,-1.4610598330064701,-0.05219224300438411,-1.1817801833844734
0.06017736186983475,-6.9155073523686585,-4.368468826074026,-3.5386774118241453
1.224353208969898,-0.2597115988545566,-0.981378086739567,1.0680947567491619
-0.16112581168336557,0.6393327875735814,-0.874352426184831,-0.5416341819196479
-0.5983930447996013,1.608182811107628,-0.07226077091741809,-0.15467148762156915
1.0963630530841424,-3.2523049462164013,-2.5986337175719414,-0.726347242637743
0.34701856660265495,2.4088513356215944,-0.10436468485592224,-0.28018531060690793
1.3326497259280505,0.8854850782919961,-0.6823016338459669,1.038473531875324
1.6449364751972795,-2.372410872212712,-2.0866770930611565,0.3439463394853627
1.8269822571864527,-0.39214319783911744,0.9927377871196844,-0.531434193141767
-1.4890782937970564,0.978063920788752,0.05924854872606502,-0.21188810150855178
2.3305156652405006,-1.1592665558912854,0.7312883544995242,0.7205973951397988
-0.640552172431797,1.7111754633128131,0.06643751458122966,-0.335955827567976
1.6802922787511807,-0.7842029348098184,-1.3995753821857246,1.031473637059751
-6.1960089694283615,-2.5998031862096087,1.516927275257023,1.195395229192336
0.30599724102908704,0.5645284984014436,-0.5777257632509012,0.616517237143729
1.1038772327329578,-1.1682165664266166,-1.4544585420900067,0.582537107023471
1.1498272509286651,0.8662392116467398,2.4103346735583,-1.274490170586829
1.59751158572788,-1.2987827944865844,-1.6261813675134775,0.37222394082807103
0.9650579883911683,-1.2161901360481147,-1.6583907556363908,0.039509018338265804
-1.0727772585679904,1.3276958519736477,-0.5403009957266504,-1.2434194975408255
-0.0981809808159765,1.026659754134907,1.0074528660873134,-1.0683057275567238
-1.2200387120045766,1.1276641521322999,-0.5276113281811661,-1.0083439326129129
0.6261071103588982,-2.233078757203121,-2.048373845931445,-0.6228479851121438
2.301927846876707,-1.3444535298182878,1.2605134991823834,-0.08925569914775577
0.7450353436885148,1.141963644507192,1.884990285172542,-0.9710700571358434
-2.9357129073009034,-0.04877294273585266,0.809032067738374,0.4743526072215795
-2.190456160457545,0.47935028375468225,-0.31732776212553454,-1.0543469152022888
2.5953413477914427,0.3668711053551109,1.1703883045579189,0.7491235799205834
1.074915700099114,1.2615836114076198,-0.25004883976036363,1.3320310525578762
1.0473695906989868,0.17002584735148174,-1.0320129552653416,0.6155793646359032
-0.24660090989859604,1.8844503880594843,0.06663234984208384,0.11394675919855232
-0.6370365950366886,-0.09607674225601681,1.7227493270306784,-1.0782793536511195
0.8970472137023181,-3.132459306348091,-0.25534989354153187,-1.0390241008781111
0.9220736497403009,0.23696293796934081,-1.114516961257464,0.16638737312265836
2.423536728743018,-4.784264387644721,-0.010948217265694084,-2.5216213144337996
0.554800839401867,1.3476076137045294,-0.19574265961618095,0.7917960444141998
0.992693903041799,-2.369726991689707,-1.832748137860306,0.40172229415141547
3.5337197586378526,-1.898702693745022,2.1560391989651424,-0.1186920564247639
0.4659740153691442,-1.8699217861113506,-1.4706520333388657,0.35007932756346155
1.4079535436851667,-2.1083424746481745,-2.4124229021736285,-0.8885824706912752
1.8404088465128456,0.7766637273433337,-0.7348387104144201,1.441807290019392
0.45307870857551863,-0.23461840756667926,-0.4070417126693647,1.3184705529549514
-6.1960089694283615,-2.5998031862096087,1.516927275257023,1.195395229192336
1.3562476031869082,0.15013184715946784,1.1107380298943177,-0.15185224390544458
1.5339980793429746,0.1260350141267114,-1.2850127193741478,0.5120332963209695
2.251190594057969,-1.8971536202034454,-1.9292470942529898,0.6191218214742987
0.375012010761437,1.034846425342518,-0.37551205056568304,0.6578103057949686
1.310046684907309,-2.5578456604827204,-2.1108281072267534,0.2308024235706643
1.8696801446354723,0.02267181612269373,-0.8677661934748405,1.6529391347457232
-0.4924400553719079,1.8291760784917297,-0.27408416531303564,-0.8976652330499876
-1.2771960382875107,1.0920606213646937,0.12689579747252913,0.05020619573260258
-3.253759098636121,-0.4306506112900626,-0.052064264349179455,-0.5066425250872462
3.2997020963711314,-1.7420868291351936,1.822841444885635,-0.5910560482315014
-1.2867674284316548,-2.2314181263641193,-1.5143876280767123,-0.9662076482916772
-6.1960089694283615,-2.5998031862096087,1.516927275257023,1.195395229192336
4.259770121078113,-1.3705057280261113,2.586198958748271,0.701669600845022
2.6873818501853672,-4.413229465503687,-0.30010122757500207,-3.354773748858795
1.6607159473531719,0.8557700114978603,-0.6139927294438097,1.5027270900742828
1.1217852518195484,-0.5130668351432964,-0.8903062092765841,1.4426860187416992
1.4355165647463037,-1.2897040679007985,-1.8747949175886032,-0.04267351139711678
0.4449713077194617,-0.5177385687139321,0.5607034399768087,1.0041682222881798
-0.5151523256514232,1.7527179610168355,0.21795403908995578,0.0977140860833842
-1.4196478268730361,0.9884495031200623,-0.1920534845462001,-0.5310735751976192
-0.8331568179959848,1.523901817346537,0.028555056782242984,-0.32621839437402006
-0.9551736481710835,1.3831014354511553,-0.07609774975246911,-0.3775965901228717
0.8244795693611848,0.3540695017099776,2.6807858607976893,-1.5750109295374568
1.9125854098595514,-2.4289073602227838,-2.040629430756033,0.5836521581898377
1.7532009855238806,-1.2956114261830551,-1.2941541746682717,1.5454063549658825
-0.009274946241462108,0.3414429633461953,-0.8126208044589606,0.09280625535354046
-0.9171742892516215,1.3761986134436919,-0.10688319323905515,-0.292885125208359
-1.8285805077205954,-0.2140463026086976,0.00573933175025413,-0.061631435428318275
2.2440233030169456,0.06566555291574148,-0.9241788392778353,1.9034250329175708
2.3246692775448836,0.4092403436113005,-0.4767265208420447,2.698827410187489
-0.7841870089233484,1.555701098539309,-0.3531323361810645,-0.9331255993657136
-0.12301518526412761,-0.22864378021433793,-0.5808664109106026,0.5983003998613258
0.9294260433103891,-2.4199934117560975,-1.837390493618135,0.3196988250491317
0.8227544288754677,-0.9816159788963664,-1.1102273770686992,1.0724839036855838
3.3665251157473253,0.10767882737305116,2.868799708993998,0.8537032138897326
1.428518741630537,1.120811665633693,-0.3986354311959729,1.5152655451872015
1.6914090076862098,1.6159060152823395,-0.16026484201139277,1.6901106040836233
-5.996327722334148,-2.4504360953922966,1.6522888993736964,1.4443561662507634
-0.48552161451685766,1.685015671254183,-0.059985610649627506,-0.09157755915159259
1.5227108624865466,-0.4401375067870253,-1.1448726129938478,1.157132203924393
1.142058182102286,-3.9909925744589034,-2.956019144536506,-0.875634936577815
0.9173822036520383,-1.2605517201181715,-1.392301768549791,0.679284086503699
1.1240223144523147,0.6983550199517221,-0.7751991211740517,0.6988893927294535
-1.2562411013531207,1.156947120696445,0.18250057390600413,0.010788712208847875
1.2828723314356307,0.4276851198331904,-1.1002114251270192,0.3812362882566299
0.3565158124204969,0.4942801536962873,-0.5631234363199566,0.7241196963566663
2.82616374837068,0.4658465193647142,1.118737428254985,1.0000281413437841
-0.7047525102638893,-0.09176252165661478,-0.6783344998388692,0.005227906925417927
1.2157098344547628,0.9868448156180631,-0.5316206233743425,1.1377704173894587
-0.7034565296803866,1.555366672498367,-0.8374540857672089,-1.5464739660862232
0.795204696751414,1.0618716283612746,-0.4736027400396653,0.8307679029710173
1.9838274482264635,0.15730993312680017,1.0984141571801378,-0.3675839348405869
0.9092533846177273,-2.5607594679381687,-2.4767668750953304,-1.1181934399194509
1.3213803521986633,-2.6223904321443405,-2.3126943325575082,-0.16103678921810954
1.4795321870601195,0.33389936023471833,-0.9772131530237314,0.9660457969065891
2.080413026090322,-2.6329710356651406,-2.4354049262988298,0.15126546178086092
-0.30771719867671865,-1.3722091262031708,-1.3463901501525126,-0.45312953467912115
1.9172115013970366,-1.2751339000006257,1.013073951220993,0.382223160992079
0.9411232656723911,-0.3640578183608148,-1.252372826133158,0.4533662740458878
0.8747830453148789,-0.3575033744526779,-1.3238042501151628,0.08716934104938051
0.9256619854511274,0.9571533991202502,-0.6795082285500865,0.5984425212373787
-0.006217331887824252,1.4769208826884246,-0.45234427838913466,-0.2936106349422177
1.3299320302051005,-0.6273580272132657,-0.8635454926890483,1.6994850653251596
2.530776234948294,-2.3993814182788773,1.5373429274006587,-1.0712310497933732
3.1348662733962556,0.4380908694066265,2.263175678337867,1.3223594607780838
-0.6851235971288,-2.6641778020261815,-1.725572830211945,-0.6239788368312276
-0.23849652364194185,2.0076088520137993,0.0988510091694615,-0.19178153267290401
1.759228279705629,0.5078205054207358,-0.46573886986067375,2.186533549086378
0.9032966359483302,-2.4456103651207752,-0.9974684077347522,1.5279609494026993
2.910036646708598,-4.972537363577145,0.23630892713516757,-1.3101467941403122
3.0023720459108256,-0.9544952731334627,1.976016498937815,-0.03882038375453256
-0.26560745231935157,1.9154711948081873,-0.3682295507601225,-0.7479536069341914
-1.709581384655438,0.8632073120774243,0.1593156849635007,-0.2642358595928636
2.612042261103549,-0.620584414094529,3.2230983323095654,0.3623029647299819
0.16664985439586907,2.2720555911289164,0.33237297445556807,0.4128869553193894
1.2282798269975093,-1.4707187996138114,-1.6632336779584893,0.506083762242495
-0.34564323231892125,0.7715303265814617,-0.3404714819174916,0.41248954218777123
1.0655132593930643,-0.7396237755795619,0.8170085681611621,-0.7917384645798603
3.381176894645693,-3.479731874683981,1.4129548995690036,-1.2548476326203997
-0.46780446125576175,-1.1594189988387222,-1.3139455407821805,-0.4903504878310701
0.4594887167624382,-1.2073034215786018,-1.1172528027693935,0.7741796232663095
0.9433892067611552,-5.658569554031366,-3.85807256888922,-2.256551102857374
-3.457112229048125,-0.46120545680197994,1.1478201329834394,0.9635129996975307
-1.961961380378623,0.49669984611589885,-0.7762278627684741,-1.3823804999032276
0.8467883546567214,0.2185912234752905,-0.37125865179592943,1.626358358665925
4.314250873225977,-3.7605779522110483,1.7635540949419772,-1.6166291335362517
0.27924204729987623,-0.995952886743215,-0.8659756725569,0.8507915345163676
2.8168128077621217,-3.5867392771751576,0.24680403285351707,-1.5539809724298785
0.5618464582873984,-0.0785739850240114,-1.2644806451812116,-0.2846932553053925
-2.9975166333398295,-0.10327768733348089,0.49385382848729253,-0.037196817153953336
1.6186594161377272,0.13057866317728678,-0.571598052770194,1.9820919050087995
0.25461661495447635,-3.417516925664781,-2.5765465088793107,-1.352689350389243
-6.1960089694283615,-2.5998031862096087,1.516927275257023,1.195395229192336
-2.141868040415261,0.668268982214502,-0.04976531690194571,-1.157795820658538
4.415676990251117,-0.5851813901262182,3.3243885067371495,1.64547086358956
1.650410728116892,-0.4515469424443004,-1.6053516450943899,0.27528825068464
2.8236834547441574,-0.7962441014469529,1.0797503416436864,0.6992676340774937
-0.27467375337200256,1.857507472418678,-0.030990393239818077,-0.04085105227346924
1.3682960182663932,0.23312690526164204,-1.169479023214005,0.440984582887129
0.4147073771631521,-0.28000115634665995,-0.7539288488000403,0.9142059914286874
0.24149091833404662,-0.9224062635604606,-1.6816420369786786,-0.8069402431804154
0.8706284946246842,-0.7161583284515484,-1.3045391756207239,0.4593033509156068
-0.2168561906812315,-0.39119629303423986,-1.131334345919009,-0.3352572867200065
-2.493545040601744,0.28013388942665896,0.718410797886408,0.4159195862380841
3.1436693948671404,-3.726663910730945,0.6724146094453765,-2.1343075028963088
-0.9080890428051125,-0.1040355475953604,-1.0600118006226893,-1.090484812741661
2.0561089791552067,-2.4423063615197713,-2.534104442887363,-0.41157057290975024
1.3319474561558846,-3.5387731182960835,-2.734954665628256,-0.5735626131330583
0.5552499409223709,0.42051089426671295,-1.1010208192247666,-0.23263528017427848
1.6689125866331533,-0.7095084962365537,-1.100667904235578,1.5137649718212
-2.0057260816325586,0.5669289443370643,-0.3409882496517353,-0.919923578409077
-1.2621117031895754,1.212883999809724,0.3156579463885879,0.06004296441103827
1.7310690840846779,-2.8930678543592596,0.34298808680852294,0.09238803540908226
-6.079202927781011,-2.5124290392396698,1.5961087494019894,1.3410280415159161
0.5892849958970792,-0.3941519660609531,-1.7842916141580054,-0.9934227387881276
0.7362749579142348,0.1149295963812177,-1.323936631131404,-0.2915440939011022
2.0488890232989303,0.03643141126018008,1.4991060147260777,0.9904623296342564
0.2604048907139482,0.017642230544326298,-0.8769982528515933,0.3243114037472971
2.175637730699482,-0.9833751937288943,1.0109878999457336,-0.13314822080186356
0.6248034848378806,0.44014326855396146,-1.2655796732186808,-0.4134428682933545
1.9058958865121722,-1.0792588136321721,1.9622232010338705,-0.32486412412519006
1.1702697111549654,-3.600271962091767,-2.919784059984593,-1.0910403257445467
3.4268183437677884,-0.9758023973263463,1.0846794694777293,0.35630968737329505
2.516004748052366,0.7198868249313914,-0.5547930432647742,2.4634522030134898
2.8860777852561452,-1.890194726439588,1.9974402658497181,-0.9757588882956002
1.5198592665304178,-1.5358203325231914,-1.6322794014516733,0.6183393194271133
2.7468253766879323,-2.898019853507827,0.46159293279119545,-1.8234709713077506
1.562794316623258,0.7912537039829904,-0.734183330100958,1.1922695772141625
0.8351837970581779,0.5254448082041494,-1.1512954321520028,-0.1357280623562126
-6.079202927781011,-2.5124290392396698,1.5961087494019894,1.3410280415159161
2.793367650645907,-0.9045780548072416,1.1100424276812728,0.9002439263789757
-6.1960089694283615,-2.5998031862096087,1.516927275257023,1.195395229192336
0.16125984905089516,-0.653330857941099,-1.2068704074278518,0.036787541237659795
-1.2013533153452178,1.1464678655771883,-0.33269588023664226,-0.6857832382843166
-0.1884823500457184,1.9646910551983252,0.00999156697050866,-0.0834444938849803
0.9782262941535708,-0.008942558656948053,-0.7096390820989251,1.3087709246034571
0.9919441170806221,0.18626911743080884,-1.2622842705016544,-0.022251093515127628
2.8488679710286906,-2.974174424490101,0.9452846193436882,-0.2559307307442267
1.1046045993065254,0.6353505512291509,-0.8121103321448574,0.7565675019871613
0.8368674310634487,-0.18511091388700965,-0.9947862040173744,0.6208765038596876
3.161365221335798,-1.1326634886670544,1.4281321424914233,0.7654322606755798
2.291945968496928,-0.06475715453989762,2.629548998051234,-1.331721417173108
0.675379920944596,-2.2760417261774384,-1.7373067672021116,0.2746551831300266
0.6795344455244161,-2.569538689990969,-1.8586713087379512,-0.28779094863772897
2.434676489707461,-4.378300701996874,-0.9638793792066304,-0.9722311960184109
-3.2198170281941003,-0.2965852211456838,0.3706286026153465,-0.16924197018860312
-0.5774766153825731,1.6996256942828367,-0.4488458297619801,-1.0264576346976435
-0.7379499154453754,-0.5816009451203431,-0.6349541587372185,0.05503663820868161
0.29144731437839516,-5.251230684599375,-3.391766800311795,-1.9265666190007944
0.6012976538664079,-1.1122461787902773,-1.320609957660688,0.40071764507571916
2.6727221588303096,-0.8512053478700451,1.2047992148586588,-0.4719262218131373
-3.03727167174807,-0.09014339373493821,0.5655043570004253,-0.03842844566989755
-6.1960089694283615,-2.5998031862096087,1.516927275257023,1.195395229192336
-0.12393625305636712,2.016136673230125,-0.4311666187347401,-0.812830813165204
0.7280429325066261,-0.1374521393742435,-1.0734529337914447,0.3704661186269941
-0.8299622955650602,-2.7088530224198495,-0.6985900553046425,0.9609830213091487
2.9974539734348267,-1.6995020013518545,3.4290441146576356,-0.6746974642276685
-1.5277636984535166,0.9244647397452346,-0.010184587265431276,-0.31579601620689474
3.179807845464867,-1.3910398251677707,2.53312762537657,0.07033057374081869
2.87358818495158,0.12868297317820074,1.2797986583893897,1.807888022294583
0.9698722980108486,-0.5889236391274578,-1.0659863616942706,0.9768772992668054
0.5363904229044186,-2.8100126109765635,-2.209421127011654,-0.3675672606431563
-0.2129356053785364,1.9084097406540985,0.1687766607843015,0.293426334946868
0.614119615112455,0.3307027808443197,-0.8052491109183525,0.5522976054100107
1.19292195823672,-0.04037542454270365,-0.8699620907702216,1.2564854050292997
1.6105595257645635,0.6620661660600766,-0.8002675508751075,1.2353626620997036
4.098027006097598,0.08429077401393013,2.5158208885010738,1.095159003026224
-1.0394909316450684,1.3342718297502276,0.2742225888721598,0.1574099263307131
0.22553543008856472,-2.023566190387879,1.1444634037919033,-0.8166335338196639
0.8003390868085886,-4.491147585433394,-3.4012029159968176,-2.0976427353443916
3.2963201750390714,-3.166422352240708,1.0453346424152823,-2.1287984533900097
0.7451494367869039,-0.2890624479044189,-0.8294688698605951,1.0080847526392536
-1.5140316821633277,0.9096346845067407,-0.3499430501748367,-0.7690851344011596
-0.6885744938565235,1.5518219728368898,-0.40645895405251314,-0.7687107509922066
0.5840909135064508,-1.4653097086243125,-1.6059283843067453,0.11973369080065917
-0.16362201185954042,2.0563950566525135,0.1851398462075328,0.004033545134663655
1.1542223985756437,-0.3390227752325694,-1.2576413230910812,0.5241377296258661
1.6029767233177235,-1.2740419837830705,-1.2975421852629896,1.4296285286539197
-1.192101089819699,1.3098630510770857,-0.2701569702126419,-1.0749705414801702
-0.9653262994257288,1.369208234205494,0.10841971403968077,-0.03422102853596159
1.4732955664449674,0.7042456063254905,-0.5257293330516369,1.6047476082541183
1.7039365494049854,-0.49852754319962067,-0.2225406443096066,0.8400306269451374
0.28401238253179273,-0.16143830780261154,1.8356116774358668,-1.803366143342059
0.5368735847038456,0.7003688471523448,1.771004365077751,-1.6480780934748775
1.028828109511147,0.8779366209077321,-0.5620320598974287,0.9928774326094221
-0.4265996186014531,-1.279368028456152,-1.537788150004033,-0.8278262893151227
-0.32228957942682845,-1.8844840234193903,-1.106783607036459,0.26047158105520174
-5.996327722334148,-2.4504360953922966,1.6522888993736964,1.4443561662507634
-1.0576393786687306,1.2753675880574635,0.1009680789111481,0.0006830166836383068
-0.4272758785699949,1.7235674650108388,-0.0482836075816477,-0.04702122587084622
1.03193726968449,-4.030881324940145,-2.628349706705239,-0.36474968641604655
4.247621771515925,-0.8265988411031562,3.075445861171461,1.0241440327296365
1.0511124265098948,-0.8334758154366299,1.7302281012499896,-0.5350106063568673
2.5178847303191234,-1.3118929448744645,0.982148443379689,0.8008429798571912
-6.1960089694283615,-2.5998031862096087,1.516927275257023,1.195395229192336
-0.027835379373774907,0.598185971723032,-0.2594695339431604,0.8120246819965447
1.050304463488813,1.1896289348217748,-0.00864601469577373,1.6802124714695623
-1.5447878072883676,0.8623603013150101,-0.42907538629972436,-0.8447825713769808
0.7368043934120833,0.12196852812723212,-0.6977893977503771,1.0598195282303289
-1.0168554081061043,-0.5659700329391552,0.062460639212527945,1.1139935352974446
-3.0730747653924135,-0.2759330812608845,-0.09534065276443812,-0.5961880787341279
1.0990908766447027,0.6433044294877347,-0.6816033287624345,0.9882029704442624
1.1047560274307857,1.0422089001866606,-0.9484893943574623,0.11788071831000504
0.844741589527932,1.0790859624865963,-0.04078821123265669,1.5154968167883252
2.594709265124716,0.4471280765165966,1.4664097172188806,1.3889489341856798
-0.493710056082882,1.6997413661250513,-0.29885841460869694,-0.55369681765769
1.3181219275427114,0.03463927978256141,-0.6715516144403615,1.6436164052944675
1.4060098745734149,0.8102103468689694,-0.7502720623258624,0.962939382410105
3.949803038175362,-3.0539997389870965,2.037863077450611,-1.0499309859709802
-3.349745177598866,-0.33632453839546333,1.0301317381178345,0.6494695819948798
3.0956969123524978,-2.418929909443888,0.5795292596543765,-0.07231763102894416
0.13497599328420645,2.235701241687232,-0.29132023578532656,-0.5946253590040655
1.0844807088265835,-1.2571408501836652,-1.1985078764977228,1.0831991169559145
-3.1260888877310893,-0.32132214251024455,-0.08250913398630846,-0.5696524359311038
0.725045757608094,0.3168543479322946,-0.7996617293105962,0.7102965002499783
-1.2664699877728662,1.1516023809670646,0.026703595205255806,-0.2677829237289279
1.2873640638290427,-1.2967026133560802,-1.5703040044308014,0.37400474613361584
-0.12513318529387796,0.9953299225475638,-0.2769466152847919,0.26589425050694826
-0.2131848567882257,1.9638863802380444,-0.8185623834637613,-1.528803832621733
1.7857845418337026,-0.6052602141644569,-0.8848520540690952,2.0463426331134955
-1.4132529615361205,0.9337077674281641,-0.14541968549683984,-0.26526884547957225
0.7540154726694012,1.3981691797736155,-0.2831537779033805,0.8416843224165443
0.9931586209937039,-0.7860224072238593,-1.5373147446455449,0.059821546053641726
0.48753856700856185,-2.897354669632727,1.4625990179238382,0.6077890859869785
2.659560507189055,-0.8019091776878043,3.214535158654544,-1.639977703846924
1.2668464716788475,1.1889508921981689,-0.2752202096269833,1.426955515640071
1.8203589668084716,-2.1803722462163266,-0.03515375978728655,-1.2888467376442845
0.5790355129144386,-2.944096232738729,-2.3021674401882937,-0.6947953732862256
-0.7869547885684146,1.5722025114887193,-0.6139189258818317,-1.395177767687822
0.5604985772674071,0.18452237090273654,-0.9389237673134782,0.38500154600527536
1.620466178878195,0.7969676578526901,3.2943167792950296,-1.4585837261539654
3.300802984768081,-3.3482781390783587,1.8566752469900527,-2.20484329066072
0.5937313209077786,0.565573866757186,-0.6560056015914777,0.7430191317825139
2.1628714825399955,-5.040461602162184,0.03017253160772345,-2.5050784728991218
1.1468807721203595,0.8688097784241141,-0.6777190899863935,0.8834121271318337
-0.21935355390019234,0.792566437885508,1.8524716917343829,-0.8252141138963426
2.4851068195631982,-2.330244102756836,0.07033457014631606,-1.0772069307070935
2.3073829601121667,-0.9259298569880734,-1.0574111302340785,2.2643280898631217
-1.2322723888898983,1.1100125625806798,-0.5338753240096915,-0.9985561388279253
0.5535654769531284,0.08511017295559715,-0.27022714092559397,1.5497404248243016
1.890048131601464,-0.04109799683946534,-0.8505994433786895,1.8125268965958217
1.1754277879365245,-1.8968197678711916,-1.7446376283767113,0.44342109170448973
4.2960132615233775,-2.1301529129436725,2.106454851795046,-0.015962791914052046
1.8631294106752485,-2.4908451273141563,0.3288124616133017,-0.706073585384648
1.742880156443379,-3.3609159059202898,-2.7997326489054277,-0.5424185930463582
1.0808590549814847,0.044565749586058065,-0.760784495764726,0.9996847403391287
1.2309410960510339,0.6070602294482864,-1.055730589879392,0.3035285723772331
0.25781026702410903,0.5980810420550522,-0.4819230246326174,0.5441755595136831
-6.1960089694283615,-2.5998031862096087,1.516927275257023,1.195395229192336
2.0450316485729085,-0.26728615736879474,3.542587936929504,-2.5338278862560473
0.6769448945321046,1.1161976226765864,-0.3906219572603879,0.8116430195553408
-0.6608756109693911,1.603012803444074,-0.32339675189072253,-0.7040786467641155
-1.170207428482796,1.1723960770784814,-0.4780256383199322,-0.9339740877633359
-1.046784495807811,1.3155347062975797,-0.08448995293997777,-0.41168191267596543
1.8604204833638422,-1.4794174591647573,3.216316109050629,-2.9970666995710844
1.094298163554256,-0.5399393384249292,-1.3249254033188,0.4317194017152089
-1.1452480049800389,1.1969446025343375,-0.1521566942082815,-0.4122669756622326
2.990471733272873,-0.0031154457670989387,1.8400771746530897,0.7251034838977944
-0.1923103009594637,-0.2711793806057022,-1.1607972263519726,-0.4611036649948034
-1.220924279068005,1.2491754868416594,0.24103290032444072,-0.10496419237042913
2.692715089792767,-2.622554522550836,1.0627187515179761,-0.7175854515058193
0.49478196468579577,0.6959347869864211,1.847508145119516,-1.4931469407952545
0.1379477602541765,2.2368978463486187,-0.030226251611305783,-0.1533482327894086
-3.806322455100297,-0.64019493185036,0.9891684935011124,0.36182719688555104
1.0470931723559755,-0.6920947923030958,-1.042076756485957,1.1686495688811145
1.0329846679913894,0.9015314317574179,-0.29978690246739026,1.4229101618590245
-0.982588140312758,1.3241200294954758,-0.24650148945893216,-0.5339805344899856
-3.3616278181065957,-0.3744176579666126,0.9921561458389699,0.7049802138313503
-1.090040778371555,1.2238746997533663,-0.46941420894559355,-0.8805729035264845
1.9649168082167032,-0.4719390974024808,0.9072846197616347,-0.17385731953626815
0.9787405669138814,-0.08342231861639075,-0.8284625465091321,1.0760558917866283
-0.5764211251938051,1.7018357268267699,0.022762781763823927,-0.2095700483939468
1.955132659749982,-1.0367139774795093,-1.7871096354794296,0.4807683220754415
-1.2902055265561208,1.1450142681746571,-0.08880695731552743,-0.5131708253440623
-0.24413009280841563,2.050098034644185,0.01756401654057919,-0.45399418703078787
1.944715530382374,0.8247986902965326,1.8587005428033718,0.48655134538948003
0.11054816961016195,2.1938448958276315,0.04381814191060281,0.03185072426927613
-6.1960089694283615,-2.5998031862096087,1.516927275257023,1.195395229192336
-0.13099110425145305,1.1126539600863103,-0.1431267136437601,0.46669064218775846
-0.33796628957612934,0.41700216492075565,-0.8318869286556121,-0.3152811068184948
-0.742662073735758,1.5212593824121616,-0.37222238129920054,-0.7477622795274477
0.10263444807158532,0.8638511354331017,-0.8370181927807266,-0.33304194218388866
2.4748645187722924,-0.4790906624835814,2.0603719848527153,-0.9415753366633722
2.5761854058062044,0.6824462368447589,2.4022852570080064,0.8092305338903375
-0.6001570009006983,1.6330212882715398,-0.17425796294994203,-0.3978114180637705
-3.0253320727418576,-0.23506098520412153,-0.10697670723859604,-0.6202427237443914
0.004350511944409551,2.118915382602765,-0.03498276671900998,-0.14031230844454554
-6.1960089694283615,-2.5998031862096087,1.516927275257023,1.195395229192336
1.0610599705315074,0.18243616764501355,1.650308097984811,0.15193293658936646
-1.2257827664632583,0.5631974278272075,0.11655927208664787,0.19090925955086568
-0.48847791337035273,1.69645844374105,-0.31031493446553166,-0.5528021085291592
-1.3122074983934555,1.1306319092527255,0.027764554141177535,-0.3326748904927445
2.1681257719016034,0.19719171248520312,-0.6832089555114457,2.2528689734890412
0.7555378410602211,-0.5477009828310433,1.8366328731765826,-2.5040203571579194
2.4462373030314044,-2.677816234872782,0.41071429691788736,-0.4862423321255048
-1.0919066647700264,1.26420868969899,-0.5963580273308741,-1.2100867067445573
1.11663618825443,1.5962874225330776,-0.35825383159138946,0.815648856990645
-0.5875965187664214,1.6544203413658625,-0.2293427890331882,-0.5209610049339458
-0.6055119509741496,1.5984693443117306,-0.22755583343178112,-0.407373684518048
3.3792323959650794,-2.502666225187291,1.1783920444754894,-1.283758877081121
-1.1819856350201463,1.210500483038629,-0.4719444176253558,-1.0524498406888714
0.2949676357234089,0.40628190948182996,-0.4078077492897216,0.9439960044357544
2.026949424582533,-2.100200862634666,-2.248578368867397,0.11142155476814751
-0.5650361919338476,1.6205038151365263,-0.1831368219538583,-0.30215305432278877
0.666551282546158,0.39920896028059855,-0.8348728389888126,0.5006596952867038
0.53640882560042,2.566054716599659,-0.3682684672679198,-0.727789812327065
3.314684586756847,-1.2892596995875372,2.390995928951868,0.3755101484301978
2.463587733075878,-2.1360387665178693,0.06305629876638835,-0.7156811226482149
-1.3688036509067976,1.0506681472931942,-0.42423587929389067,-0.9540600428246034
-0.9413206566070241,1.3557735121012324,-0.31592410464245496,-0.6458179087652967
1.2913438498954144,0.6170161605202479,-0.7648493779785879,1.0682974642688827
0.5707237372706356,-2.016249473924524,-1.6683767774399034,0.12371728166711934
0.15409419781379508,1.0299980213102273,-0.44181624358204535,0.30719660316308073
-1.553189884061824,0.8929032056654932,-0.37743132471141555,-0.8575052903376214
-2.766469178300877,0.23773083059043965,0.8487287450338968,0.06969045916472415
0.6211116765899509,0.6767778375301999,-0.5800826984103253,0.8000606386760368
2.6118168656522243,0.2748750151747336,2.9649974114906867,-0.5332128776480273
0.9056463963886268,1.1998665881696893,-0.1790274395662242,1.350319992805357
-4.0150419033691955,-8.790512150682185,-2.025314298023738,-1.8691900911182011
1.7706094674275767,-0.16441283943466986,-0.9601858075999652,1.5669406224464881
1.177621937343564,0.45135905117000147,-0.5945631160621009,1.461331629381536
-1.8871849980196986,0.6322470001700712,-0.26044486396361205,-0.6955937689833819
2.223759925218965,0.13779477766259535,1.483857634262689,0.25851523157433987
-1.3542710319282643,1.0743081993521264,-0.2171628553676205,-0.6329320107391551
-0.43423752735390747,1.7433124563515243,-0.12047143053998827,-0.23727430796557655
0.5739317073893617,-2.242500062673526,-1.9628648391948578,-0.299655456633827
-0.20721503871321537,1.935564196071521,-0.15044760594814596,-0.3038996265038412
-0.3419145440143236,1.8533108781429195,0.17464984152923912,0.1580909437069491
0.492712937003871,0.9274673346741006,-0.551408207111969,0.48234640788851
-0.17393026187393837,1.9663824427265397,-0.2547214901164276,-0.490044152959521
-6.1960089694283615,-2.5998031862096087,1.516927275257023,1.195395229192336
-1.5968550399659287,0.8387572270850426,-0.32917713154310185,-0.726219571019147
4.026720411091517,-0.5657921018138444,2.8023518546633115,1.1050774269441075
-2.6664974892620763,0.1639580878220629,0.6156356412167899,0.18335708028670053
0.593922259656631,1.246037401616189,-0.21882009585281717,0.9995390992288922
-6.1960089694283615,-2.5998031862096087,1.516927275257023,1.195395229192336
-0.024885949802394874,0.39870947109430266,-0.6813440392843351,0.26006172642411696
5.5508622639314895,0.07995115741899218,4.286694127134533,0.5208067376256412
-0.9702239844079349,1.3648442973977128,-0.18570732720290253,-0.5127891930059174
0.8760541128245981,-0.04154172619957491,-1.0800637800356634,0.5228922291859458
-5.996327722334148,-2.4504360953922966,1.6522888993736964,1.4443561662507634
-1.1632939233627688,1.1663967624438456,-0.28965660794345055,-0.5822993691851256
1.3222752776913824,1.5383854033773647,-0.2650763122566371,1.2329349115223847
-1.9974562733957701,0.5613817833392986,-0.09627883256073569,-0.5290781040892101
0.888582467762732,0.19714902518098845,-1.1115416979530266,0.2945517201527541
-6.1960089694283615,-2.5998031862096087,1.516927275257023,1.195395229192336
0.7017702110754256,1.5692367425999203,-0.256786376005265,0.6858960874147786
0.17740905330552872,2.2905448133855324,0.2990568475182542,0.3390755559510249
-0.7417582788147548,1.5998871189426773,0.10134128917076445,-0.20764516886761483
-1.9469267062803273,0.6172393830009354,-0.3559054166217775,-0.9506976027155599
-0.2546952839032198,1.9323791128353953,-0.4509568862767422,-0.909822064675946
-2.754517877178981,-0.0032710655366679185,-0.17409604418360072,-0.7588744399884826
-2.197736439621329,0.4731218927575279,-0.3154629803726641,-1.0505017343443703
0.5506738872929361,-0.41899247840423637,-0.7394751269819034,1.0999630973998282
1.456987736965346,1.012761137314785,-0.4307330210554341,1.4706713111695844
-0.32414056289264087,1.86736729882829,-0.3215818335021207,-0.6851778338896863
-1.243207196834444,1.2318746804832,-0.07516445386637291,-0.5998530592454382
2.069378145793584,-0.9076226076058007,1.6924835122494581,-0.7381439984132315
1.50331907300399,-0.35690255466295234,-0.3221610839988649,0.3191171249248237
3.466048389326112,0.05363628019912552,1.480038189516804,1.4058439861754137
3.484227892060209,0.29933924892660224,1.1943263933686827,1.598302053451963
3.394038503574719,-0.9910364975171514,1.7677000688604945,-0.5026493737520606
0.6373588288378451,0.7838267845267363,-1.1276725788527522,-0.48142864417813086
1.0421913349407879,-4.075995304102127,-2.88678985178017,-0.7834813729138308
1.1815924288066761,1.1268348032010476,-0.7576507883320466,0.5489142947313129
-0.2881876580254011,1.905156899658492,-0.31286443732273855,-0.6760697393858323
-0.9653781325047822,1.4146563983643003,-0.5031259046275567,-1.1763065915178579
-1.4723800486651974,1.093635508396625,-0.502118562948698,-1.4352968306093419
1.6577200169656274,0.09274295443720074,-0.8480293150364798,1.5714168151575
0.10024648107898318,-0.12164994798421777,-0.9214978997965155,0.17316579171889293
-1.503580106898399,0.9431457246432171,-0.2241495205505342,-0.6219964691638603
-0.8930343171156975,1.4655252454742043,-0.379496282253655,-0.9424286786478727
-0.5173180691894046,-3.2163103743505244,-0.9992039331674891,0.5762877741144673
0.12313267926279953,0.5084364788047512,-0.9059528657095939,-0.13485682183256315
-0.1888666881486095,1.9775200944099909,-0.13610108353247338,-0.3602049552412532
0.39061845232630577,1.388212853558981,1.487858404181523,-0.5201808327995938
1.2819456357297967,-3.989569439501137,-3.0919107056958866,-1.2239510564003344
0.19385667808957477,0.27083156600327407,-0.3713658724881105,0.9583164868461863
-0.6587839127340668,1.5980758941636704,-0.417522842323003,-0.8460997337186651
0.40120011228081326,0.43989881998702673,-0.6289396374582504,0.7273904288618002
-1.0312624535845674,1.4313732005295439,0.24041619907927192,-0.16110622004859362
-1.5411915466051294,0.8737486885737697,-0.3087452252667851,-0.662600728729516
1.9029700068032336,1.1220651950747949,-0.36590958635735366,1.9540565103584273
3.148075691719798,-0.6976763739203247,2.091625320175675,0.6835272438565899
0.0006826316135250029,0.6386120643810693,-0.4908658583726869,0.43973326012123265
3.9694715304752957,-1.4357967376256129,2.7068667165605933,0.21184178979531096
3.4848099177177625,-2.314405161217448,1.8464991677431124,-0.3251210404725195
-0.29556091839982473,1.8679378940353395,-0.25614059897258595,-0.4961491507719661
3.1511664506616515,-1.1933470738993022,1.7132416496269591,0.40826265643471427
-0.4103095162334977,1.767452430465209,-0.2904549127196489,-0.5374334529931798
-1.4647913449290952,0.9873450394192789,-0.18943555087753108,-0.6388381308850042
3.5057241843442393,0.07802079853486801,2.1823319926946407,1.4593590752867196
-0.7301409388005674,1.547029963259336,-0.41946691946271036,-0.8697049098176272
1.4428718140599188,0.8212726363111467,2.351754111493494,-0.9324515380261007
0.7047024426724868,-4.34815987546845,-2.911200560090477,-1.0056398208870407
0.719020896021679,0.7111999825847505,-0.9203366149193448,0.1318461054127201
-0.6263586416711642,1.640713749266552,-0.15478653823508096,-0.4653953952991915
1.5167605048939437,1.2467009669505174,-0.31461431318123023,1.5332121298134491
-0.5716104206935417,1.6515857029735088,-0.38232123495833675,-0.7377434733490065
-5.996327722334148,-2.4504360953922966,1.6522888993736964,1.4443561662507634
1.6432153200622415,-0.672311474723693,1.5078400758850738,-0.46128700369377
-0.026250254052424066,2.1173542738339535,-0.2633195381453283,-0.5903300158416425
0.9233540165236593,0.6005553352528186,-0.6638019816809536,0.7436996187643471
0.8413576707549637,2.074626457008856,0.04236493503063723,0.7880773355805373
0.9896329479991248,1.4546446362470085,2.0296655405318638,-0.7784234062019029
-0.24052048685250427,-1.1534397621328139,-0.8114376052872008,0.5386926604449458
-0.5531302322164786,1.707792705978669,-0.16324667535706408,-0.4910375037611828
-1.258081596681243,1.1453978100368092,-0.4524833924942698,-1.0123180740065572
0.9220845302908903,1.3244115178898097,2.1395518957828563,-0.9974701357322928
-0.6894155940117865,1.5776822725948105,-0.43532234449077495,-0.8891606812723319
0.6479429433914528,-0.14512716237392637,-1.1663853202805925,0.24775281795389037
1.3496518563855195,0.5576780130324661,-0.64886767529641,1.3183618749810886
0.6478369678591531,-2.88068300918567,-1.9047669790039086,0.25560355281278974
-2.7601415880912343,0.12642834551966625,0.803427914838384,0.3580708082911775
1.58096831031051,0.33788528572596366,-0.6229847651235477,1.7601796593180052
-1.005998373497515,1.3443114753827214,-0.4790692680068827,-1.0354467405608883
1.7280706727687518,0.041905459398637976,3.383711789259184,-0.6831560438792806
0.44565012968479867,0.5246388885937485,-0.8399448752493651,0.21639045713947672
-1.2555518136810224,1.1475621515781071,-0.4531297960508575,-1.0136511211625563
-0.7700996072946836,1.4581409146965085,-0.11468488761544299,-0.2023631527597851
-1.0823105573625509,1.2149075741788895,-0.3070546412566089,-0.5635898014513677
0.741390743776265,0.28135600408945627,-0.7406508666873749,0.8445868011340377
-1.78746277088803,0.7162468560345687,-0.3577693888483106,-0.8669847181849423
1.7196049302402545,-2.8317255551399634,-2.6143937518567033,-0.6873307129315743
-0.9944270076493998,1.3355807834504188,-0.3329901398879081,-0.7377023907820821
0.5769430305821345,-0.1882284331858331,-1.2273001971545796,-0.0941455101187583
0.24186679588289006,1.540630617204779,-0.02383071429630573,0.7226703173003722
0.9843063029296455,-0.30043621290273737,-0.9862515560000914,1.0279780678698913
-3.090379052389124,-0.1858170715936919,0.33816361840706655,-0.23625583592613772
-0.9834623964985505,1.320261972066273,-0.2503655884396219,-0.5321221455669601
-0.2637277977473965,1.9128173727051059,-0.3947301272436055,-0.7816607438503693
-1.2685159821748495,1.077263858263666,-0.009256017141564453,-0.11404794486033783
-6.1960089694283615,-2.5998031862096087,1.516927275257023,1.195395229192336
0.6840123388192638,1.2284847986041572,-0.16764662454675255,1.0768379358478488
0.8631842086560135,0.8323958286330643,-0.5514886091082006,0.8992416814531193
-2.5109485056441443,0.215523985402932,-0.39168620754737365,-1.185154962831805
-0.8316978964265143,1.5179979767632763,-0.3952399050743998,-0.9748886541543863
-0.4746615925125964,1.7199383274055486,-0.03573481982393969,-0.13135246954696736
2.69172230775955,-0.5418151736706885,2.0243451840525744,0.40347060062685886
1.404983474087258,1.0449409048708023,-0.48523265176423647,1.1467046632887683
0.0990474553100118,2.198699057903136,-0.27894307144857805,-0.5534299511167498
1.2636164344937004,0.053956715173309085,0.28971264218225246,1.0089769483923285
1.0509344046634554,-1.6265635205846176,-1.873266708801004,-0.04884696359823414
-2.3398177233744595,0.3998658578360525,0.377286897230136,-0.0786882563734536
-1.0819999670401805,1.234718107992061,-0.4211953069566566,-0.8099206521742885
0.5188736736270325,0.763645953733895,-0.7137413504473873,0.3607409629247116
-2.0894958020124514,0.5132255456721638,-0.5815356057383069,-1.377997186312847
0.054791503427984334,2.156929663927215,-0.10541896446673513,-0.2446417269007761
0.9164512506569161,-3.4119908201584477,-2.296948035163308,-0.15931390838754142
-0.5893687650055062,1.7260061653542247,-0.3465533356098522,-0.9163837724100653
-1.8020932568830956,0.7316678922921912,0.19796454303337657,-0.0642600769994021
1.7435841203402513,-1.638957935262524,-1.9374493480605415,0.16322290099306064
0.933319673099685,0.2522272196344251,1.4334573006754712,-0.6227174333071476
-1.493108920756122,0.9681004293175857,-0.43253328112457906,-1.021213067274289
3.5617592659759407,-0.2834250695220008,3.251573988513605,0.2527120888306529
-2.6426220107101797,0.3710850737782183,0.9043601751048138,0.04885969366236973
1.8272771817449551,0.4253743270744698,-0.7453017409228799,1.6323656975975662
1.1413243628160368,1.2531657400793037,-0.6564523454756512,0.5066593734072723
-0.7377503246209043,1.5821394453086948,0.16020963849864206,-0.028003845860540152
3.5078585924014525,-3.5011955263340493,0.9860453363583093,-2.0658260867063065
1.7781757665031679,-1.4357331128035282,-1.9187741469770132,0.1633636253551498
-6.1960089694283615,-2.5998031862096087,1.516927275257023,1.195395229192336
-0.7473275717651573,1.5338979561037562,-0.08718012016768237,-0.3083262342846154
1.6411758861648287,1.5191882284113418,2.890793408176987,-0.8400225660354755
-1.146597950120851,1.2114056912340303,-0.4081756962208792,-0.867795556994332
1.360366761639888,0.6103250867125334,-0.42297133124330205,1.7015168857158274
0.23254783930354933,0.14684489364728445,-0.8454931868033612,0.3494536286743266
-0.8584058324832418,1.4105452128890088,-0.15933795998863995,-0.344556953129932
-0.4208069367087912,1.7795803998981412,-0.09699221847251385,-0.27406694937112314
1.7791368467847557,1.0614667339638986,-0.4015283226080723,1.7915935059480759
0.8552741200767887,0.27665917471662704,-0.8823685008235813,0.6522467429657557
-0.7145241059083772,1.6715323524692778,-0.672576575914079,-1.6035704527531311
1.4037328487194562,-0.2127449390403336,-0.9066454684293569,1.199590142290086
-1.1188010715207,1.2346091903689491,-0.24176478373792568,-0.6156888125075451
0.09381208880798653,2.195202950930699,-0.27632727977977206,-0.5511421468473711
-0.5335314316380773,1.713454252231691,-0.5942433073589247,-1.1805507212722788
-2.839219313951386,-0.07575907671864426,-0.152931638741672,-0.7151786875219761
0.738696329276797,1.352130115046391,-0.5917995596675546,0.27657987863785005
2.7744265737619336,-2.798587705905738,1.0243552301266186,-0.3854327139017303
-0.1235588156130152,2.114239105544896,-0.9061780865388741,-1.8865952394272236
-0.40988409292181577,1.8088171279777192,-0.4536541663497458,-0.9247118112777349
-1.3878785832020966,1.0175832558287716,-0.38176755525663025,-0.834757626341952
1.7228680501958327,0.0038233166257884894,-0.9148841018155661,1.574881969495341
0.7050748597582134,0.5960840040886597,-0.9173816181541637,0.19708516490901598
0.43150309536922454,0.49738189243750625,-0.9377287015537362,0.020962468949122137
0.43662885920837896,1.0362163948179843,-0.3984696194854095,0.6288066643579211
-1.1637055478326006,1.2371194919635484,-0.2075652029346872,-0.6667811584678464
-6.079202927781012,-2.51242903923967,1.5961087494019897,1.3410280415159161
-1.4157188531495932,1.001585789991815,0.102495313498195,-0.08033281706528843
1.074903586406552,0.5002759362712367,2.6659089230783968,-1.8500172523343432
-6.1960089694283615,-2.5998031862096087,1.516927275257023,1.195395229192336
2.0320466394294887,-0.5592228757067857,-1.2773935060714814,1.3432243780158042
1.360062533217652,-0.287101484663431,-1.0340303063234189,1.1019946535388847
-6.1960089694283615,-2.5998031862096087,1.516927275257023,1.195395229192336
3.123047452536786,0.20788039357255367,2.9419633858862957,0.35332247479158924
1.4245969297549306,-1.7417050921637622,-1.4658729698240152,1.1045540843825632
3.299647776746035,0.9791638877177243,1.932395907686885,1.5611868451092588
0.8738734037834006,0.4265973333830558,0.9541906601041906,-0.8922893096242654
0.7595141515064567,-0.15922113032722388,-0.6092398145934617,1.3079450629025786
1.110247636265985,0.8662462954226817,-0.3640512420465807,1.4679577076739594
4.160178025271052,-2.0046994095026607,3.2295794393733854,-0.9184408181560555
0.6532992861937208,-3.2997046388009896,-1.757648530766403,0.5591108323098064
-1.6850390821718677,0.9538623722879811,0.00700434336154724,-0.7722840820033925
-0.17889252303771366,1.9705349418022067,-0.15344061910641152,-0.34041705181941345
4.065133193427213,-0.213771022086425,2.708590729756706,1.4057745980451968
-2.2982485176221843,0.2343592806172924,-0.11812525689117065,-0.29637241811370235
1.4151587915417794,-1.712100068228738,-1.8960441914166792,0.2218732710758699
-0.08230211121649757,2.105580013271474,-0.30817852046398014,-0.7676268002641322
-6.1960089694283615,-2.5998031862096087,1.516927275257023,1.195395229192336
-0.42056063425632334,1.7785409050038008,-0.3342341903725839,-0.6640608470269531
0.7368603254187249,-0.9308806191628646,-0.9363508456318967,1.1358220245908761
3.44249318845219,-1.3377109123941653,3.0937182630579447,-0.590847740222339
1.3198594642662689,0.19668059925036768,3.1852527255592302,-1.8483486052390532
-6.1960089694283615,-2.5998031862096087,1.516927275257023,1.195395229192336
2.1647566519962447,0.5444497096626687,-0.5657292485549357,2.290924584272368
-2.1961303290577177,0.5387956530209577,0.37740247883552436,-0.16953868014777365
-0.45230172588121503,1.7304061044351406,-0.08764694421032951,-0.19501835608581217
-0.6057427931117345,1.6709077264823622,-0.5055447613902934,-1.0746710249006264
3.3222906319934853,-4.030952474156142,1.8423314702639508,-2.456881533421786
0.5751757914776612,0.7272533394374409,-0.65111596009468,0.4860077941594687
1.7435727502054694,-0.02572217973930415,-1.0995551995831216,1.153010667166302
0.2935659239890481,0.7654885152182456,-0.249524977017023,1.0251538909143
1.1431592879885804,0.3064352684776629,-0.9567074521237517,0.517481671818043
-1.0091558330693917,1.2826846685532443,-0.21722921025182776,-0.431827005487603
-0.04989388898854825,2.060023774296351,-0.2037116203299331,-0.38170555653675997
-1.9884521313925905,0.5442486331481475,-0.30733862805336737,-0.7628881572769262
2.5748279782515877,0.8212342704285865,1.5675789702032457,1.0223375590551516
-4.071585255185788,-1.119445730991664,0.011919772850677447,-0.35331725645717
0.8834956181162521,0.3167766460575754,-0.6351555020603686,1.179533817802443
-0.6951398480648214,1.5455562476648794,-0.3039109220450213,-0.5922604763498925
1.9932966824766714,0.1333968448273418,2.226858950033444,-1.2303856147800065
-1.0371403017410463,1.33725242339284,-0.28356945026239627,-0.7900179272443681
0.6909261717882544,-1.0637598490661657,-1.3895428090465782,0.3060870643093348
-1.8010672021120786,0.7046056543631681,-0.3543365165866064,-0.8599007969221494
-0.7680780928421498,1.5555802437333106,-0.2010550779793329,-0.6266907536834199
3.455094364747548,-0.8011337437582259,1.7030721644161706,1.2715517861405594
2.758588592480162,0.23574227927406466,2.699089347483148,0.4607586188039576
-0.42057007850264705,1.789402751655001,-0.2646391851189905,-0.5751613945965657
-0.705226402362514,-0.18363570260807854,1.9154215704587807,-1.0402305212283474
-0.5916825456271099,-5.130162912825855,-2.3828985781456877,-0.8860243911717264
2.256844090869911,0.5773664587146983,-0.6078324221474006,2.246491982959422
-1.4006398456303715,1.0472115846413854,-0.4561658936348924,-1.0699489417832626
-1.6552612603023846,0.8306915418254645,0.028972595052680374,-0.2544815122486725
2.9061461295970945,0.27576516174809235,2.2753636283988974,1.0188761379342144
2.1112014897793587,1.6907812370939304,-0.08634166076669818,2.119321560406565
2.1974780357324826,0.9108437694737439,1.9307241723032857,0.6979167423250804
0.5505663302310134,-1.062733634742053,-1.1211936306266042,0.8118066955054788
3.6983909249784954,-0.5556444774150434,2.6811266300478107,1.0880304731047816
3.1577638244994666,-1.2243465705539027,2.459175134035189,0.16736301015112293
-2.0506201185487165,0.5047169718338991,-0.47553119901130253,-1.082669012857036
3.3562894902803504,-0.09590933399516127,2.2772124288843565,1.1606085851617496
-2.170466633083936,0.4041241875343829,-0.023966223002544657,-0.3557854161714787
-0.22476022157302344,1.9403744070462166,0.12562269707746623,0.09462540306525966
1.416568166968583,-1.9691284824226836,-1.6649180809247581,0.5042200045434682
-2.6276235315754346,0.14726858462285136,0.13878950707547605,-0.4488467113751996
-0.4684463747666609,1.7577133170019628,-0.21657714109885676,-0.5375460126357616
0.7715910290881317,0.9846740755405913,-0.819717251538584,0.2104181659449652
3.1634136183651083,-0.7875106809097477,1.8398908067445015,0.040461501047116516
-0.7135088671946428,1.5342042088468832,-0.31649894738317313,-0.6236293924255677
0.09080168660937493,2.1710179284415094,-0.12932101612483302,-0.2436776015571855
-0.40737923203677584,-7.492855741218323,-1.740968409124292,-4.902071374532249
-0.5752126859971195,1.6436051469669726,-0.29823810159665715,-0.5815396999944064
0.8678024221199255,0.7990681132628564,-0.36374120832314444,1.3365178676550507
0.47287758034526495,-1.1701782202664948,-1.0112849268868205,0.7723152323569022
-0.21150457336163095,1.9884225161942684,-0.0568567260812158,-0.31850891616758176
-1.1847274590249874,1.2039713286596112,-0.4170435889854875,-0.9472614360697295
1.2705594737430421,0.4829417265901965,1.412013235493337,-0.350514517366005
3.212787700104845,-0.8479443993890773,0.84465645298901,1.0937545186350426
0.5330272371190056,-0.26616453731993045,-0.8450079743444474,0.7490634332214804
1.2961099334561226,1.3687960888679473,2.596598279969749,-1.0673113439641888
-1.2839643669873435,1.084186510425171,-0.567626161239285,-1.1011860311937702
-0.7838256658011459,1.4625813491797746,-0.22944333447642531,-0.4387403381762235
2.30077380877374,-1.092075949685136,1.2720863789145502,-0.004568187844189838
-6.1960089694283615,-2.5998031862096087,1.516927275257023,1.195395229192336
4.754683989100601,0.09611165877363106,2.4766092257493098,2.368769892784423
0.7102103823501716,-1.5466516769071461,-1.5002130194169263,0.3436839989061574
-2.227425230837033,0.33969473558170354,-0.24847273847828202,-0.6412649929640152
1.223154169356122,0.7843856600607517,2.8922244006531934,-1.4441401844087325
1.0892496564961285,0.32289032187982936,-0.6443955645872208,1.337223416912305
0.8761244041399942,0.1793466808950951,-0.9443951362777696,0.5041120294291089
-0.9659481031286892,1.3560143531689623,-0.4220004384983777,-0.8811268154461002
-6.1960089694283615,-2.5998031862096087,1.516927275257023,1.195395229192336
-6.1960089694283615,-2.5998031862096087,1.516927275257023,1.195395229192336
-0.2742664416158817,1.376401080208085,0.08330520513179467,0.5828005813882119
-6.079202927781011,-2.5124290392396698,1.5961087494019894,1.3410280415159161
-1.9680952343658502,0.5991271697670225,-0.3505309705106732,-0.9396105772310283
0.8484148370833458,0.4765852477624291,-0.8902023763517353,0.5002023677055217
0.4757800169865848,-0.34870583631623414,-1.1749277177519006,0.02787686889006782
-1.5021694496378426,0.9365590359476812,-0.39034745322136305,-0.8841540513328013
0.4923394619544774,1.5960222062656726,-0.3770046851352508,0.21179508655931706
-1.6429590823962044,0.816088208496137,-0.3547841893570011,-0.8107711791149392
-0.9147844219622868,1.370606643916314,-0.47302359091877794,-0.8941276758652014
0.40094073355415033,1.388420026603746,-0.6696967785710547,-0.3948673479947908
1.4617345715980865,-0.7905204914577983,-1.3027662744193942,1.000062036259232
0.7889826864202761,-3.457145810258929,-2.4905341931820746,-0.5444057670949886
0.6072159811279014,1.2818522098031597,-0.6142883783585102,0.20087733427428223
2.0958306140329945,1.0286758107998129,-0.38720730949914517,2.1817421554399066
-0.5583019695460651,1.6621735982786334,-0.2777980354131178,-0.5594373559580904
2.89678640673644,0.32881250518175054,1.5041000325626959,1.1781811483998208
0.645222695697982,1.0790282911965285,-0.755825611392289,0.1272332187337512
-0.4072570695245101,1.8011708017843453,-0.24133941520563476,-0.5527738204759388
0.0880252739027999,2.206553163827827,-0.03970573627156156,-0.1932595261915304
0.4449916396503494,-0.04005874084934022,-0.8260850313891459,0.6303838017448233
2.530786790901213,0.523181694034865,3.3686098296939146,-0.5392202799578352
2.3802396157724734,-0.8450282025162266,2.038727940189539,-0.07051627123608388
0.7599176692300599,-0.056699939012136116,-0.8595950031249678,0.9106624353851935
-0.2580639802766495,1.9002825545250228,-0.1837933242910347,-0.3875957325102579
1.1321740259198072,0.2982430375435237,-0.46584222180970536,1.5172817426899614
-1.0098375057702789,1.3284141942464696,-0.44303672521388043,-0.9396964317307676
2.647258329488583,0.10806911994114253,1.654155352854216,0.11412130353478776
2.0403810393524484,0.032729897665015606,-1.049120922107486,1.4589084372237602
0.9263178875281943,0.29707189093667563,-0.9009518747906625,0.6135666912384524
1.8921164028351787,-0.596010463836725,-1.1520384081769788,1.545024720483323
-0.40601151669627994,1.8058708138241166,-0.6033175056431337,-1.162796257890579
0.23945587182462466,2.306054577290671,0.04087849247973226,0.006307864115180986
4.4868364637762355,-1.1685393812854803,2.8723051412395866,1.0741054515271444
-0.3971086059294207,1.7715741071802065,-0.16714368073073363,-0.3104073547683462
0.09298527668535249,-0.4988837371559131,-1.0095396729683346,0.10877001125948772
0.7642004746944199,1.2667309209523698,-0.4041773256871461,0.7640748670106975
-0.38400529359461383,1.8727250118514074,-0.4484693269201195,-1.0641870193057812
1.2986697475369273,-0.6006756896564994,-1.4460551142518498,0.39968552196939877
1.1960648592363183,1.9430735894267515,1.7137813860229394,-0.7458418153434576
0.8693277594744706,0.969377279081275,-0.8451082105124168,0.2533687646565964
-0.1622229679487003,0.11055531584814754,1.6544099130792431,-1.3935674966483387
1.00389215194119,1.5006946813024074,-0.42622363993314744,0.6621611335923896
-0.6520493862673005,1.649295374501277,0.02882400087841677,-0.24984512910764042
0.6990913507847175,1.2482762207456755,-0.5471727506211196,0.44134417887292265
1.6838427700726086,0.3480840433788295,-0.8042350831126007,1.527908138058281
-1.0531226570808458,1.3103323644119707,0.13513177530579787,-0.05064652774961775
-0.2713269876008146,1.9430079612159514,0.32672274747046737,0.3089445400868432
-0.7406063840664676,1.512839573050316,-0.1388244806911166,-0.3246917623209054
-0.8733575265896001,1.4267066336210212,-0.10867510065260094,-0.34958967685637515
1.2811270574460265,0.11641766476306742,-0.7465101584522382,1.416517862567902
-6.1960089694283615,-2.5998031862096087,1.516927275257023,1.195395229192336
2.641878351901649,-2.460078155568054,-2.664168784432658,-0.21666807644258557
-0.4112156406519508,1.7987053959753714,-0.20222955935354628,-0.4736650971822517
-0.9293111471940244,1.361558487474936,-0.3248394824823268,-0.6500148507828235
3.2128288458487035,-0.6142144791838918,0.7262988776032109,1.7845901212613167
2.694321661078416,-2.9652819019568426,0.4729694511586162,-1.7777963398978944
-0.34177621336831926,0.863852609409426,-0.49002237672809784,-0.02626621654050093
1.4577990533091623,0.7756665031818546,3.39838478815684,-1.3647603550225826
3.0265774167436645,-0.4744425044438291,1.4297875972932543,0.8683572451074735
2.552082526783658,-1.736388462437069,2.0256063384068512,-1.483753974901232
2.0037254917135776,1.3287225003355199,-0.4271126560096742,1.7610153617038546
-0.08713705245334218,2.0439415011762048,-0.37301607208467885,-0.707696937755345
0.9304548873637584,0.4627918051680649,-0.9058590976058513,0.5157304933592674
-0.5995935242252163,1.6156479996713928,-0.2542703432434445,-0.5012818011175542
1.337015031023969,0.32812975658928933,-0.928870875655028,0.9059658431990422
2.4392106653341368,-1.3087670709053856,0.844776605032763,-0.8115285254848944
2.3505505979686463,-0.8806356703843846,-1.629003776586685,1.0789177535481251
-1.8311433295993191,0.6534374193934195,-0.467432241092187,-0.9820415187057444
0.37884327471384943,-4.47274916998718,-2.405590133004895,-0.40481466666586935
0.6841243587761496,1.3027625567731258,-0.5124850397818587,0.3962478910572157
-0.3107662341771582,1.8623743113120899,-0.3754170309097374,-0.7170681683332274
-0.744214568731851,1.5178478188345526,-0.26074725465888565,-0.572606391670502
2.1320360326977474,-0.5113971122109815,-1.1612018754339712,1.6861047054428107
3.2967282564847467,-0.831812717171058,2.8920960729549727,0.4492880215627779
-0.04978444810512898,2.052150673305636,0.011014688753345582,0.003386794121351302
1.5469334546654039,1.4790567759983457,1.6729522903649383,-0.8196804567751446
-1.2250905884240406,1.1504022963485099,-0.3877934504286124,-0.8675554542264615
-1.2692799815455558,1.1333787448158386,-0.34185973234769,-0.8161566627436472
-0.5871814448081026,1.611417264845701,-0.2517966368624395,-0.44283286423476287
-1.027573266607223,1.2713272157022524,-0.06913431299401332,-0.2043823595721376
2.3922695892670243,-1.5159800215096557,0.3118338067304307,-0.19551433775279575
1.0509772891841094,-0.7328171253783052,-1.3483949083370794,0.5509198266683014
0.40654475983592137,1.0852668584112921,-0.5216131009922139,0.42619647220044604
-1.1350523818855303,1.2516488326374118,-0.2322944869265842,-0.6613277584899764
-0.07406720165725571,2.06484444758337,-0.2509725495986343,-0.5280132404077628
-0.7100371050260689,1.555232941037888,-0.14838465372087514,-0.40133534333023
-0.30819637262939265,1.88921620793863,-0.07780986741379145,-0.28697259229724287
-0.9201384212307103,1.401412765884297,0.004250967553858655,-0.1861073949054964
-0.34473242491654915,1.8433357177266205,-0.016590234636767637,-0.1391257871398107
3.3922450271015405,-0.07125821716145907,1.72788743600436,1.2023429583897327
-0.9987892907508353,1.3145088305030657,-0.24720750034626907,-0.5698566096375117
1.1421688294023484,0.27088203592135984,-0.6994811159826441,1.3132882875665153
-1.487673589331458,1.0495301515170428,0.313213378652653,-0.03710295611084196
-2.435225696486718,0.19936561519423157,-0.23355919348953172,-0.6981385539106846
-2.9420755762303394,-0.1637932455254725,-0.1274281371197906,-0.6625036549071063
2.2426661522339044,0.5583865190871571,-0.4489988872906372,2.5785061403756204
-0.9566177178508963,-1.3450034581780024,-1.2118751952368116,-0.6334903995397724
-1.8444975565240558,0.6513535649146329,-0.13967397659374434,-0.4475143967465348
2.8482329051867543,1.172146420913356,1.9663640072356972,1.0723565386346583
1.5771492064413424,-0.7180503456636739,-1.2815456931045517,1.0317452010338575
3.656653123837293,-1.0125763231955323,2.8224509170071777,0.20123389217287593
1.6949790427129678,0.11039359530945429,-0.9002833179526394,1.3746796056794235
-0.0858566577085907,2.0539862142508194,-0.2253647504548262,-0.4814107783157575
-0.5160363605519317,1.7675036702420632,-0.12984460237054077,-0.5373196403187457
0.11682394879039897,0.0666817563282568,-0.8461224611271602,0.12372317585784681
-0.3925656217788113,1.813348616115715,0.1358485608998926,0.08758196449784539
1.3912538702268074,0.8638521525885996,-0.2786191232564608,1.9410936438982085
0.15654449934351142,2.200243501190912,0.1823276600975766,0.3480708817779739
-1.3828124487622675,1.0724233577462947,0.14081790947218703,-0.12709763048354986
-0.9172017268479892,1.578816042903935,-0.8038549786282664,-2.0346407034470535
-0.878416278212911,1.4221398024992804,-0.15631583550597092,-0.423168184066509
0.23795304770232784,-0.19845703881035906,-0.8416408694788441,0.5972622856110521
0.7530296682346634,1.1221726529558438,-0.588545536977379,0.4038438387575863
-6.1960089694283615,-2.5998031862096087,1.516927275257023,1.195395229192336
-0.044457138239942885,2.0804076612821345,-0.045548725351505746,-0.16187748644998043
-3.071648910704735,-0.2464059074914314,0.42354124447195113,0.09332648491913456
1.3468052764220644,0.7189680586577839,-0.4362466539447805,1.5952546266689722
-3.7473995644431364,-9.006106660287891,-2.0791050631484027,-1.4950393746578508
3.5863081357061715,-0.6005234294449611,2.762720996130623,0.8702740181584361
0.5065729110690529,0.4445476570597883,-0.9741098611414682,0.02896138667122666
-1.2218827238026477,1.1498624676555813,-0.30002485118211025,-0.6846363464929421
4.209298375171794,-0.11561488140411116,3.9594415099976197,0.750527268106813
-2.0400259145319435,0.5878004252520391,0.17595470148886652,-0.2010033729695668
-1.8441987101689847,0.7508014589963449,0.20726378309121074,-0.2230519087341041
0.18448095048249,2.2866656001847505,-0.0751380830904074,-0.2625430918396801
-0.09711741737736086,1.5148834183326265,-0.1366959887533674,0.13952162665542428
-2.7292999582684683,0.018309457548708028,-0.1804215741126041,-0.77193147735993
0.6066626126981044,-4.545701787634973,-3.0528666351293157,-1.3327717052595218
0.05102809585822282,2.1427422755922954,0.11203470015787066,0.15339686736166513
2.4300719119901846,-1.2929492545701853,0.9264787451308173,0.3650609371788328
1.6166670541344295,0.37728893303074695,2.535034960068314,-2.2018293072733743
-0.658550036417645,1.5713303982335691,-0.3678272505156189,-0.689290880911354
0.6210340717757046,1.013868663729743,-0.47177476576768185,0.6836393046465883
0.7736967396501706,1.3100093943800801,-0.5077964965814882,0.5374828826464904
1.0444724555052316,-0.45365694804558293,-0.9518494393810045,1.0889019573579344
1.6144962331033648,0.6322727546930789,-0.5318935999031686,1.812857736974118
1.4418054401010834,-1.1797689499604744,-1.5075441023708147,0.8184009431657241
2.0376441763327193,0.28779458144928655,-0.6201671368911779,2.2041800900757083
1.024123740994872,-2.184873662531075,-2.125412078536283,-0.3131806795959425
-0.7991825849061387,1.4815502549021549,-0.09737045989996815,-0.3276076845531986
-1.0515236873926475,1.2920898689484401,-0.20417960324669363,-0.5528540557222641
2.147294274035421,-1.1796138771593505,1.4489836066595434,0.29462664034102215
0.4401527576585715,1.011465550560653,-0.40308475287618845,0.7287885705200203
1.007076253685764,0.3528041333825163,-1.085256189456239,0.3099838361345287
-1.4213554661501882,1.2713768220368666,0.023630767701751234,-1.0488885290629069
-2.093903070354475,0.4762634307941088,-0.12253704286775835,-0.498489837570372
-0.2052813409146601,1.960392966898529,-0.2884962143762499,-0.6003234373102658
-1.2132185127251796,1.270378105671928,-0.42298697851579,-1.20008789426864
-0.276710338267095,2.0305821822481787,-0.09674532906746389,-0.6827094522549625
1.044433068288115,1.6839226949684285,-0.33295523216326445,0.7091305396620609
2.3274284133763254,-6.06237526761111,-0.7156767449869652,-3.2735126202666174
0.36635120776411784,1.17296902075225,1.0993951741022665,-1.3138136923548414
-1.1009338024906916,1.3156920542894315,0.24772314878766474,0.013362887189386344
-1.9190170999665923,0.6173118144123977,-0.5091014615921994,-1.1519052076889684
-0.1646895817260103,1.9721703565311897,-0.06753421704659004,-0.16799428310700895
0.09554787799364367,2.204114692584327,0.09049645814902292,0.035607239664820385
-0.2324966794047818,1.9575738931033624,-0.05076723536767571,-0.2648453389321292
0.6026382873463764,0.6766227016009587,-0.22334387670654657,1.3956273954683047
-1.9219904750227013,0.6011271419009451,-0.32394083255438405,-0.7971653373284937
1.9516711783638454,-1.0396243688355564,2.9759865432035126,-2.9925907051413696
0.21258629250763664,2.2783530914560495,0.039839837216526806,0.023029480366098157
0.6140707759741999,-0.41925730478827977,-1.1987410566555388,0.13826356977444268
2.6345678213916517,0.47998851890097993,1.4313924425865339,1.2363053807464468
0.3836758021424462,1.0367345865387327,-0.2901587492210657,0.8555878080361413
1.1998846690358518,0.9898680529945475,-0.8154692240306425,0.5474171764029181
2.7119625394022213,-2.276626288016871,0.5211355369078915,0.382593687934095
-2.874171960189521,-0.09517759986008259,-0.2977507299172271,-0.9915525980154974
-6.079202927781011,-2.5124290392396698,1.5961087494019894,1.3410280415159161
2.909807691900823,0.670567723905621,2.036391028503235,1.3075213791238554
1.6094111268201967,0.9975157976306953,-0.25315994486727816,1.9656872205083344
2.1386704380385093,-0.016142753629513482,-1.254792458715736,1.1389550926923948
0.9877764614970609,-1.9419929660621305,-1.7371865837902924,0.41794642858774433
-1.4823223563036845,1.0127518765988712,-0.13237516734789764,-0.6488604800754737
0.8771890028866594,0.3977943656031879,-0.5731981347552086,1.2263352296743728
-6.1960089694283615,-2.5998031862096087,1.516927275257023,1.195395229192336
-0.33271146694908493,1.8250295611280039,-0.11831465196375546,-0.23726610014181823
-2.9420755762303394,-0.1637932455254725,-0.1274281371197906,-0.6625036549071063
-2.0756558220462744,0.5070927391144212,-0.32329708265637774,-0.8834216346783906
-1.8006449795091928,0.7269143625846863,-0.06921066532565398,-0.4759675782092253
3.971115571171364,-1.923024855859579,1.937986516974813,-0.1599494156926083
3.067997126506263,-1.9794495047562488,0.7663453800865783,0.3747265938924861
0.602352926928636,-0.14182525614699498,-0.6452687534487541,1.0957420276160261
0.971348997351161,1.8265316857572513,-0.15083043342363328,0.8439491908898379
0.6763236570390512,0.6527793923572819,2.2540490605361363,-1.3460558857089204
-1.6067511838633928,0.8902019198573698,0.04182201940150134,-0.2557404422790574
1.0513541000588298,0.16144284281568194,-0.8873641907778622,0.9300966772575666
1.2340821714448458,0.37164450394085996,1.1708746531918968,-0.2912092310872097
0.16780794928397383,1.386669421649947,0.2706275264152986,1.1756075030173938
3.5528266008717995,-2.3770675439910858,2.6991785567752875,-0.6819025546894331
1.0785812562861745,-0.4598168464578049,-1.071937158779519,0.8813369771825562
0.3640094176934654,-1.6417803237123527,-1.4954659640366852,-0.08635377688459843
-0.14750107935119042,2.0018152338881685,-0.19760749881572418,-0.4300939300670443
-0.2881891409767754,-1.2886936832591926,-1.4894747467288971,-0.67064717684239
2.928839293503877,-1.6319474203850404,2.1489765102810012,-0.005756244243370673
1.146578444277603,1.1467010312807404,-0.16837685263874644,1.5669276525486682
-3.2014293859559437,-0.2808489678093012,0.3660339810721658,-0.17872795586351262
-0.9606683468996988,1.4097159172258136,-0.031444409768832136,-0.3751606990853279
1.4264072962089547,1.3369633845636981,-0.19205312366932356,1.679090154740742
1.3528020226346726,-0.8726317432736729,-1.3957132807413393,0.7588461251839572
0.8963378107885803,0.9419134843715814,1.7498478423091224,-1.9082265116671497
1.344791276665677,0.44193721286715526,-0.5311042106364441,1.7230244789795532
-1.6766462681557277,0.8633908974853105,0.17111438891338154,-0.1711564286349743
2.1283350473125724,0.22885007063767004,-1.1316223485569277,1.283916887526656
-0.9333778915366189,1.4064388889242116,-0.49768176961531535,-1.0738245547924632
3.1689170641809947,0.07509246905956586,1.8918511164486387,1.4730482345276381
-0.7235690079477822,1.5271822914697415,-0.04367137977994858,-0.18902448707792632
1.3755615738900413,0.8356947078929319,-0.21666768099559364,2.0287245921323853
-0.17971818799996728,1.9931085264034902,0.009639565086006087,-0.15164285209370007
0.4113182102764776,1.0077562515486322,1.4413288389483248,-1.3615225403616855
-0.7494399266565493,1.546968481818438,0.15460823332239546,0.02281404710712205
1.717387727685822,1.2423922486942163,-0.22483223020762927,1.9692702854512294
-1.2544584457850356,1.1722713720756996,-0.49362309125563114,-1.1471842508079393
1.266197713022984,-4.6671640734578625,-3.443237054790522,-1.5941424714081753
0.28716120931575256,0.5839171461422775,1.4969215664361906,-1.5003400558003033
-6.1960089694283615,-2.5998031862096087,1.516927275257023,1.195395229192336
0.4967951726571319,0.5652179971423333,-0.6017701196284523,0.6849640052846975
1.4409276619937432,-0.4346729387680441,-1.1424657677477885,1.1480721961542664
-1.1554013681759807,1.18578921398909,-0.344277372367706,-0.7096837282884462
2.409257280718085,0.42353202805398527,0.3244260124177033,1.8348668114936164
-6.1960089694283615,-2.5998031862096087,1.516927275257023,1.195395229192336
-2.839219313951386,-0.07575907671864426,-0.152931638741672,-0.7151786875219761
-0.1353792186393376,2.0067055150512236,-0.30906919141816774,-0.6055335481935651
0.19357018417630587,0.9465820296530879,-0.5311674098167165,0.23582025451555957
0.5875383092432672,-0.09284890808394365,-0.8510386881028484,0.760573775023171
-1.4982339181424678,-6.828224919628812,-0.4098898583645504,-3.538959568921957
2.1454143435144064,-0.0353976301682792,1.2780699237182405,0.44931214335747494
1.1583151464275208,0.36271959781154456,-0.41620516233354254,1.7102708338685597
-6.1960089694283615,-2.5998031862096087,1.516927275257023,1.195395229192336
0.1361961113445258,2.234352551744678,-0.049623533085396375,-0.18982380794773276
-0.010434807308399076,2.1287496073298824,0.14584136816838647,0.09862325021768373
1.1832059695267148,-0.3736236209696703,-1.020023913706985,1.0646461287362352
4.9202708089104465,-1.5547043939655578,3.7123965108944654,0.19323993742752602
-6.1960089694283615,-2.5998031862096087,1.516927275257023,1.195395229192336
0.864962017934217,-0.043644860411535764,-0.8565492183380353,0.9127822308984889
-0.2109712879953962,1.4471660935267359,-0.06988876976849251,0.07571667131602904
-0.03929599518020671,2.088633033406144,0.07694648195537397,0.027906365258899155
-0.6233647084151054,1.635410662886328,-0.38697537142634203,-0.8163861220544593
-0.6171989580424735,1.6405417959098327,-0.20689261959878316,-0.5108422099300118
0.1037443236893556,2.2048800546333664,-0.13958175932984504,-0.32341871791255833
-0.41714400716479355,1.8300728104596664,0.04785593888312264,-0.1742422606275407
2.7552138962543378,1.3351253774818612,-0.11551947193753459,2.9717757063368415
-0.16366586522915247,-1.0095656131221158,1.8377692814619113,-1.7737645127051471
1.5207095387689256,1.1820565104242229,1.2314539994605749,0.06807303724839224
2.948537141605169,-0.06356893772972058,2.3506163074362365,0.9261527922597068
-1.7823417332792104,0.7517333398789514,-0.14249904209631895,-0.6443180141246858
-1.0751826608011243,0.15361730279329594,-0.44787486080644295,-0.7168349386374895
0.9184532343578867,0.3289521063577969,1.7180379375704853,-1.1669019456832246
0.058841234705044126,0.6764308857962342,1.5850263743097552,-1.1466082463213412
-1.7259489233681466,0.8259060533064891,0.026422230802699755,-0.40489045303396265
-0.8521151614552951,1.451627346790193,-0.08891617572520458,-0.3354286881957204
0.5419869023380586,0.4895974293156458,-0.777702234417515,0.4873917971826778
-1.0110029113821954,1.291655566513771,-0.3042245005841922,-0.6074748347498667
-0.13694978768979366,1.982632650967769,-0.033868897935611174,-0.090519463381305
2.5438956267594186,-0.020988247609009417,-0.9687450702417203,2.1150304131533493
-1.6686930718779944,0.8653246299049391,-0.19557732037451672,-0.7288708244158606
-0.7647667448441687,1.5677826896832383,-0.07929300906517597,-0.45729063367901124
0.27287988610080827,0.9300074305017958,-0.7107265601550764,0.0158727258206345
2.0867305605770863,0.39490907283915566,-0.9903774258993185,1.3931885040029064
-1.364708472590812,1.0148114677894464,-0.3210960069439904,-0.6729345904764149
-0.7151690450385945,1.5367956283133721,-0.45322731353847107,-0.8664995313128866
0.2359281940972383,-3.519583534580603,-2.461276557184807,-0.974412560422289
-0.05019627334697999,2.134654139244613,-0.3784584871651247,-0.8793373033849875
1.2572436816766395,0.4908118461547577,-0.8691418411738535,0.8932357534791461
0.021445068596636224,1.6754635164019032,0.07233347531966627,0.3807793606776226
0.6649432580350917,1.1850814211117413,-0.8605583922991394,-0.19873376808618837
1.7261765840119316,0.9274735017362403,-0.42838928563649564,1.7945820753216526
-0.5425738970765966,1.6671560508243983,-0.11010211885442078,-0.26375583725241974
3.2090168680026876,-3.3806448057809164,-0.13770383439247402,-1.179846851190596
1.8387317352036796,0.029504760603537548,-0.655032344011421,2.150370295160742
1.7685892403863082,-1.2045626271110472,-1.4444395648981627,1.2406226498483892
2.530995253208806,-0.8268275487678649,0.29314307711359805,0.04564309742993947
2.1409327850035247,-1.7124555879666876,-1.942243154348012,0.7294564591214752
-0.7388353377309994,1.5320808242693065,-0.20107266171469987,-0.49988529869908793
-0.2703931017748993,1.2846246376261714,-0.3245214918271062,-0.17817243233584237
-3.1260888877310893,-0.32132214251024455,-0.08250913398630846,-0.5696524359311038
-0.7079900418779795,1.6118185672048255,-0.5393492384582519,-1.1994358116719561
3.6996434293503864,-1.2320982852705296,1.2779918813202307,0.6400725537260141
2.960453688385347,-0.07574630012779167,1.3226978732361472,0.9563984020198997
-0.3100991719309865,1.2187248788255152,0.7416639339895705,-0.5715101640614114
2.676917905821011,-0.29710302167399744,1.4949495679892901,0.01861794015444129
-1.0608431003469199,1.2724667978936601,-0.3243453665073079,-0.6999958551112537
-0.9944325543602051,1.3213474018827844,-0.03373963104417418,-0.2047539753382757
-2.7165860257837555,0.0024842249298504294,0.1563888805477972,-0.18630180510266373
3.1194383995525476,-0.21520688254311082,2.2529880043422343,0.553141108442303
-0.3740413419263427,1.7868178633632807,-0.21472109635412498,-0.38114214250372147
3.6708954327589143,-0.13153878212162098,2.6989316278723874,0.8019233727685982
-0.2984819563151556,1.971263980787281,-0.4958329833155359,-1.1876821736446244
-0.2831510377976185,1.9199569284385447,-0.23459964550883664,-0.5719322241156799
-1.2090831764277097,1.1750509831098779,-0.16743599360269498,-0.5258630638137275
-0.7384066282325129,1.5552562334757039,-0.30566092999657263,-0.7166730244048312
1.2377421055543774,0.7911088144587778,1.1808893104744205,-0.2982400267279823
3.265708938871341,-0.0456555313941228,1.8564915223263587,1.2940348875071688
1.7598560271899113,-0.3716398346364542,-1.1165991918362757,1.3877997984329962
-1.7306373457967954,0.8022907542210018,-0.41103670276704657,-1.0644061041971822
-0.7448142117218188,-0.3778488906565789,-1.1008640367157472,-0.6259623994958725
2.0735337352625853,1.2869490337663774,-0.3825325974110597,1.917989221790169
0.7912492979578652,0.4505507688188714,2.3158986119718645,-1.596242579136304
-0.32701316161060806,-2.327632742589238,-1.7632400540173387,-0.6123812734035701
-0.8458472647562848,1.4542567254206156,0.10556583070562951,-0.0015373734448038555
-1.0992659243866003,1.231206023627084,-0.32560512525888,-0.6760911035563889
-1.36992972010835,1.1720294795652597,0.12492257569945764,-0.43861079320425167
3.1245829782988115,0.45097331753971887,1.1281772024225474,1.8579818253511027
1.4064933392751875,0.2047130152598392,-1.0770824690787062,0.8246900139530315
-1.0615239139356951,1.2920058186303167,0.16718776157303386,0.03831092566318462
-0.3139122014371785,0.7233738579635857,-0.42436935556033034,0.29863422589445027
-0.2913320688482355,-2.0685018798081574,0.9507269114195223,-2.613560076753348
3.0661903716571994,-0.6870206562783161,1.8586636268545504,0.4798588226339628
-1.7581888861626522,0.7412959085810488,-0.365164269127535,-0.8822436185034691
1.4972617815404736,0.76133378285725,2.7398368549073617,-1.9342826044993313
-1.705067624269045,0.7776037427894865,-0.2606142627911541,-0.6841458716832977
0.8484906534609703,1.0012192250220373,-0.8895454678186111,-0.02326660544006686
-1.4507285582900367,0.9679999871700561,-0.4198164484861286,-0.9052026037585407
2.6151238385828126,0.02608601742253279,-0.7727466755671858,2.592614958828405
3.236071438889819,0.9199287881337397,2.3875862435352433,1.2709544328991098
1.4205357191227146,1.0362471298555667,1.4126974430620798,-0.18159686247915802
4.501206304684607,-2.1777744346843817,3.9042311819205393,-0.2941755088387209
2.131540607705044,-2.8276979217854623,-0.01907231952087141,-1.1539828888984915
0.8996490279056036,1.2666664901394846,-0.17309888416837463,1.2440275312516205
-0.3662413361749046,1.7865829069838775,-0.07343634328634904,-0.12405671215787557
-6.1960089694283615,-2.5998031862096087,1.516927275257023,1.195395229192336
0.5593551110433544,0.2630309195697653,-0.8098618224830963,0.4863914562140904
-1.322195020897028,1.1085035889496957,-0.15808341477684798,-0.5867973685066296
0.4243196945285272,1.1837578848523072,-0.3478848163729923,0.5998776309777321
-0.839600279578803,1.4423829409691464,0.06992405214849214,-0.0217376531173568
-6.1960089694283615,-2.5998031862096087,1.516927275257023,1.195395229192336
-2.3257516139276224,0.33143119856149666,0.13280617391782962,-0.22938426277871912
-4.549672054563024,-1.2895875549499574,1.0446456704331821,0.5580598366040397
0.2155064224865819,-1.0456188219314593,-1.3522742722573693,-0.02144857802848541
2.964975271186544,-1.979849539854339,2.988078181750365,-1.0322074930245388
0.266439763709406,0.3670878323114212,2.400953494516401,-0.2439733885921674
0.638495387118218,-0.21915184430427848,-1.1644285031161459,0.22511661790058765
1.682288840519415,-0.870651389915501,1.2152576278542178,0.055529049515441777
0.20701397201873753,-0.28789426694655645,-0.5787341103864494,0.9977117049548018
-2.951561295591755,-0.040378410430845245,0.1789415846621578,-0.568630406896706
-5.996327722334148,-2.4504360953922966,1.6522888993736964,1.4443561662507634
1.3664265446181103,-1.5398805697986109,-1.8909764727482108,0.224341779809867
-0.4562057628825854,1.7663331713309518,-0.44546629976881286,-0.8988046133149002
-6.1960089694283615,-2.5998031862096087,1.516927275257023,1.195395229192336
4.236205018186172,-0.345259246559325,2.847789206416254,1.504256200947231
-6.1960089694283615,-2.5998031862096087,1.516927275257023,1.195395229192336
-1.3443620275960482,1.0548180401637877,-0.39279100419699914,-0.8575006538456603
1.8054147898809023,0.42029923727550944,-0.8371945396784561,1.437568777473752
1.342918383873923,0.7401020277086982,0.30413893779385764,0.5888899952336577
2.8090204678979225,0.12049173570694302,1.8172133429648372,0.4849472596047809
-6.079202927781011,-2.5124290392396698,1.5961087494019894,1.3410280415159161
1.3905431842476823,-0.7300666681693311,-1.5322801912636557,0.4319772864897788
-0.2033613922119547,1.9428079497214321,-0.14914968343258053,-0.31654007102893406
1.6390708345370466,0.8007553458666893,-0.5435749937301582,1.5793161075771878
0.4708601040660339,-0.6409465585000831,-0.845979484206226,0.8958441672242511
1.5158353161348737,-0.9869398545740232,-1.3819831513933476,1.0508848970360527
-0.2660622286832107,1.9017439943470897,0.07093197810091147,0.008582291237132014
-6.079202927781011,-2.5124290392396698,1.5961087494019894,1.3410280415159161
-1.7923524845854233,0.819919250925346,-0.4196191694690196,-1.265238813117263
1.4983548137611127,0.6050221768153377,-0.8266294963824203,1.0525345891100621
-1.544410224171278,0.9047617846211609,0.012673734934571503,-0.22826951012086957
2.5932835331059865,-0.9304200611457911,1.120674783563617,-0.013098517902083726
2.0741558685761645,0.7698647060093294,-0.5546571855788538,1.9338063450892797
-0.7873514808221816,1.5279437926523682,0.15230182875477644,-0.019801859008881637
-0.8190212065844806,1.5377758488601578,-0.27254485404966505,-0.8571505999078142
1.4387963812537596,0.21228748225243607,0.7328512418808363,0.47656590087581496
1.7410784654268265,1.4146897922169397,-0.07079356922678567,2.0956962040870155
2.1098875989222967,-1.0331666083413185,-1.6051118474039778,0.9462771830840094
-1.5585243859783886,0.871559974517957,-0.3387734357338768,-0.7460300094297134
-0.6280702854483244,1.6023454156497559,0.11299612702568965,0.0974077586080341
1.3531493641831007,1.0335800835292202,-0.17952486123102304,1.8722317344478652
0.10642057079006895,2.1997724563481746,0.11305351749670059,0.1206062013345641
1.7335187118655686,0.2473020010484415,-0.7614852184461819,1.695261080687891
-6.1960089694283615,-2.5998031862096087,1.516927275257023,1.195395229192336
2.024835779408087,-1.3001436501409662,-1.8476825411465572,0.7097648526219613
-0.46217119700364917,1.7650953216420542,-0.2754058759634979,-0.6198504022983465
2.164908142932793,-0.1888275464681775,0.08875203968874851,1.6316881727235795
3.087069274542264,-4.614588006424357,0.6458589766721832,-1.6038422076735177
0.3457164372388247,1.009455460732507,1.808760044872867,-0.9081831063010313
-0.2043928725327519,1.9387022305922326,-0.14069526564348847,-0.28957708890904427
1.6630203564181822,1.3334583860346225,-0.1979602783491635,1.845424720526628
1.2801135304587952,0.43368095194819417,0.3544233990125749,0.8896697453831411
-6.1960089694283615,-2.5998031862096087,1.516927275257023,1.195395229192336
2.2428338748858336,-2.126205122956356,-2.2428459453275735,0.30510610518611087
0.35820353497162677,0.7988689036468248,-0.5127727843213956,0.57851275862713
0.648420039556598,-0.09873761131376407,-0.6393437400596095,0.9648975112876805
1.0784877339333923,1.1933404431919454,-0.437551734936706,0.9999457235228445
-1.8339853654489726,0.6908062235810377,-0.03534736321460421,-0.3897107192683279
1.46784145134973,-1.5312667703635339,0.31149430046266136,-0.623233061942478
-6.1960089694283615,-2.5998031862096087,1.516927275257023,1.195395229192336
3.042954125366323,-0.49921769431759283,2.8849803240061314,0.14047192205127199
-1.4137493588864545,1.0145041082806059,-0.1776226426110942,-0.5363896279850291
0.4340239608764189,1.5362963421553022,1.5128145802498805,-0.24378259719606346
0.5524451844596139,2.5661655305244255,-0.14959524375293684,-0.32200653135582363
-1.3347745963388362,1.1609157098928589,0.1120022127551721,-0.34479548184823755
1.3286250396713963,-1.0441552405132932,-1.8943963482666197,-0.39266201282174035
2.4164349558239655,-1.7885716964573906,-2.306925821658506,-0.10891328357218386
-0.6998816607776926,1.657848904570562,0.14709604848469193,-0.1795556041062192
2.037561493140274,0.3634755988730586,1.067925030787884,0.16384111726769585
-0.8727607675206849,1.4664283613760682,-0.29605398219950635,-0.7581084089236034
-0.9471344230064467,1.3708684228552472,-0.2600958175523515,-0.6043479812817318
-1.5819755799260116,0.9545779716413206,-0.1528843041136078,-0.7650448476510721
-1.696865070849872,0.7683325021168403,-0.5014390464387796,-1.052203494825111
1.3394541039099066,-0.1899257932961886,-1.1682443425277331,0.7619023344395648
-0.9070017338153915,1.4516432433790756,-0.8100125136798187,-1.672993706194818
-1.497914197012345,1.0376863560519312,0.311734091075171,-0.019383261494887435
-0.45131596389211426,1.7584305704914225,-0.49287761011639125,-0.9473228020776837
0.30005372156604654,0.7441950210285847,-0.3695061371422771,0.7988433534367864
0.12226875928633046,2.252459587467847,0.20709949334714464,0.15966276816770625
-1.2235650395692337,1.1482919178241482,0.017991548145602314,-0.17572042107103805
0.8270137175720548,-0.55801224563039,-1.0794381376502111,0.6801848384883762
-0.9970814230370877,1.4321315130609018,-0.23503466610499882,-0.9191220066707747
2.0611798619756203,0.5428751325782091,1.8713525510816076,0.3684162856583033
-0.9326761845851675,1.4070391993224074,-0.4978617368999914,-1.0741956236125245
3.511876663441638,0.0611767084406808,3.856876245025704,0.11692265745552187
0.3239532868004208,2.3617329262074254,0.17030557728587212,0.2597671261700594
0.23441245374453495,1.3803564942216813,-0.15538838082751824,0.5619542873820663
0.5352235493883927,0.4973225520518028,-0.5573484614215061,0.8602871798449131
-0.9198120190474325,1.4022199817285461,-0.42502705019163817,-0.9086508392458587
-0.7103549695627412,1.5426145215252491,0.030596931409033492,-0.05913164108870166
-0.5819214037258373,1.7118154955818534,-0.37505645210614674,-0.9101732782785575
-6.1960089694283615,-2.5998031862096087,1.516927275257023,1.195395229192336
1.079452536648093,0.2865993425351358,-0.854017934025878,0.9300374058679182
1.1522522185600248,-0.045929023021147534,-0.803709549954048,1.3149383360899065
0.12122847428078398,0.61227531628224,-0.7066219242085489,0.19150865467569736
-0.875950215239278,1.4386832369972802,-0.1737781543257443,-0.5371509558199813
1.8070153372973388,0.32930025589789824,-0.5892045646075239,2.1004747233829435
1.8626475978210995,-1.6641197353090107,-0.8978863307941868,0.050603996121451375
1.3664716656918348,0.641110443521335,-0.8511163679871636,0.8643276997886146
2.2422333080968833,-0.9798935883781679,1.8457448377285295,-0.38101901215086276
0.3119978474658186,-1.1201603024884386,-1.2379437395364792,0.22513544878460318
-6.1960089694283615,-2.5998031862096087,1.516927275257023,1.195395229192336
3.0089620167810556,-0.9202664762567788,2.3010298232825748,0.18219082597601438
-3.6495831861619665,-0.585318920474219,0.8804273098475572,0.446216056437539
-1.285726510709396,1.1061559082250987,0.06888993612592333,-0.09576114357911845
-0.14417063710748715,2.038942175293478,0.020577593328237633,-0.17782427330040249
1.6470176884211316,0.0353551137685189,-1.0935555288584506,1.1176281771390255
-1.966072998664259,0.5634013322181031,-0.3129197446585889,-0.7744119950794117
0.8400328405951483,0.5269790664166655,-0.9092769670306815,0.36102263865259954
0.6385119941621574,0.8462396857148551,-0.7992870148730332,0.2509576735792812
-1.2474996088033325,1.1379011019950593,-0.24423438174487447,-0.6142106295857765
-3.848243516745272,-0.7842622884442301,0.766326525200036,0.3763781941363449
-3.3362282801015524,-0.34595117256629787,0.6410918781146354,0.11753484543263859
-0.6601123605384593,1.61571132674199,-0.2079590537080274,-0.5580712191626485
-1.2012767940562101,1.116729898183873,-0.3028871011944712,-0.5553452870954739
3.0873604849036567,-0.3595743338819446,2.3672255140746374,1.0727569571925584
0.3935300676760802,-2.682534146675853,-2.406564702464574,-1.0384965563438393
1.2524457935175413,1.3949763076971595,-0.5244450281440685,0.7471369258724055
-6.1960089694283615,-2.5998031862096087,1.516927275257023,1.195395229192336
-0.63117279147393,1.5984949524995586,0.004083970751141454,-0.07918693585865803
1.6335387652401456,-0.012733617238184407,-0.7179383430233882,1.7940544478791962
0.057025612454898233,2.1485393542498623,-0.1809625777408196,-0.3452357279668226
1.6902887676059384,0.42936394667899064,2.0586452276259646,0.07356305899749135
1.786317569506797,1.4360784042839032,1.3200788444820097,0.3692818371586893
1.360008690986887,-1.4075041015396696,-2.1331443055114496,-0.4115300436581539
-6.079202927781011,-2.5124290392396698,1.5961087494019894,1.3410280415159161
-3.7927491217835483,-0.7342776013015553,0.8526000774363012,0.4967908791075685
3.2479028340279075,-0.8658131447226838,2.0506695800856414,-0.8050238321027555
2.3427442117183865,-0.614972398334977,1.4152664850411953,-0.0017374231325950288
3.5606251944801666,-2.016483416927307,1.7917373431488712,0.3788727113895886
-2.435225696486718,0.19936561519423157,-0.23355919348953172,-0.6981385539106846
1.1427210170328683,1.6103828490288208,1.6448460451041833,-1.2546193346487249
-1.5550470461372339,0.9697125130721602,0.08651440674448731,-0.3331248703406631
-0.8961150213658755,-0.2010896957698808,0.15253395897018818,1.2410613542177664
-1.4868792675040807,1.0108276604570319,-0.473513932918824,-1.1932299914636713
-1.0740336770140948,1.2625539166045079,-0.16546473332620434,-0.43934554922020863
3.4147357966004668,-2.450678287249247,1.5438212881189204,-2.180439611578317
1.8617251598680633,-0.11709146231571674,-0.9457829223042585,1.692199679756302
1.726551338590439,-2.122365378973924,0.4174795783416522,-0.7922793806816413
0.5490187122718817,-5.02731582932842,-3.259023548583121,-1.5308128450949994
-2.9819046978195343,-0.19788595980724535,-0.11762065740352945,-0.6422399803356007
-0.8481856127340133,1.4246006356303915,-0.38412638702740626,-0.7410988087722354
-1.1324932686021738,1.3666366546142825,-0.034424847624597486,-0.7290654541792809
4.851547735421192,0.011618385951669695,2.7981039265242496,2.0561864705019346
1.5224632654185126,1.0720910266372603,-0.4947268342154534,1.303972940890673
-0.5024548029337278,1.7620133125290731,-0.055854293171247314,-0.34385725891998126
3.2705075659587957,0.1575606405774096,2.7228302091000995,0.662566261575619
0.9129796344245,-0.5285590446553317,-1.1163152752530054,0.7307980938457055
0.9075365652617998,-1.0606573491524787,-1.6515779978859748,-0.05721921279066617
-6.1960089694283615,-2.5998031862096087,1.516927275257023,1.195395229192336
1.4434053099114037,0.9890586059676795,-0.3915572501476352,1.6480450657983383
2.9329981428905136,-0.9376596189869189,3.340069701656798,0.1495233663913404
-1.4092085965500738,0.9782308348549115,-0.0527335114591971,-0.23872240440119516
0.7146442168357392,1.3395433993797126,-0.10755282694930844,1.2550716317496926
-1.5302557133138701,-0.8872687476631551,-0.9875670107764908,-1.0605446984108675
-3.044270858069543,-0.1725787352566979,0.48460585903829273,0.06007616546993628
0.0030085829522417413,-1.073918440502222,-1.5984716301316881,-0.746246582470581
1.9027321044407075,-0.9501814017935304,-1.6580944302838438,0.6299246401124415
2.2054139112906466,0.0359104355947105,1.1514908483454567,1.0734314768497748
1.1316174401858596,1.5361664578560905,-0.8766167238108703,-0.10056131828953604
-4.7380424739256135,-5.836068632642948,-0.24030346444968512,0.16173375402663162
1.3197498690423834,-0.09848756372414437,1.4017601375080078,-0.6347866404927812
2.1495995855604138,-1.2312846045378547,-1.7076928102593463,0.9607992664699928
1.2265637190624283,-0.264725731808885,-1.3310133095850165,0.4465098478170958
0.19148896712531865,-0.5439231676999704,-0.788132485977502,0.7716187592922495
-0.05611723443162143,2.070637124488046,-0.2559922434495396,-0.5125280145113966
0.2022853980850229,2.3193518038556955,-0.10941142002187015,-0.37183864673766964
1.609375485985598,-0.31877217861203583,-1.1900688720141468,1.0606520274139708
-0.7077458673621485,1.6185020076328183,-0.25008355744841443,-0.749587145635751
-1.745728295080169,0.7519580275841825,-0.368315151764709,-0.8887449438861234
-0.3628714661572764,1.8786740931256392,-0.5680517334720323,-1.20352976729954
-1.5776093231294823,0.958852645233694,-0.022234142917946637,-0.5556280399224235
-0.510963330896274,1.723538332439254,-0.1096225896917859,-0.3346286381439874
1.7075178863895406,-1.75733177887631,0.008596634351837508,0.5483243486107039
1.5970385787362453,1.1248201155425495,2.8872715191627454,-1.525883132449058
4.475043234665675,-1.0890304753395463,3.935529134573427,0.34514375189756724
-0.6184073679232438,1.6621068129684469,0.00232458320506921,-0.26445859766017094
0.29681324734342185,2.3782104027456583,0.11862321536089268,0.05992112934457453
-0.3322357115029795,1.1039048025750857,0.5469385932102019,-1.0770688079848316
3.2797398084512035,-4.314221719278033,0.6366985567008531,-1.48557741991485
-0.4365520651564475,1.8358039792783694,-0.15644983690262157,-0.5663844466559796
0.04750297746264663,-0.360687581026855,-1.2096857097881855,-0.2955439846303587
-1.9035045963554582,0.6169468792148471,-0.32857266862857,-0.8067268173352835
1.5958764801640313,0.010417741311159332,1.1620122879512405,0.30827667486772864
1.5751669428369623,0.6738759217687088,-0.5120208752766624,1.766983635795312
2.27747860439675,0.8492736358129259,-0.6541261787051911,1.9616009352842714
3.079494351898343,-3.873741281429638,0.6232021017852851,-2.870201197230298
-6.1960089694283615,-2.5998031862096087,1.516927275257023,1.195395229192336
-0.34748104051389234,1.8339935164507684,-0.36209337387210766,-0.6991684499458852
4.598016313389688,-0.7255916003838343,3.078623394095029,1.0305152362238996
1.711438212169736,1.543630019630202,2.9437470180500456,-0.8689374545354445
0.8265386903258627,1.1311203307404694,-0.4706053894249216,0.7517333063210369
4.53247766176551,-1.0459586259158025,3.4403334692242398,0.789059967081607
1.3975287292486966,0.8838960972856007,-0.7353486093862296,0.906561375501019
-2.098242483331035,0.49741205577297953,-4.264693270881487e-06,-0.4058453989081231
3.124684695143029,-0.8676159684871602,2.028633612443524,0.5542762932352635
-1.416951800911019,1.0564370565945247,0.010426336414930439,-0.390728837719883
-0.14721894610436942,1.9877406717907435,-0.22754160130912407,-0.4424518675461486
0.9111414691950621,-2.205799315232154,-2.128632092500942,-0.46990022367054524
1.431479161864341,0.26338854029552905,-0.9211771017588835,1.039657655299491
-1.2271031607009766,1.1964014098437243,-0.3175483158730699,-0.8511541105975733
2.3310246583550103,-1.7432914651588551,-2.778794957342985,-0.819464550274076
1.212962031281522,1.0854906174689545,-0.5609828550299097,0.9926549820377217
-0.10672418174736044,2.0227793618542806,0.07977339587156325,0.07137267666056431
-0.6841838003690148,1.6198601038782068,-0.3877972273383506,-0.9103120754909754
2.482972540211403,0.35450435391900226,3.468522427675071,-2.388057027376245
-2.1086884969592283,0.5493029588528808,-0.33828956006218797,-1.0975683279109065
-6.079202927781011,-2.5124290392396698,1.5961087494019894,1.3410280415159161
0.21305932404493025,2.2761685474483735,-0.1329322324955857,-0.2627608203180622
2.4938496279230575,-0.40902184358911814,1.2387831986422726,0.823010495613276
-1.9002546726028005,0.638021845382592,-0.013654980552745076,-0.35735394220388883
0.2097759125033444,1.282940630216142,-0.1097757316879741,0.5776883233523711
-1.3204496243638024,1.0883323349786391,-0.12805406496394509,-0.4717109500409835
-0.4376571655567653,1.7715467639569682,-0.22384801190477013,-0.5091980763269017
1.9698674556838316,0.6270673108448104,-0.8716415425480556,1.404981819456814
-0.9032034603558117,1.355767275065953,-0.3141594853726402,-0.5588908840732316
1.0528993571752754,1.2995506548299565,2.1131375780482986,-1.1130427003083259
1.2196526363606166,-0.4741099518706148,-0.9101622169063238,1.378433033835419
-1.3864999538429545,1.002902568183767,-0.30675480960604234,-0.6646429622108336
0.1242138433578171,2.219739593808701,-0.04523262580942591,-0.16312499859077131
0.26644469462767895,0.4948277677141062,-0.546513091116398,0.6276805839130272
-1.597108154691401,0.8736439459658225,-0.03135910927216453,-0.35876317159285376
-0.556893132310318,1.6803477066903592,0.06016594048835019,-0.04306951183953633
-1.1895378922104622,-0.35709804286928476,-0.30817150108668245,0.3890390529968332
-3.539499185416632,-0.5702302288228543,0.44923424562775577,-0.0068192538517045515
1.4505734121600744,-0.4910514527757837,-1.1586340921566631,1.0636527477205033
0.36462922116322444,-1.579071802687574,0.4277541349432628,-0.8608324631595545
-6.1960089694283615,-2.5998031862096087,1.516927275257023,1.195395229192336
2.583434644349751,-0.2886928501618327,2.527443439898234,-0.16823629947620874
3.0525540122720307,-1.0182110756791571,1.7493397285812224,0.6935675645450777
-0.34907863051337823,1.8663541343093568,-0.11922223006426352,-0.3996202822550211
4.330651575053861,-0.6821416500239308,4.543935288861647,-0.6669328887062717
-6.1960089694283615,-2.5998031862096087,1.516927275257023,1.195395229192336
4.254849194500753,-1.9051858555752477,2.7962934937045816,0.13809715938091172
-1.0069569401121496,1.3822695757466248,-0.17431193529799074,-0.6484066728772147
-1.1364894358321675,1.2867413930696487,-0.7102918923890779,-1.5666824101556365
4.633398095984828,-1.075161125367309,4.29442113135537,0.3059347134003094
3.614139872958552,0.3150293951451208,3.205936107572588,0.9491743007240719
1.8709663028679933,0.37239128493090096,-1.100399227634764,1.056687767171024
-2.689732536471979,0.04116075403355247,0.3260437020985856,0.032332432403459906
-2.589053424133258,0.22598958765572302,0.2756906071360175,-0.3925839591097806
-6.1960089694283615,-2.5998031862096087,1.516927275257023,1.195395229192336
2.404302730408977,1.2180809700019941,1.8244351865988686,-0.14128599883071902
-0.7677828109952338,1.5226723456016316,-0.4360618271686641,-0.9155652550399972
3.4217162359757305,-0.4746771733473425,2.920770745609984,0.7955101207446187
-0.6831040925314461,1.5722154142597355,-0.3874073145235604,-0.7790808678726233
-0.1560660562159139,1.9903180518564383,-0.40132555140604204,-0.7636577212544677
-0.8690972984508357,1.4080177642576035,-0.2924586016848694,-0.5870331028799923
0.004442252601733194,0.27226248020709587,-0.581566252650744,0.536990819668295
1.3804818946074342,1.3785269273045062,2.004824534614707,-1.6280085776245208
-0.5670939658973148,1.6850852081221517,-0.035504955330470565,-0.24917900344279273
0.3758778423250794,-2.0251341005055283,-1.6338609501093948,-0.1423871101000903
0.7668396719351587,1.1159233954601908,-0.5674519709721599,0.5427402890609461
1.1100574029606567,0.7419539717648389,-0.7362335960695805,0.7737848647965597
1.0352175872350124,-0.26489145601681774,-0.6023055335482241,1.6306918395136225
-0.7469481589599396,1.5023492516532602,-0.2893215606785318,-0.5657093481404597
-0.7674547374830797,0.9043980932344267,-0.08679679722731945,0.028540530053612193
-1.040872966353636,1.3613297153304682,0.13531388990883017,-0.17567171203130702
2.757699366592118,-1.6641278928379442,1.215303076752724,-0.24736757334973822
1.5662684442923362,-0.24110456704492525,-1.0589208149381832,1.2941798582092343
2.300497014583661,-1.295172896416269,-0.05025560957836268,0.927521064481132
1.0655555889704573,0.2250396720085185,2.6929222499266645,-1.8901581565162355
-6.1960089694283615,-2.5998031862096087,1.516927275257023,1.195395229192336
0.9199203749511279,1.2159518992787963,1.6730778502551955,-0.39350652222470983
-0.5901950695409204,0.5642622202244699,0.1372814825288633,-1.3787305853317575
2.5631992359717466,-0.3455033774443702,1.0984899068640133,0.7695330356649084
2.801758082507642,0.4079293376299928,1.4146017500012924,1.2177088149019992
1.149148687480592,0.7132280802764815,-0.9671680976592041,0.2820209594818915
-0.6210922980615925,1.7075276712301208,0.21952711685726994,-0.017185937474674992
-0.24446686886558677,1.921117391177886,-0.10444260886747672,-0.2769676852851069
0.14781772401093976,2.241081196580927,-0.22929175560619688,-0.4755931687259288
-6.1960089694283615,-2.5998031862096087,1.516927275257023,1.195395229192336
1.8271100060630894,-0.7556424200747134,-0.086130443357005,-0.027762578442921036
-6.1960089694283615,-2.5998031862096087,1.516927275257023,1.195395229192336
0.5361342864615471,-3.8661091506758867,-2.826653835944537,-1.316329533170877
1.1413549509000396,0.3460870097448609,-0.667529407566833,1.2722169150239917
2.603257782720724,-0.40704021936424795,2.697730081468484,-0.6400970843474695
0.07226582973656664,2.204726635160194,0.0206393714114417,-0.13036748516821425
2.7311985291282697,-0.6046563709307303,2.555998346770818,0.16806179902805987
-1.7085317766179229,0.8060866669337049,-0.2183963046551284,-0.6964454257014655
0.8815516900613156,-0.9245394921423831,-1.076817661927599,0.992512027455832
-0.8845456007519963,1.5260924887525862,-0.6286788053762108,-1.5130891141170217
-1.693283834823253,0.8782039278061194,-0.09992146485990513,-0.7154115695610135
-1.2917592506990678,1.0970983087080037,-0.10497334148723361,-0.38871344446699074
1.757502561108102,-0.396928990400158,-0.842167141623744,1.9738747864118735
-0.6344169807119928,1.5942301191319799,-0.020707178727804993,-0.10913977689222416
0.4522316559757099,2.4875722441545807,0.29846716469769313,0.41779094631592456
0.7715653812520086,0.7097719924048904,-0.4019182870116618,1.1599461580432908
2.7975151945027203,0.5830199741727027,1.9828742895275777,1.3192568890631848
-0.9538999659028407,1.376271051272083,-0.4573338139688034,-0.9691802135343398
-0.3397645228995545,1.826397390020434,-0.22279404109666182,-0.4255025036888759
3.317672400745953,-5.78233033328875,-0.609783392926429,-3.6179428592246423
-0.02477301914213596,-1.3680878379006904,-1.6335089148268898,-0.5508827681957666
-1.0748152111055032,1.2540129966877538,-0.5022997743815191,-0.9840438333043889
0.718841157218346,1.2449704438735545,1.9194023565590221,-0.8307622171216054
-0.16095779029560323,2.023184613790726,-0.097773785261668,-0.3602216547184395
2.323107352865165,-6.5432091036268965,0.08175715572580575,-3.8995150146201554
-4.939984837700539,-4.789279483282859,1.2632592142740857,0.06671172751583451
-1.265135382641239,1.2311587826889183,-0.18484321676414942,-0.8533218581486011
-0.8579157438971798,1.3991769582376465,-0.21087962284352116,-0.40041930773307655
-2.1481045028014694,0.5575108262534401,0.0161011747266465,-0.701844167658819
1.569777840164724,-0.46961385550561935,-1.545935212972168,0.21293266390429005
-6.1960089694283615,-2.5998031862096087,1.516927275257023,1.195395229192336
-0.3196198002274486,-0.2733874224695294,-1.0227678798773032,-0.42286068236184915
-2.7733840115658417,-0.08235380913933801,-0.25298945515172605,-0.7227369831385987
-0.03326663797327589,2.0804462680197147,0.12000739352485362,0.13325153167426482
1.7498213054033271,1.701688232460805,-0.016736382057591485,1.8602030953088344
1.6882309091704124,-1.166706591917382,1.0934560118705958,-0.8423861207119538
-2.874171960189521,-0.09517759986008259,-0.2977507299172271,-0.9915525980154974
-1.8301068244878733,0.6559280209364723,-0.30797826492875086,-0.7141408474257168
2.7488917356977787,-0.8544598768237728,1.756558626052786,0.6607137373370807
1.5251721494006418,1.1608581801385698,-0.4590691717720649,1.3726971908035341
0.20802035629368718,2.2912296478533523,-0.10006785392791548,-0.25857710616797863
2.2093870183894477,-0.23495769695263694,1.7784168722637286,-0.595056727671653
-0.3587648330166998,1.9228624176222555,-0.30413323117426877,-0.8896219031207232
0.18332411407990223,1.0956161791629946,-0.6606615618944104,-0.13207269897067764
2.439749290774429,-1.3321995216511529,-1.9424572483970308,0.7442093263025886
-0.5246717897898108,1.7563631292833317,0.030858805426175164,-0.23269161336134989
-2.5602766827616654,0.13294069251797752,0.15919380379038794,-0.12843553301085878
-0.8778743337144774,1.3962119606882784,-0.24855753598863176,-0.500228894930011
0.22159229913936904,2.324638772311552,-0.09166500006946712,-0.3098415204861072
-1.6773884733135778,0.8111155680175187,-0.20350171618250226,-0.6158570081369402
-1.9636494463728866,0.5654754504667007,-0.31352473108652806,-0.7756611042250163
-2.8992623425824853,-0.10042166675540223,0.4027162106507176,0.06651383058384323
3.4277358437145775,-0.2415763484708557,1.7785731297267793,1.3193275027215048
-0.8418388384005924,1.4456838178435896,-0.032016286461803566,-0.18644968481070803
-6.1960089694283615,-2.5998031862096087,1.516927275257023,1.195395229192336
-0.38468158413255976,1.8122984671962923,-0.38158295471741516,-0.7560070183281979
3.523205641047771,-0.9042606428646127,2.4762698778281864,0.6311356307339563
-4.827429446272276,-1.5775672637672298,0.44995802097044996,-0.045834475199719886
-6.1960089694283615,-2.5998031862096087,1.516927275257023,1.195395229192336
4.929831913318484,-0.18960827931238342,3.9919205756238525,1.1407810880369424
-0.7462230221955689,1.4902314629135247,-0.20894315761747898,-0.39535777532684346
1.1811178118360537,1.1075807866245295,2.180423457293391,-1.5408732452730358
3.2832928562644774,0.15088395639105381,3.0821684894347827,0.6833347261780311
3.677442230862004,-0.8085658381057753,2.7658961371819655,-0.02818344723615512
1.1864731961036286,0.798516474754166,-0.34959904296211936,1.625639044737867
-5.996327722334148,-2.4504360953922966,1.6522888993736964,1.4443561662507634
-6.1960089694283615,-2.5998031862096087,1.516927275257023,1.195395229192336
0.7766985737613493,-3.4195522213956147,-2.6122005711075675,-0.8269173511505228
-2.0253996737245656,0.4872020331181494,-0.4186692033574884,-0.8813896656004375
-0.5373786096287059,1.6636052446718335,-0.2357947329213518,-0.445984267786239
-0.1151162636752304,2.0719586959115532,-0.2736877858578281,-0.6903721127235581
1.0043893190476683,1.498777713204842,2.0289718878416476,-0.7829527395052511
1.2179680768485734,-0.0906726753439063,-0.9141179351220419,1.1915368124358259
-0.3066904977592258,1.8561068900988416,-0.3168495398039985,-0.591874284909387
-1.853129096787877,0.6974921811606749,-0.37976916273568945,-0.9999213244005433
-0.6619332404214476,1.648364509706566,-0.06802395251516793,-0.42317531892387295
1.2544087498593794,0.41701676025911133,-0.7496693452424309,1.16527749853369
0.21042627072021752,1.0122952326379209,-0.6842887450104748,-0.059291021465396956
-0.5478538086250396,1.6946034808462511,0.07706174774046855,-0.04355202260085394
-6.1960089694283615,-2.5998031862096087,1.516927275257023,1.195395229192336
1.8300897913376895,-0.06983108360626807,-0.8732548497413689,1.7509673036123599
-1.1651262515926784,1.2383381208701296,-0.27293636151145145,-0.7940200520947347
0.3269360799620607,-0.3859816217981838,-0.9921898421009495,0.3146294546890247
2.215353115731542,-1.1137016457280822,-1.494012056565265,1.3842885420122049
0.17810400919650907,2.2714357763849393,0.17962935677204844,0.18916053283263173
-1.7439709242667676,0.7781080450776937,-0.0012518542903688014,-0.3305076571310322
1.9624945980007082,-0.6363770600835811,-0.037224721085129565,1.448172440263515
-6.079202927781011,-2.5124290392396698,1.5961087494019894,1.3410280415159161
1.8614863169634575,-0.21177158283926437,2.2516715295261696,-3.1951439644287616
-6.1960089694283615,-2.5998031862096087,1.516927275257023,1.195395229192336
2.222265291943093,0.9790034677882526,2.4331451572531435,-0.2681909174610453
0.08635671077772733,2.1796411851156146,0.008589491220191571,-0.047054512715334555
3.2050359159690047,0.4010936580658709,2.307964323325561,1.2058942039987484
-1.0893926288926596,1.2503965361740415,-0.3905779376500849,-0.8163133256408848
-5.996327722334148,-2.4504360953922966,1.6522888993736964,1.4443561662507634
-1.2138775174356757,1.135030950074523,-0.46694113411436317,-0.9111074035906656
-0.39970119638419566,1.8226474796098386,-0.24998513500177114,-0.5935822743866609
-0.5472546925515329,1.6428391236890325,-0.19141657190462394,-0.3368732211304471
1.8601395317007932,0.7231860965362036,-0.5665593159359701,1.8227120641089531
-1.6208272355431725,0.8352916809676739,-0.0892410218578952,-0.42697920460760597
-0.8280467644794351,1.495342076145199,-0.2719863804965222,-0.7234399036644723
0.7497725984827049,-0.020283553898596426,-0.790082049262835,0.9145741976298476
3.191815714280905,-0.8539223921805613,2.0079212083489297,0.6249534847518894
1.4293632992293073,0.7512921420969675,-0.4579606293159846,1.7035721473221097
2.033572240825627,-0.14846383959852677,-1.4722930193711963,0.6527992561535197
3.353473274536085,-0.10852471760220778,1.5108430261637233,1.0738976327303258
3.5472710723138214,-0.5498404819124953,2.7602788393140085,0.6006264500247775
0.3608240148101557,1.269891171511619,-0.5709557195579155,0.04590770028628841
0.3848005515777242,1.4943510648875122,-0.28773003819123877,0.4474686231894305
4.545386021193739,-2.4327259121928866,2.774849459867357,0.011420256363861018
-0.2327699994996656,1.9431440424250417,-0.1463484591123094,-0.3735266025275522
0.026120198365034708,2.185873574865206,-0.19606745756953906,-0.5391807809733407
-0.7432441208566852,1.517489439582516,-0.43993385289361914,-0.8539813290788065
-1.0701920532820257,1.2586342174970564,-0.1317784829580245,-0.3751931674257153
1.2609837476451828,-0.1538294020703632,-0.729454437197902,1.639303173737302
1.7175445630868553,1.0611090873849824,2.110155679364744,-0.07015301806698038
-0.9946309079257752,1.3438546585272924,-0.13514644671707401,-0.42446629771561073
1.0711890512015931,0.2213808336599589,-1.0091910126470205,0.567074733964949
3.101292225590467,-0.7230745637817257,2.0497965762715693,0.7034461624699332
1.1162020236568986,-1.982793703369525,-2.0499426306668087,-0.2740047300517637
-0.9581561838311335,1.332416439296673,-0.29531843617695347,-0.5852774552255252
0.07467298314556908,2.1936630092447866,-0.055936317780001486,-0.2164552742789593
3.655347386243742,0.0625750139554083,3.17454124919715,0.6740139568966798
-0.3538231219103563,1.8082165816758944,-0.012679689172517793,-0.0573009189983718
0.8916514375072424,0.9364063291753388,-0.509213957558359,0.8692212387272168
-1.9720460250750165,0.5957467717549738,-0.3495284058005908,-0.937542319919835
0.09450526189419756,1.6547991811844942,-0.18134094866086667,0.14436486879114419
3.2224098127731526,-2.0545387258305174,2.7810252878498667,-1.0900296188410978
2.2636606486994566,0.448355511761956,1.2549330907793277,0.9417837779077062
1.0213113257816597,-1.9846653360285385,-1.6743525715167533,0.406337782579707
3.4740117455299466,-1.261207600110407,1.9277531075131742,0.24937210677525762
2.1462114465226922,0.559282433358484,1.870657830981696,0.22846529967854437
0.9766252345990862,1.7532350361115963,-0.25659359152255873,0.7400485725044804
-6.079202927781011,-2.5124290392396698,1.5961087494019894,1.3410280415159161
-0.3367838070264078,0.22619770324000768,-0.6570363769680363,0.125265310963947
-2.1481439707238725,0.47650521161806586,-0.26381671188836303,-0.8600830539884795
-6.1960089694283615,-2.5998031862096087,1.516927275257023,1.195395229192336
2.595042693421406,-2.229144452894654,0.9965007923482284,0.38994944137791465
-1.4689604253860562,1.1375037693109293,0.03400915962596759,-0.7500887370351259
3.027300435880086,0.25859915671928035,1.465623375872668,1.3974433548509726
-0.26249876626712765,1.921197124145102,-0.02768386552981163,-0.18572110358533242
3.3792518824801663,-2.7730050418453405,1.5985554328337472,-1.0484219275349043
-2.641252112855018,0.1692117098425035,0.5839942504476191,0.195967246837416
0.8667417569225631,-0.08748306062231258,2.572952774746571,-1.579282656003253
1.1877739059742098,0.2104178968363401,-0.6600077636593394,1.472242584779036
3.8349730910490134,-1.2727187232034167,3.3793092576466104,0.7505330411761466
2.563777474143985,0.1701455575756333,2.358919644410381,0.23572039487475532
-6.1960089694283615,-2.5998031862096087,1.516927275257023,1.195395229192336
0.5403288247529849,0.4243442772709466,-1.0201592295302175,-0.013376136235761671
-0.16069705342194132,2.0672808236698614,-0.28933987715056103,-0.8171174791521776
-1.0322471571257361,1.307795826125391,-0.18821709875534778,-0.5378375701521662
-0.10784864404735021,2.0562665524814894,0.25982095764639906,0.2683582659273363
0.08277085852352382,-4.288073908701492,-2.7515012261600975,-1.307262944117865
1.6350048769386958,0.8187752310896553,3.323193856835189,-1.4456773380450916
2.149160632590206,-3.404592304264715,0.12964795987668282,-0.489828672660538
-2.7053371413833425,0.038815477316270226,-0.18644167098090472,-0.7843570574874283
4.365487399126142,-2.0377820292860593,2.613200171738462,0.7531574842052573
3.132606180240603,0.06570935861586176,2.7487408486433855,-0.20417244012315156
0.05002195181735506,0.6058077585045216,-0.11479410901222903,0.9708251138241955
2.686790587943477,-0.3022842589678034,1.848604494580671,-0.43634007513456946
0.6419728629992457,-4.365211951939106,-2.921451952578557,-1.1572947455319313
0.10045072709038143,0.6083073300865546,-0.30966567834993547,0.7960949600275802
0.7370638266911687,-1.53798793296605,-1.8699194980661826,-0.3182895020698677
-2.11913317197399,0.5506830831380857,-0.49301600894246295,-1.3939971348351992
0.6374165385187676,1.6714354348809397,-0.42405107866349795,0.18405027084874678
2.5978917358962756,-0.5933959954021891,-1.210214389105741,2.1138476671290736
-0.23612308316912395,1.9672731364493132,-0.5161744519279501,-1.0735627043305813
1.168470725505801,1.3841665663153973,-0.4390850357378284,0.8965932466302079
0.46752131346027237,1.3139861151166006,-0.7820693475660131,-0.31547413609755853
4.290988460605903,-1.1147017842003846,3.1047176094054203,-0.22609361254684446
-0.9081813254450624,1.436384145680354,0.01810076434469508,-0.26474757775887653
0.6613800848152946,1.3703854161278082,-0.4891558175659373,0.3226857912495338
-1.0895847486623604,1.403659711748732,-0.08697022247959899,-0.7729947893624634
0.4308717308798588,1.179663384815908,1.8045267683115418,-0.8575181318451397
-0.6988325675249907,1.6134581329009103,-0.42023438726770895,-0.9994661490977265
0.3169492811107021,1.382934428170587,-0.406172409082655,0.2088322748482136
0.9080406082693888,0.8533512515159773,-0.879729732979284,0.28573003300365835
-0.45797069938625334,-2.4650354375537042,-1.2822786610668224,0.321383050387145
0.4824260204896094,-0.40890317774468393,-1.0127636435988363,0.5539910861581502
-2.6419464487945565,0.11405820372555397,0.11506550819635458,-0.4315468737988717
-0.3065667530011976,-0.707668777007918,-1.069766757291049,0.010594231036358955
-1.4042733913666803,1.008890599658592,-0.3194031888216013,-0.7414325202732026
0.9677258248684228,-0.7560253784307663,-1.3884642479435014,0.36546117079424706
1.062107959552706,0.11110009288428355,-0.3436052271319905,-0.4831762303322607
0.23019724549355922,2.2889977006234514,0.055260043698885285,0.05619850301226629
-1.811931005297366,0.746958236805308,-0.213250928059477,-0.7572797541619385
1.671281142614543,0.039532062842191275,-1.071530393867128,1.1530295394714432
-1.5654091269191903,0.9436461593250158,-0.45335596312106635,-1.151668701516863
2.450791725737889,-0.9836120603812891,1.105750319704232,-0.0006735096924779757
3.91219716043885,-1.9601148761100227,2.127859864575333,0.9910167485202828
-2.754517877178981,-0.0032710655366679185,-0.17409604418360072,-0.7588744399884826
2.0792879101041453,0.23397526825478357,-0.7757825966652538,1.9444265914923882
-0.20655163441032845,1.9754582473153937,-0.48713384795998654,-0.980873241874943
2.35470707160393,-0.09061884219518433,0.13624758395765035,1.7519109297585305
0.38212018980284557,0.7222956991222028,-0.6827976935119331,0.31690860818072575
1.4157717444887012,-2.1809978521809463,0.7211875118408222,-0.6186788443119289
0.49800675575458,1.6176411579260828,-0.15473013529306762,0.5590702772587766
1.363163116001824,0.0729193466198197,-0.8873824828423847,1.249223612975729
0.2777649996215136,2.3658344632763804,-0.16855375214436705,-0.42132800130724923
0.6251306241698686,-1.4460801895963213,-1.3201132902333979,0.688451687530158
3.7579331344115956,-2.4242415242186772,1.0759267552982266,-0.25950261606329883
1.6713455442257457,0.13804148840068672,-1.2045094134475853,0.7844919657377691
2.3281120739293715,-0.3933191394676957,-1.5472445556461918,0.9854774762212537
-2.371557506310447,0.35553741446881304,0.32976611799832645,-0.09185320025352749
-1.0726665896093548,1.2489398742420608,-0.24744990817045778,-0.5323723142951918
0.38462373441462133,1.3102855090581798,1.5052067170665897,-0.815821649945776
-1.0936867698285533,1.305186355412613,0.10530202459040273,-0.17574994331960067
-0.6930244238180451,1.5755050420930579,-0.34139421753474924,-0.7316503097960547
-0.936278216411027,1.4437562430124926,0.01038816324206019,-0.3483463588873907
3.9889510270645165,0.15277729291059627,2.053608741630542,1.942071300743996
0.27542112731841983,0.6013710695931362,2.0070737778699392,-1.0675451226494974
2.583922774358222,-0.9262908848520279,1.2522203734951762,0.653366762434143
1.4185964515138394,1.2677762503960017,-0.5209462665366817,1.0794606073255955
-2.5732907360869324,0.0908128986478346,-0.1013027456389374,-0.48647780888553604
-0.5404488755366262,1.7093135756842097,-0.46807370544793864,-0.9699301908623986
1.5824434746745237,1.393422524437938,-0.3831609522053575,1.3890111589090013
-3.643095381297395,-0.6086010970407402,0.7170967099773481,0.27452443872395443
3.3357732228223558,-0.89793885631494,2.989760018025255,-0.12331485336151947
-0.572646102137115,1.6924895299789389,-0.5227574763011865,-1.0888862193806843
-2.0048759705001404,0.5676563358922506,-0.34120366082338854,-0.9203679972505138
-1.0587079416010825,1.3771089789619477,-0.5837438691209867,-1.4204667198348748
-2.5101634874703396,0.19106664437179277,0.1410949577491048,-0.24017953635846476
1.4310310657065006,1.2248736841418966,-0.3855845262526014,1.405996615770688
-1.4938727731242816,1.003038821178185,-0.11513091615715615,-0.6565809500777411
0.21469268297641353,0.6865032420750287,-0.5368882219398966,0.494897227074098
-1.3424607900399772,1.0966764041713024,-0.11524079738729015,-0.5235905908380096
-1.828951304920108,0.7181780354488224,-0.3859323177956819,-1.012632822207288
0.49503801716969476,-1.5118413630084793,-1.3657698682914212,0.34666088560624286
-0.5384620051184572,1.6973132990131932,-0.09325354226367014,-0.31904561794842884
1.7123213899580312,-4.377029481638242,-3.2492907649435563,-0.8250624452491034
-0.5434645411017582,1.7093407417735955,-0.5003696677345015,-1.0316131156921613
-0.8539295608147823,1.4272797750383899,-0.5791336829326624,-1.092841075762155
-0.78257402855553,1.4750239080992373,-0.40825047285166177,-0.7727987463614185
3.3314604984408214,-4.814305323130479,0.2797016925986636,-2.7282930448740785
3.0568883373961846,-0.6662139388951783,0.5750955656240652,1.0862540767587274
-1.9769177110889624,0.5852456241103796,-0.09319857711535204,-0.5426049338109541
-0.46267773992698596,1.7526763542087505,-0.3754035873128165,-0.7573453119027316
1.5158064532652546,1.2121609682756778,-0.703409651844275,0.8549837408248612
2.120101085392154,0.271877587390473,1.6939795519627991,0.1703777331921951
-0.0001242583544229797,0.5149017570462574,-0.506807712166696,0.4676213407985435
1.6481883639124169,-0.2500747627609559,-0.996864091452571,1.5082144305858929
3.779103178703839,-4.890422151605526,0.23052586704862818,-2.463739039431756
-0.806605517618488,1.5243569847763916,0.10737225511480163,-0.13107001726488202
2.4996555600694066,0.8037708760567741,-0.6313552462086248,2.1982615645879267
0.2055988461600293,1.0594234916813292,-0.3538002272487077,0.5177330085914481
0.7266795855264929,0.8222818464223705,-0.5430654779842911,0.6563643071675046
2.54490416334627,-0.0976016477893064,2.6267347425578507,-0.6108006222734031
3.0035256087885838,-0.17155750845579315,2.2860800791985807,0.7774318679827074
-0.23100675560337486,1.9189621372844943,-0.14927984046385487,-0.30975874259103325
-1.8993132649736866,0.5966931909816745,-0.29084805355237037,-0.6787568772722143
3.619840780758504,-1.400978406872583,2.9018439281110022,-0.05772831180892603
3.0094376103088867,0.5153905315993859,2.3188994900778073,0.9222629023824477
0.7618815888897458,1.0001243533070328,-0.5704212631972219,0.629839779187684
0.08248729570030228,-6.908375203386016,-4.378419462094621,-3.5447947152413306
-6.079202927781011,-2.5124290392396698,1.5961087494019894,1.3410280415159161
2.461565526276523,-0.23252605178742589,1.265899723385095,1.3144121481177558
-0.19763368420965363,1.961026396573917,0.14618883113521772,0.13957337928550875
-1.1535542824493605,1.1920275937044913,-0.3386399483016413,-0.7127770313738102
-1.0626287333410505,1.2526914456794536,-0.25633726608882484,-0.5354173373485396
0.6135633686210462,0.0002795452208354095,-1.0208591759256442,0.20420472164309733
-0.9640515755285675,-2.9176362813320638,-1.6073026151577001,-0.8067747981307495
-1.220072413531786,1.2134538877978862,-0.054630938596240096,-0.48878993502062085
-1.3344703560714979,1.063200846914816,-0.11542670916767084,-0.41152284484179946
-1.8601356616246234,0.6302265255514727,-0.3005316977944377,-0.6987607669253104
1.6750016086681643,-0.01587354771417132,-0.6720592739963619,2.006203190566939
1.0117151695043434,1.025033963924243,-0.373010220830195,1.227648183297945
1.4340082378576897,1.150599587843479,1.627583631944084,-0.012167905648450744
-6.1960089694283615,-2.5998031862096087,1.516927275257023,1.195395229192336
1.6624973402652508,1.4965705336043142,-0.6063004222667148,0.8897225057576851
1.4695531203670547,1.6064351923926792,2.52928815427274,-0.8400765139624397
-0.7775381138923668,1.62259481237454,0.023212815834753455,-0.4909791258146501
-1.1296300779468116,1.294457780969822,-0.1206849590803506,-0.591985463609957
-1.525080621185391,0.0863014028006572,0.9028052001657993,-0.5196155301141955
-0.4486532751445088,1.8120014873181933,-0.14183496993344732,-0.5207803040057075
-5.996327722334148,-2.4504360953922966,1.6522888993736964,1.4443561662507634
-0.4304800814350991,1.824046931408071,-0.5917893488360279,-1.2463878132386603
-1.4354462139630968,0.9936490752371513,-0.40728096337452785,-0.9190871454918329
-0.8371483912590095,1.4407370510247464,-0.01907630994861455,-0.16283328920169096
0.2722531296006531,1.4111084849698605,-0.36573400377717225,0.1782251015075872
1.0974952893034458,-1.4110962716366127,-1.545005422929072,0.5368134141290389
-0.5862038646559492,1.6901618528486606,-0.24311339717622163,-0.6372394102254987
-0.43683541836541284,1.7685459482361257,-0.09444514387154804,-0.2664641911650381
4.1485794358762265,0.00912061622077103,3.2232664019278974,1.4441858160547425
1.6765317809629154,0.7697411532945394,-0.9270458613219653,0.8229156632332815
3.6444379989022906,-2.061617674403814,2.128364270163873,-0.6155095293741136
-2.485794713291744,0.2514451519980777,0.21171031564635598,-0.31569499651018823
1.4206161841607188,-0.2863900529658501,-1.0736109415734998,1.1803703301913455
-1.0851154509510101,1.2540561483791426,-0.3916644296398915,-0.8185546074504388
-0.4104418000291558,1.8453529222492249,0.141793568289294,-0.039747503124138044
2.956343136944906,-0.38024436178130183,2.3928977677011516,-0.102288681624496
0.0449447154341131,2.2470634120042985,0.111787493268499,-0.19366681000266203
1.8624885997210534,-2.6080284606466675,-1.2356645755368825,-0.28028075527615043
-0.7801732708529877,1.5059684663396116,-0.11973358153378338,-0.38315900757526666
0.5969902542356165,-0.40159094517296773,-1.2635156114053,0.1095810119666822
-0.9381459161454028,1.3503713910322328,-0.2487605461975886,-0.5103622037415846
2.668225970339777,0.18168347109243022,2.0635811785656677,0.3470346625198334
0.6846939974240771,-2.607959380534659,-2.1209886571553147,-0.44674177449242647
2.908465792120261,-2.0963296583302835,0.8030880439100032,0.24288836123452182
1.9117794823053347,-0.0990400412468885,1.3095987349013867,-0.015104155190383196
-1.8884881668150268,0.6672395420016574,-0.3707642141194957,-0.981347759490446
1.9281022879864607,1.0709320250527958,-0.5958856813159925,1.5549696441287055
1.9748482890502457,-0.5684909777491333,-1.2843754337701325,1.385540834104329
1.1019716877401484,0.1664925223197103,-0.7653020947942302,1.20251418794823
1.7783976682975675,-0.21111229629267023,-1.31103528138232,0.8297874699838875
-0.8475304881152425,1.4442098757096637,-0.35945559564128554,-0.7504198944417848
1.8850029873012326,-0.6500251323462255,-1.1639155748926615,1.4213010218267543
-2.18907919391127,0.4344120101697929,0.07957118951160465,-0.35667096487243816
1.0543998775168524,-1.0612075883388556,-1.9835679479017183,-0.6947918853443229
-0.44718521192226746,1.74460041675332,-0.122471950577902,-0.27256545541413574
-3.5496097945316634,-0.44629958050321267,0.7310091215816913,-0.00898280238354264
3.30867116939622,-0.07269056304760182,1.4516933708099746,1.5651872405844671
1.922397624143074,-0.3263616803742328,-1.0241974248860612,1.6796779664380856
0.5692043516832829,-0.047195272675166655,-0.9593011015595602,0.5403409101383703
-1.5584700510083038,0.8460676105579115,-0.23697661548001728,-0.5046966697461196
-3.1043966646475756,-0.27927646515665167,0.2749491299626491,-0.09929968747315941
-0.2858712774843821,1.8598829738850935,-0.04074344721210423,-0.0882899986423422
3.212562959723411,-1.7803730684710106,2.7382745906806623,-1.2622018531992376
-2.4220071237039242,0.28124754070579816,-0.2581759594686112,-0.9323595858738901
-0.7539932947468584,1.537348966003513,-0.4762044098099652,-0.9929043397241107
-1.5846130748830358,0.8660151171308823,-0.3694917737165568,-0.8411226752656367
1.5762738834184027,1.1058751040482309,3.1042972252818384,-1.2000833676431901
0.2938849030253504,0.9012182799579929,-0.9309212547625748,-0.41034579990905856
0.9240280057410403,0.8226289667943073,-0.14753666057367099,1.6714067541480577
0.9894807762171614,0.15057182999923918,-0.8821112450237462,0.9206592220855849
1.3196712901673746,-1.3203416319727785,-1.7595281416342068,0.331232575740905
5.9217689604061645,-1.0653888476018807,4.8015891105473525,0.6178423632654647
0.7597686372985283,0.1923956318316014,-0.9527655829890959,0.5318879237642843
-2.846261892818303,-0.04391351323056416,0.5395294964488072,0.2641023005604612
-1.6507445826815035,0.8035564534698224,-0.1958205738254766,-0.5835088042942367
3.9321371608052984,-1.601334595284275,2.617749488769915,-0.06568317994070101
-0.9705036354395065,1.3263109470045196,-0.31443357238235375,-0.6285428957853602
-0.4150917244546226,1.7815422495934392,-0.19132154398891535,-0.41765946191460557
0.8057809997572016,1.6075792023605722,1.8531308052055282,-0.5670690236686546
-0.599833203412614,1.652247162575871,-0.5830040590039831,-1.1431986873931956
-6.1960089694283615,-2.5998031862096087,1.516927275257023,1.195395229192336
3.274553035791701,0.30815565847515486,2.7931168740919334,0.9344105978648566
3.8097340319508812,-1.1109090758853666,2.28858607988697,1.1153247052259179
1.73973176559186,-1.5027649181152696,-1.4384281557506888,1.418615448257785
2.2720103380984114,-0.10498634061029642,1.8794030798756296,-0.2764362487871631
2.7542291899131524,-1.1961050846642058,1.8321327609170177,-0.11562600872762066
2.074377961764708,1.062553020616349,-0.4484645169370124,1.9685604818800195
1.7639973078641296,-0.1581848434773298,-1.2449437511481876,0.9671451367987189
0.2975609583169929,2.379654201146606,0.15022320033329414,0.11956183477021515
-0.7440553900706784,1.530936012333026,-0.4213499633920749,-0.8603472401818754
1.4216700096929145,-2.5881641579363475,0.3349844619338618,-0.674842357072511
0.9796251675687475,0.6636101441036636,-0.9879083871540172,0.26337016945603214
-1.6691461497284361,0.7919533687791486,-0.06638389163774591,-0.34318423410968063
2.0908764911017514,-0.6144815436793345,1.5610728113615193,-0.4591414104169058
0.02113659213435215,2.1469800437990108,-0.0019728299697951627,-0.12662602105974627
0.397344216007992,-1.9371820307656014,-1.3032123507899482,0.5194083966783702
2.2286408606328467,0.6720705512449701,-0.38644041281699965,2.578386056945657
0.6480129411141953,0.685302913802374,2.7241652467135444,-0.9279535688614818
-0.42175504010274323,1.8591584868737554,-0.8291323752536676,-1.727795507521483
0.8899929064343096,0.5343158734917778,-0.4046388284526807,1.3672725230112617
0.8764020023646382,0.13321450388368558,0.06042169838084263,0.25122220027450226
0.4081604384038202,2.446740807244452,0.22674005667981817,0.3050785918890374
-0.8698402493643306,1.3914000806769056,-0.10614887621462085,-0.22841035501378656
-0.9533571771456447,1.3562514009634117,0.09182343140121128,-0.010933528432416836
0.8813652795832078,-2.2638184420075267,-1.5091555669376815,0.581301996254204
0.12027011153874073,0.3376854007282699,-0.23634861472200133,1.0778866540706673
3.613293131984044,-5.069235490430717,0.27812554758946106,-2.903197949790876
-0.9555494698434205,1.4055969492532394,-0.15286020365330608,-0.5627550767603123
-0.1591965527709596,-1.223642468416397,-0.8460770658553024,0.7396686260512488
-6.1960089694283615,-2.5998031862096087,1.516927275257023,1.195395229192336
2.0057177566970488,-0.468547471004412,0.9223522306645283,-0.15818837875354266
-0.28443118769178577,1.8980625013298051,-0.38559062395353644,-0.7721604448358044
2.6087278223059087,-0.6617864707306511,-0.452975065370032,1.2640267355534875
1.3494268640829354,0.8057797802995583,-0.6138170479700041,1.2560121189984272
-1.3040219944934721,1.0667444396473014,-0.33632210508314236,-0.7043636075936373
-0.8427924794422346,1.44898039830347,-0.08213368371024046,-0.28226046350783746
1.5735679294222924,0.25940389257779567,-1.0230668158693828,0.9917932276579806
0.5571574552047242,1.4683130255653005,1.73651056911165,-0.49441146772135935
0.3703380492831879,0.1857395301642592,-0.6713327150566133,0.7126409064362925
-0.14503340965055497,2.0032022719018596,-0.23401753084001123,-0.49011536066061645
-1.3818417062216437,0.997528281329573,-0.2606402324208115,-0.5726447780694871
-1.476903608863286,0.9659737198415799,-0.23085652110987223,-0.6358392883106373
-1.380511062493082,1.0779962605571363,-0.6473752543414548,-1.4369907905754902
-1.4745604826502314,0.9601822000342204,-0.39734878453987105,-0.8985980623693152
3.5039053303637444,-0.11006060967057672,2.511752674989482,1.069747015100196
1.1971757385679864,-1.8150307803232106,-1.8540050514746382,0.20575615359537927
2.031406256920491,-0.9965943870755798,1.8008685716334532,0.2278249213986065
0.7049633379120935,0.7547497144322667,-0.3229341553053947,1.177827426532084
-6.1960089694283615,-2.5998031862096087,1.516927275257023,1.195395229192336
-0.19295704277989453,1.973518014497614,-0.307934688372191,-0.6481613930152686
1.6236897676810655,0.5374219372465742,-0.9890442885252554,0.9262185447458554
3.432302338188777,0.25298339612610476,1.4271968140487534,1.8351319249921683
1.0897100028197428,0.07887363950105002,-0.9689255791321137,0.7925976660688098
0.14989467707870333,2.235563367187506,0.16461847793280243,0.2109090603529263
1.0670822121555228,-0.8554657198381261,-1.037524811104666,1.2067115247595437
-1.7892955549227,0.7832812612033252,-0.13676562663761424,-0.7503533985999091
-0.16622112454646845,0.206958059175934,-0.35907445004620087,0.7383753417157406
-0.4982167243481782,1.7040493552714078,0.019664204247538366,-0.041981160825197865
-2.0906920506652886,0.5031880200326607,0.115086666156486,-0.22142857373323285
-6.1960089694283615,-2.5998031862096087,1.516927275257023,1.195395229192336
1.9907092963786341,-0.06571196356582362,-0.806643494026069,2.046738997169468
-0.0890263802478259,2.0666314602540106,-0.45564974688325416,-0.91314939180685
-1.0601932943749923,1.2967233995744727,-0.23003593167262995,-0.6034855190867728
-0.6082037017143547,1.623439067735757,-0.20718650672321406,-0.44566036695773525
4.186592189450551,-1.8907529932026685,3.3808305366990585,-0.5128949685944109
-1.416677954044384,1.0138479068840318,0.06716626789882209,-0.16894483261794366
-0.1511119964100285,2.030263849866705,0.010956205850000823,-0.17298122843004474
1.5540190011292114,-4.6821711464516484,-3.16285760861045,-0.8166735417038102
-0.33955326851895545,1.8589438806069065,-0.039904613187165504,-0.2187907279256707
1.2866514245480705,1.460871554821102,2.2053461084451063,-1.0328588673846872
0.23981956978329064,2.3099286412714366,0.11085627177590478,0.11694872413412555
0.6860121027518268,-0.6473915188198781,-0.8599960586712284,1.1781690854519453
0.3684833019183746,1.2459785607060172,-0.20488357925114487,0.7599629964161831
-6.1960089694283615,-2.5998031862096087,1.516927275257023,1.195395229192336
-0.4639193503447268,1.7018148725559703,0.019575449006967307,0.04443394201875215
1.3286872416983673,0.7395900188608996,-0.3739990627052623,1.7169897894687578
0.6320053628505204,1.0280327115720818,-0.2978559718965683,0.9797195231031895
1.2834396316413694,0.09457125167868655,-0.6301539321243683,1.598284917981787
-2.0141266813119696,0.640505705282438,-0.5201723908642976,-1.4499668269319659
-0.11570008612562735,2.0781204914060982,0.07015877953818563,-0.14888888676266646
0.6727894603782506,1.5265425387795815,-0.23149240140918895,0.7853544761415762
-1.6062154384905012,0.8209382664656821,-0.20420483660015534,-0.48678505688100404
0.19849006174624895,0.32388545428204796,-0.788366200447675,0.2200600324781733
2.8849769296167738,-0.3854757402200279,3.3677225576995378,-0.7326820090302796
-0.7018668826858112,1.559852790723741,0.001217694709546948,-0.1370794938649834
3.235105348974715,-0.8560453925830044,1.2814819763021388,0.9325807611126445
0.9966749400627617,0.7357147199473402,-0.3637905752137276,1.343700234169399
1.411688801546927,1.2950314481197527,2.9138859083201796,-0.9059773392594743
1.9365632672774131,-0.20085363524844166,-1.4559250870076765,0.7325930268366917
4.005751688121724,-1.274262846521837,3.1887213043389715,0.22151609106998207
-1.3888331664757607,1.032674437654615,-0.10707204770255685,-0.4374481007919686
-1.0696200704659253,1.2898815544702544,-0.46278559538239544,-1.0018685131932152
0.2357945361470076,-0.6676023991607875,-0.9745321921865633,0.6128020983393113
1.5073687307900905,1.2324084637357822,-0.36178140181265694,1.4820484691559088
1.920341010078175,-0.5460428163368025,2.355703230748475,-0.920737447764291
-2.7889570976028986,0.135864053583448,0.3159832638121047,-0.5257231427671597
0.18167608758189865,2.26194145882155,-0.35705292781575554,-0.6736599449660058
2.552827855762914,-1.4907454818079173,1.7658760054901896,0.07423896027601526
-6.1960089694283615,-2.5998031862096087,1.516927275257023,1.195395229192336
1.2985753211509867,0.8492676262383967,-0.4131187307636162,1.5140548652964223
1.160244195685931,1.3162621268381867,-0.2075243427040083,1.4368846988646078
1.5292208871122284,-2.7294864388647673,-2.4161824771527285,-0.13055806392818767
-0.25101508071067063,1.9385033773195255,-0.06782824789070854,-0.26815222147171464
1.210326220153573,-0.3602655733123103,0.8188579525352138,-0.5185106070570544
1.199633675051845,0.6363219555303703,-0.5747567828177488,1.3435853094866137
-2.3090690140550802,0.4361382476123254,0.2970551530882274,-0.2511432356742292
3.306350150479353,-1.7075660785514917,1.3270152478473418,-0.13950091341938728
-1.0463606832026786,1.2740840459078056,-0.3090345122564802,-0.6463992866828995
3.1972673192067114,-0.09428216006251515,2.6365515155362473,0.3556791592343502
-1.8993574870037142,0.7519568910490133,-0.027159726997936524,-0.722923490232009
0.11939352790118846,2.2624612824385366,-0.3331798979799469,-0.7760767796623504
-1.0218165893664128,1.3498596728128276,-0.2769120467123934,-0.7412378761599865
-0.5964117405393433,1.6311518274950132,-0.32752754415407753,-0.6445264463731951
0.6743050486560849,0.8575023210309891,-0.9948271369598962,-0.20620504479879284
0.13575639815146076,-1.5611979303265477,-1.4660453858729232,-0.018551208435148802
0.9413088013304609,0.8209233114220464,2.9873848013372437,-0.8895890705309727
-0.312563701591463,1.8451332517504953,-0.24885203079532206,-0.46005142467314064
1.1569417862568654,-0.12860777271147214,1.0009982829463593,0.9193585796081455
-6.1960089694283615,-2.5998031862096087,1.516927275257023,1.195395229192336
1.329654031889106,0.8216146845885376,-0.6650636041369901,1.0749778376485217
0.2668825954630682,-2.121381430434834,-1.9088543564907434,-0.6018117072204515
3.5996952466232197,-0.06837222888539304,2.834683188594639,1.1553114384649734
-2.809298980928267,-0.05015236637588751,-0.1603926453726842,-0.7305841899951291
2.0792381771219657,-0.07959256583437714,1.0079864782491252,0.05593976906918948
4.5264375470390785,-1.078595328674986,3.7313550533187225,0.25096927689048837
1.5523905922921677,0.9895798674952619,-0.11807763289843842,2.2195808910890373
-0.4400469797642686,1.8223363702696618,-0.37327651537067047,-0.9211306576570665
1.0679882915562906,0.8275893236752354,-0.5069693992133312,1.2132051731551532
-0.23995023085712863,1.968659649554674,0.02658495694159643,-0.19436057548115135
0.6285551522115482,-1.0703567858736016,-1.4820248269943574,0.16575889845659073
0.8287983212480851,0.7645687996327407,2.2971210163873224,-1.4743178699981423
1.6415230214806347,0.9532973626923892,-0.3702580896915247,1.8223241932414898
-0.5866722220654337,1.6960063282229616,-0.33671543709865664,-0.842922122541538
-0.9913943980285743,1.296345935122349,-0.3553868505794096,-0.6637296306415379
1.2513783434362125,-0.031348527089719656,1.3480654824114253,0.30961253263396177
1.831289176583895,0.3427291264022429,-0.504699219805415,2.224881457619023
1.5442906609373814,0.8123805072171912,-0.5745941002064671,1.4816192163303776
-6.1960089694283615,-2.5998031862096087,1.516927275257023,1.195395229192336
-0.43445981091089864,1.7876326261522626,-0.5477297822808802,-1.0819836579498847
1.221778974133425,1.5508266577080851,-0.038000519534173195,1.522354850086737
0.37790964060441923,2.449704981640059,-0.3694423475700272,-0.7665858708683837
-1.999641604758781,0.5932238266539376,0.18022407764411336,-0.14907785319722375
1.4029581564507212,1.1878538808252812,2.925508365440737,-1.0387734273499603
0.6767309762489752,1.2686288952305311,-0.33605242916310796,0.7401697436730375
-1.9636494463728866,0.5654754504667007,-0.31352473108652806,-0.7756611042250163
-0.767322955114597,0.9416607878582289,-0.01440369270343974,0.15637842520383713
-1.467098577190507,0.9497962646641712,-0.3617578241445027,-0.7934685101288361
3.16193570858681,-0.8400222225424027,1.2421034819731442,1.3460606102667436
-3.33312819325179,-0.4986353877321739,-0.03353099165518288,-0.4682417722360842
-1.6143033773207327,0.901570055313298,-0.22233994289946982,-0.8275143546790731
-1.7073231237497772,0.7848195441639986,-0.37803798475746236,-0.9088052121586375
1.3645576196720808,1.51700591804787,-0.12011740460531602,1.5729317135635275
3.480034411166905,-1.9316384935320294,1.2763155506883064,-0.29189736450372217
3.8533470525318827,-0.122400396754127,3.0141184458219863,1.0766917690578286
-1.2191766599245186,1.1032587265231932,-0.3650521661239326,-0.6641692512742413
1.6192180146516735,1.2870041790306215,-0.10914281829892632,2.0162096080710894
1.4683043161608946,0.41083192772215477,2.9390196147068206,-1.774194972993176
-6.1960089694283615,-2.5998031862096087,1.516927275257023,1.195395229192336
-1.7302765385894583,0.7411184334239102,0.02904553142743829,-0.17312156188702862
-6.1960089694283615,-2.5998031862096087,1.516927275257023,1.195395229192336
0.2829119246900743,1.3440777093216054,-0.29056666784401264,0.40151521047800715
-0.7864795011485403,1.4469213681548168,-0.058576468886710385,-0.11337635744198672
-1.2531119604860221,1.1888121508828362,-0.08916346516141874,-0.5269770658253692
-1.106926839017345,1.274714368082112,-0.49117163195382946,-1.0920962069934346
-1.6044868785666844,0.9074726185855544,0.049478417205864954,-0.34336104973480314
1.6842677954547531,1.1767036197985279,-0.3735707419418894,1.7013716184380454
0.5302713743514844,1.299604879293953,-0.2303581101426686,0.8637840322032203
-0.67467983452685,1.6122822806280332,-0.4105805844252783,-0.9076474690413406
1.4309482268494433,0.22618808918305125,-0.7332015238607269,1.495871969384015
-6.1960089694283615,-2.5998031862096087,1.516927275257023,1.195395229192336
-1.530605198603307,0.9295586300504445,-0.02354264222721893,-0.34488443078435255
0.9190336147141845,-1.4428856456603616,-1.6773713376746733,0.1194210011815279
1.8354484804846651,-0.08931842917230252,0.015963659336587242,1.1352601462971015
-0.02719949051306511,2.114727332062332,-0.14517518199720839,-0.39537350473946464
3.4698805478070454,-4.11746512796219,-0.3174002234272062,-0.8251786691506259
0.3435373622079875,-4.484185104137632,-2.968569141411188,-1.4648806462540491
-1.1709657092185444,1.26565745508048,-0.22957511069429917,-0.8067342162702762
1.2357535126547023,1.2371704044109768,-0.3716904968515005,1.275923508907675
-0.2372501868056227,1.9278059167434143,-0.2871123442069374,-0.5809196937209938
-2.22026577479659,0.4479829871872679,0.4265580001748465,0.13307694906993772
-2.1362551632641535,0.41774185703534283,-0.27075274311737335,-0.6873168945654881
-0.41301799917279586,1.7918089071411138,-0.05117676986601113,-0.21132162260405682
-2.2966260248717822,0.3764070064587388,0.41504253612191144,0.14941072786075282
-1.192001905810079,-0.10477995749060517,-0.79803007281148,-0.7750179311950103
0.7599249944812607,0.9804027482022556,-0.3542512045282225,1.0736563155737218
2.0032038554571354,-0.7168799435268317,1.5497575184012875,-0.9468678023226844
0.7375760424070386,-0.9186611597882344,-0.8361232910053485,1.2541106378550402
-2.014602427981921,0.5218678774963077,-0.3008296872082535,-0.7494472161728114
-6.1960089694283615,-2.5998031862096087,1.516927275257023,1.195395229192336
0.46854986382049635,1.5637167792803293,-0.2890895719857375,0.36137215914579696
0.3417224601455717,0.26156423835113457,-0.6810605808263261,0.6693250034116631
0.9178397248518965,1.431914329275735,-0.302668851340036,0.9229268084228217
-0.7869392895322083,1.4929103301504507,-0.29420700108606684,-0.6367774516624651
-1.943175856147808,0.6204486636905256,-0.3568581718483557,-0.9526630081980151
0.9263732329647906,1.49831726901195,2.168796248342551,-0.5405420683955762
-0.5557749412705992,1.6988094068266608,-0.49720779133545895,-1.0250942187473946
-1.578154395785366,0.9089206931967446,-0.5965058073460779,-1.3321231933424396
-1.5354709169305685,0.915854988022877,-0.21614611048697566,-0.6054764139819234
-2.9233329076750807,-0.14775064653194395,-0.13205729216143006,-0.6720666614228545
2.207708350604915,0.5823553474262159,2.0170480769813404,-0.5621749743705384
-6.1960089694283615,-2.5998031862096087,1.516927275257023,1.195395229192336
1.8427845928560014,0.49138460489780333,-0.8538865628287219,1.2293445405821306
-0.4818243157273664,1.7744390601156226,-0.3081901504261067,-0.7653267635252969
-1.1902230033320278,1.1439100883287248,-0.39151195238977227,-0.7543497757242836
-0.9579081386736805,1.3491985822817754,-0.17863488754934967,-0.43175532714992937
1.2980706303885867,0.8091299388117645,-0.7502759474669317,0.7886650623345561
-0.5301979676356854,1.741764329748349,-0.19734381174349017,-0.5834625145781168
-2.5332977984871285,0.20821451937912572,0.5855574455161477,0.33151179685084464
2.4089502445233233,0.41863917637685877,2.328321843363521,-0.3526465685604678
2.21946140524163,-1.1658843091639641,2.1292691622343645,-0.5724541219468714
2.5754808070794892,0.47244557825933087,0.5802609946763206,1.3904397558981025
2.890043676846461,-0.5554553937329573,2.1777085849904068,-0.10374547512841055
-6.1960089694283615,-2.5998031862096087,1.516927275257023,1.195395229192336
1.863709472493572,-1.5451022427363956,-0.9082868598679339,0.08290261231650761
-0.5225237403544666,1.7056773370538956,-0.10803272730445301,-0.3145985258119333
0.8105189657982942,-0.24060186326682362,-1.309260291655129,0.0020036955408659967
-0.48861454279716937,1.7337664913874515,0.008590630764815567,-0.1226872086595709
-6.1960089694283615,-2.5998031862096087,1.516927275257023,1.195395229192336
1.8958144430864616,0.24390160855755963,-1.0082925037069976,1.3168115166472725
2.448545431601988,0.09739505007868504,-1.179908252891883,1.530942627395021
2.8306984689497607,-0.3403829166008762,1.7361086831325927,0.4573980496217417
-1.949010003410051,0.6002885273212932,-0.1582084682476941,-0.5721929107763627
-0.903323196297249,1.4047512149196941,-0.30404449209681667,-0.6733603743597959
-1.3748487624595098,-1.8130104134457836,-0.832612271551847,-0.11424704181372924
-0.6132004384414609,1.654878612420346,-0.33197179395651816,-0.7777813862693657
0.7578998625013215,0.14034874483856735,-1.0555509681243533,0.07590620324159063
-4.222194646865628,-1.0253394634884103,0.7361477530823987,0.16247202030498278
-1.549980092789451,0.8945955367754874,-0.32024259164149954,-0.7575014770892252
2.40144117703688,0.41913063872892864,1.9272922773287284,0.614312663598848
3.02659167981376,0.31215634893348376,2.035855971002281,0.8534245154077946
-1.6814101716978063,0.914824306499608,-0.44820438383160116,-1.3241641961079618
-2.178785564469365,0.4785066771021307,0.19997677332228583,-0.22811311036587875
-2.6398664914958068,0.09483955098655361,-0.20293268189316319,-0.818390255868992
-0.4420462628084701,1.7909712318614892,-0.22174115384580498,-0.5704763852539252
3.6101733673550083,-1.1919150954492128,2.943692609171124,-0.3919263166013008
-2.9614684118632577,-0.1049288192837469,0.677695962462971,0.376071401460202
4.476916345730515,-0.48479583427330264,3.7742541888020926,0.6263929203170024
3.5327139958598606,0.2841345684561958,2.825477717522564,0.4944722965190288
0.14665047827447492,-5.11238418840412,-3.451355374055032,-2.5632242755968067
1.7143314786769244,1.3341570816334496,-0.29667328663293385,1.7367619142553226
2.586014943161742,-0.4988553229391854,1.1319603919039285,0.1425057085550197
2.9676732586618404,-1.9227604810703263,1.9743813233209586,-0.12491431092433983
-0.30641092630531136,1.8792600635202366,-0.40163471499039666,-0.7973534076133957
3.0172354405972146,0.07734051885563692,1.6394375811469164,0.41040670081756386
2.4392796835403963,-0.6195120798337466,1.895087295232496,-0.11789360653252515
0.6937492831275202,1.241459438412818,-0.5277836405351317,0.5021336113609638
0.24686540047603028,0.9493894861493601,-0.23353635008166954,0.8580242282200042
-6.1960089694283615,-2.5998031862096087,1.516927275257023,1.195395229192336
-0.7553409257177904,1.4946967650962815,-0.38947584759465864,-0.7336793602027802
-1.5917463515102726,0.8837089131970243,-0.4073905226972801,-0.9693560751336966
-0.858931215649889,1.4091091210059248,-0.23610060066911534,-0.47198399787066114
0.17111111673395865,2.275022151122595,0.009203768672621883,-0.13253937191154078
1.6094729890238155,-0.9120797771392045,-1.507958342650591,0.656342633640756
-2.0300671130665933,0.5986750816562364,0.1280684741692119,-0.3307588965151845
0.07687352642002421,1.7261209377161897,0.043628847940651284,0.3052913494048727
-0.7549854220476151,1.5234201468659052,-0.061315052853199846,-0.27792592454944515
1.7998490833355962,-0.15681642403185211,-1.088574968687911,1.2876027857870977
-6.079202927781011,-2.5124290392396698,1.5961087494019894,1.3410280415159161
1.8773625238808263,0.0338808796044083,1.958472241923342,-0.040457616706874464
-0.7114996268721047,1.5538234725050295,0.1508414033069101,0.09399355222422415
2.7007015032514095,-1.7024297317290988,1.0534133372676748,0.9311566383350423
-0.138264780833584,2.0332917566819244,-0.06373204721964884,-0.2672896625848484
2.484932965865097,0.11376033866286991,0.2532447710675277,2.064275347043976
-0.6124713028976078,1.6294665136435424,-0.16597759187825953,-0.40778588039559904
0.4704832203211865,-3.817120825971563,-2.142618699882933,-0.11465229837715273
-1.4944801536313577,0.9148102281286082,-0.04584175322145053,-0.25767698907135334
-1.384863906834656,1.0855061780752973,-0.2522793018601552,-0.8508449137035061
1.663987140868105,-0.7609196479455353,2.0289177468057247,-3.028092843148485
-0.8917243959163922,1.401813649516529,-0.03429075434247599,-0.18253392220628753
-0.3631720457740511,1.9566792091294056,-0.4377392313223221,-1.2358394341636205
0.792682534187233,1.329322116449573,-0.5115262797270888,0.5282881760572932
-0.0852131341023545,2.014395491721285,-0.02871525045390601,-0.04066055242789756
-6.1960089694283615,-2.5998031862096087,1.516927275257023,1.195395229192336
1.8728972528510512,-2.61201147038557,1.298254907699921,-1.2214070861719273
-0.22649318656032705,1.9523989574457052,-0.1376049744605868,-0.3727157520710499
-0.12437765465697513,2.016499829731122,0.18729364698796838,0.220292910423109
-1.685655705485799,0.7779233852997045,-0.5042865401725821,-1.058077469676465
1.661097757286005,0.22966357696855708,0.9808393586981439,0.2320382500031503
0.4298141446474538,-0.515493532186251,-1.2356991236424253,-0.021841957107736835
2.02905654701586,-0.5925495632648278,1.796539125392586,0.08397299507903647
2.5537240287949636,0.08702336677916032,3.2700069750660554,-1.0446298274042223
1.6457729022853762,0.16984480443488428,0.8083489980805592,0.6424352454264004
-0.31651960370748594,1.8326703481824458,0.08418477274163293,0.12862936355662383
1.5148180741240045,0.33970552366474266,-1.0046267199020957,0.9190692981343079
0.5444362749226344,-0.4832960171676412,-1.1715375802803711,0.19116137039378792
0.13759887398923426,2.20210593081698,-0.05536134538957956,-0.09878038898222384
-1.2309070417074608,1.1244188725527713,-0.07859627068941363,-0.26075674203456206
-1.2502015748985018,1.1084678654105404,-0.14728168587867949,-0.3995411888019419
-0.26114077357837173,1.915546346617392,0.12683246183605154,0.0797449705222552
2.1295470684324367,0.011758805067586156,1.3004704940982628,-0.12099361702314787
2.256616061526677,0.4743693527156983,3.1611005799690544,-0.6912770110392403
0.8970282115750162,-0.2651907355301812,-0.9362535776461436,0.9800070744327843
2.0502728569962017,1.3786355006219062,-0.43840447452249853,1.6665935594811199
0.8008684117274435,1.0249934398828289,-0.49774438763662593,0.7662832448069724
1.5846178605896095,1.1063243691512128,1.3351629266328282,0.37825741150618314
-0.11406192310093241,-3.1238008414778466,-0.790607222909178,-0.4905855192883358
2.160289518778797,-0.28920635220557195,-1.1379266413645004,1.5961687916597025
-2.3488791083668663,0.33016072575047783,-0.0926817732192077,-0.6181540271609877
2.8279001894811198,0.3097801805684602,2.1097324844157552,0.7292496636182131
-6.1960089694283615,-2.5998031862096087,1.516927275257023,1.195395229192336
-3.227426997772956,-0.2214109449544657,0.6548234728114527,0.04646862529349003
2.6145152402483927,0.7033296139549503,1.1790488583715277,1.367315017461831
1.1028425210199726,-1.6090885620140483,-1.5362352103277352,0.6072570699965688
0.229025548674631,1.0570372352599946,-0.5034546372801195,0.24809116620374305
-6.1960089694283615,-2.5998031862096087,1.516927275257023,1.195395229192336
-6.1960089694283615,-2.5998031862096087,1.516927275257023,1.195395229192336
-0.0023622510697688596,1.0288990582961735,-0.6775949610107428,-0.2604619813351151
-1.4592004387774893,1.0003863805251014,-0.26268755649956727,-0.7684499863141401
-0.5786605309059092,-2.464397607582789,-1.9463183398330708,-1.2275476830964915
-0.357746397349414,1.869308834600085,0.19961671492561553,0.10411820695159013
-5.879521680686798,-2.3630619484223576,1.7314703735186627,1.5899889785743433
3.3497084568767814,-0.6093358135104201,2.139287941714316,1.4702640365551236
1.891551689160175,0.7339889947113454,-0.4864637116645503,2.0741569646975795
0.18742608847358058,2.319028975821641,-0.18245274484964538,-0.5182651865594021
-3.555103075710027,-0.4844672079944448,0.4749863664764355,-0.3351300078078185
2.031457617254475,-1.086915080948689,-1.7054928370116067,0.505653481095738
2.111575064796723,0.016042708297860014,-0.7663788554435996,2.1682748083128494
3.576469018641018,-0.48473347340667905,3.295639763907512,-0.15715592712259047
0.27223190531051367,2.3325673053912825,-0.10945774649058132,-0.2440407255429635
-0.4476824758007364,1.781964696504959,-0.3348890309288231,-0.7341934077304486
-1.0246779961021113,1.2686136170478794,-0.21440387643954098,-0.42350525338720657
-6.1960089694283615,-2.5998031862096087,1.516927275257023,1.195395229192336
-3.5084672362620015,-0.4558810109253327,0.6463760568465018,0.04085917665106093
0.871197794062162,-4.680904658078185,-3.0890100417352895,-1.2711669257104916
1.9610304411345951,-1.4816561812148576,-1.5225796686811672,1.4489206175423799
4.252697722693369,-0.7673177927544373,3.814901979156397,0.09124817598799358
1.414503563026331,-1.1688059355986564,-1.748485827667547,0.33247669981896505
-0.569313810973753,1.7009864115621391,-0.375760120719643,-0.8543620016520757
1.04217440014217,0.9020393690109605,-0.6500337867829815,0.8538805175878628
4.45376568137863,-0.3724762404650368,3.6319103405361335,0.8738779428631376
-6.1960089694283615,-2.5998031862096087,1.516927275257023,1.195395229192336
1.6551675737857479,-0.5354950675405373,-1.2011089811064661,1.2371705402305688
-3.68760826533847,-0.5279447358672685,1.082358492450272,0.46915344153316985
0.5992055207841506,-4.544954586494598,-1.9740331059642313,-1.5470139203630098
-6.1960089694283615,-2.5998031862096087,1.516927275257023,1.195395229192336
1.6686351735247358,0.639476363447175,-0.6654128190800082,1.4970881095416775
-1.2260449470341834,1.3043556504662435,-0.5657184473379244,-1.5663879603949848
1.9299367617228023,0.2544289775836561,-0.8733674476299027,1.651226160122897
2.0039925180899614,-2.9127338342605107,-2.4114947488312293,0.41094536860129915
1.807813913326448,-2.966361646214747,-0.2673735837243406,-1.7763171848173966
0.5561573742177839,0.9800567239040774,-0.6605767252282622,0.3645728019972432
-0.2708782846340253,1.9349479653764259,-0.24735779911507808,-0.6067933578546674
0.6979069537982138,-1.4199216446820169,-1.7086724228245158,-0.26169107401513725
-0.12785616290050364,2.0153545974614206,0.1370461775337702,0.13647660784580987
-1.6480106095286648,0.8729800782504289,-0.43218190252869954,-1.1080094677945034
2.247234632336448,-1.567945969613964,0.9898261034406108,-0.2239262538828438
2.427810463009976,-0.5654408737905572,0.8545298690008616,1.196717184890889
3.9774497219790947,-0.6500523218089036,3.122951462531663,0.6587229729178116
1.1682730016642273,1.7249065197242943,1.9957457484839725,-0.5766498950540078
0.9345643153472768,-0.5814118889257025,-1.016087559048336,1.077104713321623
3.217548633477313,-1.617200688518289,1.8331482012420368,-0.6001101563459311
2.612906533537285,0.006952040143842895,1.9426007331028143,0.7676267296902939
0.6065197426211567,0.6255102783379834,-0.6427329053222177,0.592062115285694
-6.1960089694283615,-2.5998031862096087,1.516927275257023,1.195395229192336
1.9687371335942514,0.3860109459049614,-0.8511278973176407,1.5227315172742348
-0.4856483770587782,1.7229575493943923,-0.33795927126396513,-0.6645917693852593
1.7589886918632895,0.41989137806694465,-0.5056912572148691,2.1016979605005375
1.646977789929154,0.7993007161929495,3.156037032316593,-1.5410169574846704
1.5198828921912209,0.09535066585545444,2.0098467066755994,-0.9363408991146174
1.1543360874521058,-0.8940433844192627,1.1834809737961156,-0.3000268946413832
1.3925511149471188,1.7539729739579826,-0.13426044542949944,1.3225631279612435
0.8397429766623844,-4.67432474665933,-3.088472173914313,-1.2760750801209229
-1.5221838113539423,0.9432250981793228,-0.42511434007058563,-1.0059122861106704
0.5007539625787197,-0.5085339153989162,-1.2359478051397732,0.13251647872151762
0.6034973680820708,-0.16100878818046965,-0.9478892485276285,0.5999859511423413
-1.2779309070224405,1.1284157772509145,-0.44741300559686553,-1.00186150694407
-1.539088165297303,0.9342507840230793,-0.12731842835516607,-0.522869508682911
0.03932374711860515,-1.6364534813998544,-1.6101095791312885,-0.545204229463126
1.8929638791620271,-0.5609458424976305,2.708379100335366,-2.1882978386673577
2.908922898666318,-1.0194409959130264,1.4554495317028069,0.2999451897748908
-0.7656063530844456,1.507959233125173,-0.1949653805229308,-0.46176957356065207
-1.0314492796833274,1.3259051221280649,-0.29490205176817846,-0.7286782103876417
0.753607816387468,0.2932431627938317,-0.5279450482480342,1.2683219464305386
-1.8218603738429975,0.6629859453496042,-0.3100267079597491,-0.7183713145188888
-1.4998217500802822,0.9262541402730773,-0.09437875426378359,-0.37507338476583996
0.6649044495914881,-3.0910911969399857,1.639962195138782,-3.5567362230875172
-0.17205024284972373,0.723916264645489,-0.2276367675705562,0.4400263696207652
-0.47439782167259636,1.7068169685406678,0.0349840836493285,0.029564264185445985
-0.13958365428219902,2.056433498775105,-0.32921805295743295,-0.8106752884233774
-0.49798022708546463,-1.4696620337103856,-1.1235733405514814,0.03352149835606002
0.28690619321605026,2.372615484376593,-0.053350347350616466,-0.23120523743483454
0.549282535695917,0.5864295577372982,-0.4068049134790091,1.0903898827529512
0.748434524329615,0.9904302191881839,-0.6988097228093415,0.3076012153748289
1.0255504370391948,0.4553698779748474,-0.4844338615666633,1.456406553155648
-6.1960089694283615,-2.5998031862096087,1.516927275257023,1.195395229192336
-0.34015262057712575,1.8165376444254482,-0.21001481374294442,-0.3782653739477566
3.649852046706215,-2.371344664774952,0.7949742502059246,-1.4684780715621257
0.5436970788796394,1.3161085129738885,1.537208548532471,-1.1556946853387067
3.1344966546912705,-0.29669665243998794,1.6703273026664538,0.4805553097837568
-0.7965499683343586,1.4414614382797373,-0.1481866422378796,-0.2853305993030811
-1.3108907318234715,1.1234388884215367,0.01861249206113445,-0.29855333760858244
-0.2025397780240196,1.9672256893563593,0.1092913961854839,0.04306650951631414
3.5860104169162423,-2.8649804402662498,0.862782670700549,-0.9784653493380736
1.177706826033055,-0.2768941106221201,0.3655854078501149,-0.1405160213699447
-0.07505193955343097,2.0505732999029838,-0.18159226335599746,-0.37424684451498114
1.1340797075395537,-2.5229085242731957,-2.2992628177365115,-0.31936074777058365
0.4873108324197607,2.0453221398485026,-0.016544853356164475,0.3098000961522045
0.969765618863766,0.9034652728159724,-0.6589495012747323,0.7522935904428303
0.061413586806195526,1.2453069477903835,-0.1886812352216006,0.5958470095449532
3.3746359160737387,-1.654301378863336,2.59942421421156,-0.4017191547643986
-0.46225039572138515,1.7289222238416717,-0.11142504262656311,-0.24498314500076288
-1.4907894595983204,0.9258711781529396,-0.30945836622105755,-0.692497796829933
3.3287804553238773,-1.2744946749280992,2.3920376308192464,-0.5036828576213276
-0.6425550755826291,1.6395111465640748,-0.026854312929908492,-0.26543698447330805
1.801531841311231,-0.4569128928313326,-1.4110814131736529,0.8548378961047742
1.7828734156074912,0.9094400028480166,-0.7416302328324033,1.2901709353242443
1.2349210816714296,0.1689312940889834,-0.6111620865013387,1.5391692665155199
2.5367662664658854,-0.26845166952886046,0.7679406614939397,1.3938812163876468
-2.1224333492901515,0.537544263892283,-0.33476379991030175,-1.0902987377780127
1.7612185682861818,-2.0259059056603776,-2.1452151378285675,0.16275893440047
-0.5657436313490297,1.702386320929167,-0.06873998776120857,-0.3401666236780045
0.7144187035783196,0.20245319771230527,1.8979315566617754,-1.9427570567478152
-0.8971602586148487,1.4655096216997472,-0.4270454012093035,-1.0577071943662693
1.8322366546963123,-7.006017716482096,-1.6219654140602155,-3.809078036409279
-0.902388325527461,1.420340603475966,-0.47051621742001853,-0.9963635585951106
2.543946436627499,-1.660163291568139,-2.109831400945891,0.352350526123877
-0.3034648705243574,1.8634745232388439,-0.265376533463822,-0.5172416071178013
2.4060781424053808,0.7997171623910136,2.042273068884187,0.006836568267619862
-0.36971111066791096,0.33270058346825326,-0.705048303352624,-0.05774133093997624
-2.1682239433085613,-2.057694549996229,0.9957462868259938,-1.0774993295925364
0.7793925324983281,0.2891287402020558,-0.8726475821660264,0.6117849027374507
-1.7645421781246884,0.7358595714113659,-0.3635584520697462,-0.8789302046983168
1.354863257835933,0.4251285272658167,-0.8405136904722119,1.117909510959278
0.9041643521245586,-1.4930220757873998,-1.2339750116874149,0.9585225480297886
-1.1753869766666403,1.4314794466598006,-0.18085534078583435,-1.2401392970482124
-1.1812412664353005,1.16059591729122,-0.6965922325156021,-1.3001852051874612
-6.079202927781011,-2.5124290392396698,1.5961087494019894,1.3410280415159161
1.9733365418640207,-1.2336362045775358,-1.4623295804204435,1.3846507068876013
0.1322960693406846,2.22653279167229,0.06516195539897819,0.020922954058147827
0.4593661786077038,0.789059187825323,-0.5532844801478511,0.5763151006650558
-0.4857887183579827,1.73260684510818,-0.3943788170299278,-0.7866187045364212
-0.30204570284625937,1.892228566826778,-0.20196301372753736,-0.4837534106446867
-1.233588835855706,1.2326059064851513,-0.06420963350332862,-0.5388282005112505
-0.5967978967168137,1.6503966487937844,-0.641032736482728,-1.2303947335579952
-1.0139057498073445,1.3285268545757294,-0.2823830067862842,-0.6757326817107802
2.141405727276473,-1.1610484626657038,1.3747863816084112,0.3221600875207978
1.5202746376948073,0.2368633944548265,-0.6328088540315934,1.7826948147238086
-0.7884256457208001,1.4962647459980312,-0.1512748910224274,-0.422160504378816
-0.77603559732717,1.5284360098612695,-0.5029084221001612,-1.0631534118171333
-0.1519416320154299,1.9467940902334429,0.09333157362433685,0.20014062273863217
-3.5122612671059983,-0.5469093871772565,0.44265396138242785,-0.020428662702319786
3.834407369401703,0.0676838651624294,3.1744991573017263,0.5257898094475577
4.110008400534889,-0.6419105667159472,3.874593237583003,-0.2633132412784952
3.1877395523231793,-0.8978122403306921,1.7292529829659986,0.6463771844821598
-0.03659563694582327,2.091605704809883,-0.06537746006782116,-0.20271599162698486
0.7357599053925452,0.8915929264307247,-0.54794953658591,0.6304950829388057
-0.48334304160477654,1.743474121053224,-0.19673323604711548,-0.48914795185042137
-6.1960089694283615,-2.5998031862096087,1.516927275257023,1.195395229192336
3.3132564610353623,-3.2757713461114735,-0.5824846750426591,-1.4023391671963557
0.7242617403296993,0.8768730044731742,2.059938058285783,-1.253062958296187
0.263283619727606,-2.2687020610931254,-1.6539889006599946,-0.20608404354415227
0.8386778208249871,1.0080768714310064,-0.7577320891210345,0.3532413013934398
-0.7776967523075742,1.5141907138867972,-0.43352465879528873,-0.9103333855566437
-1.5931949653787523,0.8960539119432931,-0.5926391062845728,-1.3241515159589234
0.2677766594451783,1.1876846876264748,-0.477373561132435,0.27370861691132764
-1.2971909512528144,1.1197486236225918,-0.2762854399606082,-0.729575878888209
-1.0165674897805,1.3033880458636673,-0.31157491989229574,-0.6636887533748637
3.8270480864100396,-0.5339149287148718,2.0802873823734314,0.9037142915492647
3.888980610600266,-0.3649012893146819,2.8621160407867197,0.7044279650159703
-0.7902852285350529,1.549787027431066,0.24889323676652308,0.06572387828611355
1.8403481471229484,-0.10104543286816306,-1.0792426065539151,1.3710613785793029
1.2141621431069949,-2.658381898713183,-2.284163120980352,-0.21834887378797257
4.257266611972785,-0.6264686896277103,4.295540145883607,1.007989403696529
-1.5611314843229032,0.8732005795082814,-0.17101174108299425,-0.5081450573039787
-6.1960089694283615,-2.5998031862096087,1.516927275257023,1.195395229192336
3.657756923944974,-1.7247623167816943,3.724825657070175,-1.5676935390662106
3.0428168848375194,-1.8158151592761764,1.1931568006015425,0.07161059363070081
2.3596141171908736,0.7491240413836618,2.2294303669030096,0.4331242004828962
-6.079202927781011,-2.5124290392396698,1.5961087494019894,1.3410280415159161
1.433233537044942,-0.1942540056271214,-1.0828584267661154,1.0428569201648135
1.051574835320952,1.0456940484419779,-1.0020250805278197,-0.035202953123975984
-6.1960089694283615,-2.5998031862096087,1.516927275257023,1.195395229192336
1.5928271090313606,0.282080930026508,-0.658663787309786,1.7076467516292775
2.2599866763978063,-0.9964598987039957,-1.3423166276941123,1.7860716804211991
0.9619502033742744,0.5404134118257595,-1.1008853965985692,0.011494516442797711
0.4178519213451543,-2.394929573424282,-1.6159444247553374,0.3323463346209608
1.4319651749681879,0.9486453527632411,-0.4107982120163272,1.6071681027071412
-0.5657931139768569,1.6705450178217607,-0.3918424939751766,-0.7920348007426288
1.0541996457422678,-4.046646370033783,-2.9913239843324035,-1.2842634075278527
1.2770510605588457,0.025318604195797227,1.4642043700686014,-0.745109262180375
2.6329284383050573,-1.1995073819325173,0.4093733528510436,1.189062471685828
-0.23767618902194554,2.004845457341781,-0.1680767660433277,-0.6063569205047068
-1.1886008437736464,0.3854084996606559,-0.2132979161208263,-0.16420745040179244
1.7681102860699431,-0.0064098205713028125,1.2118006056829407,0.7820307378255041
2.513694904478533,-1.2386493091313817,-1.427149609985939,1.6682843880162577
1.7604512786404476,0.20427816052158268,-0.9740329341284342,1.3220217153213825
2.397578973217813,-1.4861313430813887,-1.8477210173037852,1.0758535773046003
-1.3196412000845792,1.044533098816265,-0.44018261747405035,-0.8558971196004543
0.020395789666679376,2.110779724728944,-0.11139226602041419,-0.20669767671070202
3.756824380132154,-0.7348878379399191,0.7948101960090128,0.8799393225983628
1.9738087620649034,0.3217089971966835,-0.7906760840415215,1.8372792834877416
0.08727260161161993,2.207857808611225,-0.4517380535468349,-0.897197661618551
3.249907569411004,-1.7283423533362217,1.3922267842081404,0.7745559294389367
1.3172002500390274,0.17722399121260893,-1.5147426501038075,-0.2182572378913376
-0.35217973679487274,1.8128314194172843,-0.08417693572892906,-0.1815812549715556
1.8202397294238428,1.1272078334506708,-0.34867991528358555,1.9337965743412344
-1.3114523590012224,1.0703501884144528,-0.36638133834132586,-0.7815710816540569
0.7926681628602743,-4.088682762860428,-2.8404648809728985,-1.0611577490046582
0.6535505194962862,0.270914144076244,-0.6307260150883918,0.9863541481896899
3.1365522259323115,-0.9640354372505411,2.398564738051574,0.44297672172832775
-0.9376224835606956,1.4255465748243756,-0.20228682850522597,-0.6652850388568137
2.346491359017193,0.23082341726383912,0.9093694940242978,0.6704720386251453
2.729465123406743,-1.65337867284119,2.433197353899345,-1.7539023123739885
1.133518429553952,0.5315268533946776,-0.5316235624673211,1.4858902445534514
0.9358643681287565,-2.5630885701747506,-2.184648892994291,-0.3573409770967226
-0.9507144568416732,1.3661649290968825,-0.38934724431609974,-0.8192251489691296
-0.4061426722403274,1.7708337642265863,-0.32612088280459367,-0.597825182497449
-0.9061081666072397,1.4409885992936704,-0.353100426230391,-0.8603396801425286
4.101153389821658,-0.5652181081763236,2.936906172322473,0.9140798806803695
1.204400353251351,-1.499866373547498,-1.6355607395234641,0.4712646894345288
-1.250193466362961,1.159960268645505,-0.2882248267406005,-0.7542050635593498
-0.16181161489610207,2.022093057514432,-0.07024095880482026,-0.30630527764214993
2.9923447492272874,-0.34431925990655715,3.1357235077440415,-0.05666273803042866
-0.9196505462523981,1.3653657826101921,-0.30502653489137216,-0.6053115118885004
0.8361716273279627,-2.25017171663372,-1.9378277444395633,-0.0660009467847924
0.8868008655302894,0.68122504359835,-0.7755084811422018,0.5981129705294645
1.8153261555185218,0.17960576393560268,3.233592589700485,-2.034352445813538
3.176122454973514,-0.4645073181507258,1.7993234013283863,0.9716172192736128
-0.43981120160677556,0.2715031334625922,-0.5473971815496412,0.2667075857480156
0.39445384373968495,-1.3654271985137187,-1.3458296475491711,-0.23126096942413252
0.055419730214116725,2.149561329225355,-0.022734216143998415,-0.09267135109684992
0.7062487127747217,-0.41494088415214514,-1.38446300063093,-0.04726148911063725
-6.1960089694283615,-2.5998031862096087,1.516927275257023,1.195395229192336
-1.139032189694513,1.2827866462033817,-0.07535423342559269,-0.5315249312494992
4.395048348621202,-3.7561155838216336,1.4446467036467359,-1.5845973307719667
-0.8285108930483872,1.4971621526881458,-0.4265675382169973,-0.9650216521979279
0.7647489888397931,1.2575229999091246,-0.10904154813869706,1.1489699346622286
0.3530528598307444,-2.8044880302434225,-2.222623190058708,-0.865665730058821
-0.3285075947585,1.8742930114586784,-0.01709717090868908,-0.19136881693335198
-6.1960089694283615,-2.5998031862096087,1.516927275257023,1.195395229192336
1.3339506954740092,-0.25675143585992977,-1.2333201384786718,0.6992155179416598
-1.2948907313133544,1.1827017535566642,0.27956549099720307,-0.02767179453182704
-0.584061255574648,1.6525349338014248,-0.0016880797407411087,-0.14017533528362272
3.709172499105312,-0.45112265126316553,2.4803746217288074,1.2148826673703121
-6.1960089694283615,-2.5998031862096087,1.516927275257023,1.195395229192336
-0.8976908277365458,1.4357606107874215,-0.2713609064264551,-0.6887284148360503
1.3713214279957027,0.11077175502653186,2.0261413120690355,-0.28307402246246355
1.1978789375828423,-2.4327384679672464,-1.539092727428697,1.0091789883151914
1.2723371777732588,-3.846092639615988,-3.099859522346466,-1.1614165097647555
-2.3216453075074406,0.3939465288245514,0.2592489302672678,-0.22977791895262475
-1.7658928568574164,0.7483130318745177,-0.54829989918305,-1.232734778832457
1.4829797730189573,0.7843655698263114,-0.5158140265554041,1.5576570221154156
0.45907419165585894,1.5356198125006315,-0.03885732692976287,0.7522874761411816
2.6880677360694762,-1.845500536218014,0.017894698037383652,0.4562525360484225
-1.9756075364927308,0.6471907014293368,0.16811572977936787,-0.2763287494738927
0.1037238957829737,2.18450466603315,-0.15841005114235948,-0.300701757040264
1.7006911497574075,1.4167677711578783,0.44103751710910305,0.5899336444352119
-1.4847057894866764,0.9547119966367753,0.015936955432764337,-0.22251241721064055
-0.6017224737527523,1.6595018483691764,-0.4854114691419666,-1.0007730052420842
1.0933670132700817,-0.034964427166094283,-1.1532779257744181,0.42889020929057176
-0.758591568048248,1.5287292323864268,-0.6375274756139154,-1.2548630756367853
-1.4807409092714683,0.9780088876476568,-0.4371495392468134,-1.079473948326421
-1.7785156082506106,0.7189552818418591,-0.2959147560487035,-0.7489271313878363
-0.07223296706794662,2.1074487754194853,0.0140495838583524,-0.20724861463743424
0.006417215512424023,2.1354085595368866,-0.18973511822827807,-0.43792570773717565
4.077502470495082,-3.1197480395412462,0.31188672453865773,-1.0662355598917006
1.4802126649364165,1.683278060339972,-0.15310670197321946,1.407837642975431
0.29744343592488104,0.1977479639452449,-0.7806719385352975,0.4220579528346802
-6.1960089694283615,-2.5998031862096087,1.516927275257023,1.195395229192336
3.156079747688293,0.5138441673538352,1.8175446560058364,1.8356357060655322
0.8468725315559369,1.350665055720814,-0.09664106082824869,1.3096158285298611
1.669110799382588,0.559518457491961,-0.9844888712966287,0.9156160899073963
0.6880607094832824,0.45664378304556114,-0.7872456886540584,0.6283143587654373
3.204839398544012,-1.7245316383709306,1.6697485330545996,0.29106349048915764
1.650259986994409,-0.21354893581598036,-1.3522400609830618,0.6605801302991022
-1.0582411123924829,1.2898804350952684,-0.3415078809792504,-0.7702189332889717
0.07440133814699669,-1.3393622730479606,-1.510982075820203,-0.28709600330468726
0.913039625894632,0.39262163215343693,-0.5326991797381186,1.3076312471689875
-0.23209861950950803,1.9217261323206447,-0.07141200059274758,-0.20243033764578025
0.8871223602643522,1.0604340393355574,-0.5301942284680615,0.741313382298863
-0.569217233750254,1.6969697506402612,0.07281492519977541,-0.09350402915037813
4.096584729161842,-2.144066172392319,2.7391528949572246,-0.7389559298046168
-6.1960089694283615,-2.5998031862096087,1.516927275257023,1.195395229192336
1.3907057302656372,0.9152619062138936,-0.5270444183135368,1.3912608586161608
0.9917666123149503,1.3587465639079799,2.172546627716494,-1.1500726706260642
-1.7356425301463467,0.7483569758595722,0.01991913461033115,-0.2370431173356737
-1.1840059673165575,1.185159566088738,-0.34604659595600057,-0.7741282124788209
0.6344013013842982,0.07444575405201079,-1.258571562618834,-0.16912764380362205
0.8067217230329393,-1.229006013541036,1.4467725037668495,-2.9222541268520663
-0.8156497191201574,1.4596003656790686,-0.218091493317678,-0.5000516823010192
-0.417706497721735,1.8357959338029626,-0.11221789340329602,-0.48000796380281685
-2.981228957087879,-0.12286691319657486,0.2434022896109736,-0.3775489648642153
2.274487113358856,0.1295859701002431,1.4393318745946666,0.5741613745048884
-6.1960089694283615,-2.5998031862096087,1.516927275257023,1.195395229192336
1.4865734695975565,0.9223518416239628,0.5565303412888526,1.079915139090036
0.4980595623285945,-1.7557425043431198,-1.5713687868320019,0.2607672990739606
1.134938636787939,1.1368413488520126,-0.3442495997864632,1.3013783552342348
-6.1960089694283615,-2.5998031862096087,1.516927275257023,1.195395229192336
0.46115101048921936,-1.4979885096814982,-1.4768922943241711,0.17917644848288303
-0.394727756944159,0.7844066016017588,-0.1619799879228783,0.19364454016035196
1.8635696360179335,1.6535043335659252,-0.16534072546310066,1.7505901974329905
2.6140192439384315,-1.2434288808151182,0.536757070886247,-0.6196868470444781
1.5483897104966076,0.43780090140094924,2.397701071564546,-0.5202687612403523
-0.6015209501205235,1.6350979360122018,-0.2354631155400009,-0.5101678978237973
-3.1449497655057406,-0.2597206354248794,0.6324594185723298,0.31439520439442165
1.1134575532669417,1.0524707078310314,-0.3868011339701138,1.282709191058227
0.34464279495222744,1.601327705430884,-0.1789223202365036,0.49545716371700627
-0.5592675002288465,1.6677218436588415,-0.12907326156260016,-0.3242647869940563
4.2068621092097365,-0.43949153224449516,3.0876270703433355,1.0245996067616812
1.724792712586336,1.3036537541978535,2.455529481231553,-2.0435331429896832
0.6248175707768192,-1.396931654506333,-1.5144032413504662,0.23731056915330695
1.6819487155864725,-0.703179211579033,-1.4656666784369283,0.8083291012361897
2.991404930657118,-1.1487213607534823,1.427648784879186,0.08696591066705933
-1.3393515521194281,1.0996449920156453,-0.47185729671579185,-1.102305351333394
3.5435289046704685,-2.092918751066225,2.402054852902236,-0.49338545452745364
1.2096073257474682,0.3069699211988195,2.067094380419107,-0.6944639186886764
0.478805527392766,0.3058147441658284,-0.8452107012281143,0.41849663213743654
-0.30209035852960453,1.8466596166556977,-0.13649785405644702,-0.2506983241542849
1.537440815290918,1.8391477418195645,2.20065249138396,-1.0252561953686194
-2.2938166700059335,0.4280808585916329,0.22249258714456055,-0.3733932647713353
1.2414335637442224,0.7248844989137816,0.5019933272681579,0.8973664293544225
0.2099636894074598,-0.5890260930981477,-0.5363563017041477,1.199111185423296
2.0778893748965004,0.9229651741065655,3.63750768271509,-1.490337721978572
4.198264760183274,-0.3290474152233894,4.091999969220096,-0.0322066754958445
-3.424747280406282,-0.3928904348232984,0.8245177178772067,0.3307572937492099
0.8876441379048999,-0.03982467803226946,0.04290071472171301,0.25658393145593467
1.6874296390601526,-3.5799473342426316,-0.3356885687784305,-1.788783233432327
-6.1960089694283615,-2.5998031862096087,1.516927275257023,1.195395229192336
0.4901919514686133,1.5332110266461494,-0.5722650385384134,-0.12580658582528972
-1.5585196334119853,0.8909804840698338,-0.18681394912886265,-0.5823231220821283
-0.5250117720905827,1.6780098965796169,-0.051036344824411516,-0.1499490728968488
-0.03142768907529255,-1.621296424834592,-1.1980428823989615,0.2102852081460756
0.8358663808938429,-1.0667501795532157,-1.3334033507131968,0.06248215382437022
-2.754517877178981,-0.0032710655366679185,-0.17409604418360072,-0.7588744399884826
0.1917124215056228,-7.190988084237168,-1.8684163716364974,-5.280184097693797
1.4969716252503513,-1.0162798617026203,-1.5704950424914856,0.6802144385200627
3.8007434807817493,-1.0752287198956412,2.5190766306465533,0.9070423900372798
-0.5430475043099735,1.7277510388465673,-0.5627993148936359,-1.1866265132637237
1.74903611040096,1.115932059597161,0.14291299351629147,0.3108911086681978
0.2744241472707293,2.38856964165195,-0.0678012012304007,-0.33611913815611066
2.004057932091318,-4.808992799673542,1.0734280610258864,-3.17015601320982
-6.1960089694283615,-2.5998031862096087,1.516927275257023,1.195395229192336
0.9783330835739544,1.7049283236694646,-0.4855134365495758,0.3843064211581175
2.784784479807245,0.1515336066700568,2.32605463776642,0.6605070193565606
1.5103896530784615,0.8897850773462566,3.4364357354109223,-1.0895178192075012
0.6954648947527172,1.2258857737195892,-0.5329767012388638,0.4488854345622921
1.0482929494394495,0.08001546035322908,-0.7443185953922681,1.294469316408417
0.47799942123198513,0.7044506276631455,-0.6848662853827555,0.2803042663445187
0.8948595940047985,-0.50027056813669,0.4527960597703045,0.2910076858704232
0.28325447357358585,-3.9299398600005975,-2.281739429797059,-0.4916494424838466
2.011272271855948,-0.661788529963015,-0.2745956696449614,1.03453783764222
-0.5781228614328822,1.6792222848656557,-0.08736976106586106,-0.34962423461087483
-0.4436671359151182,1.7744589847329202,0.17047753149465614,0.12595091568141592
0.08411045500856429,2.1867108691833574,0.13662141959278484,0.14934080237410285
-1.0019554220572275,1.311175331100961,-0.23686108894241267,-0.5255566309893905
1.5522430680025394,-4.1204606968617865,-3.2697567459351577,-1.5163939406107416
-1.3819590174767007,1.0851502618757696,-0.17551299992896865,-0.6952599696294886
1.5466883759221852,1.1949970889925845,-0.23171975746100537,1.831521365813914
0.35538844204429343,0.7842260125108662,-0.4897857107183291,0.5927374286255874
-5.996327722334148,-2.4504360953922966,1.6522888993736964,1.4443561662507634
-0.07247782583268468,1.33300173795768,0.5175903693642396,-0.7872380213361058
-0.8104819097909244,1.484010352711429,-0.137037363852013,-0.4137074738568196
-1.1049512808293034,1.3817544239428605,0.3275370053579021,-0.0713894458161896
-2.9052929864081807,-0.13230992783346576,-0.13652087679055327,-0.681286774321299
2.4887347760301273,1.6028557232577902,4.023137549023589,-0.9285539859978528
0.6693823554773589,1.0099417362298624,-0.5987364353669986,0.5218142960399094
-1.0552337695644387,1.4475183034984256,-0.012390465598870713,-0.751812277440091
2.707576978423929,0.43698731773110494,1.8212392586385548,0.32928552044108056
0.9780562219185346,-0.543748705457513,-1.4183525744469163,0.25799233688491796
-0.14224615973999838,1.9906947902698997,-0.1675693715106287,-0.33777371449277155
-6.1960089694283615,-2.5998031862096087,1.516927275257023,1.195395229192336
0.22428069332614364,0.8246003598899239,-0.5650074855437425,0.3857249610063229
-0.3920777621807597,1.7974932712077825,-0.260212988561542,-0.5265953108903564
-1.2464368399427075,1.2399036298032915,-0.03686909292742321,-0.621083060774088
1.1169476140474064,-2.712102608355944,-2.282676864403954,-0.12069201573248196
0.10144545082382744,2.2165105468253574,-0.2540721326472422,-0.5631163132751278
3.3114102531982472,0.2290752598577807,2.3007100374491007,0.8778053116607348
3.6401620905826277,-1.9609308331654445,2.1389258248556864,-0.19891219719364925
2.091048287516634,-0.249908065839189,-1.134010354533821,1.561643450221873
-0.0809625088783777,-0.3845576834206212,-1.1565160217460473,-0.32931668009236603
-2.9420755762303394,-0.1637932455254725,-0.1274281371197906,-0.6625036549071063
2.4155794918849107,1.196071166464853,2.331531845939503,-0.013793923798013422
2.3313038200670007,-0.7282761543148277,-1.4732952902058896,1.3427573628701064
1.8646862487214397,-0.230249740605258,-0.9155424780608037,1.8423068257382045
0.108735788970162,-0.5743586272995528,-1.1619361283533656,0.0472177810504843
3.4322408421485293,-0.513841551650254,3.0075886651288988,-0.542575515210474
0.3136966525667112,0.29642930194968997,-0.7448730256213982,0.4512401308100838
-0.602292972889417,1.6416559313093229,-0.022619708751079343,-0.18714307311246134
-0.2461237854617177,1.920017807625304,-0.33342700278622367,-0.6581357123519876
1.2623904091907376,-2.3561716537357085,-2.2238428994768205,-0.42749292879724515
-1.6963336178984234,0.8361166232805186,-0.03376263814522364,-0.47344683854943626
-6.1960089694283615,-2.5998031862096087,1.516927275257023,1.195395229192336
-1.2548761487916393,1.1315889971800899,-0.24237430165073462,-0.610372118009502
4.255417946721541,-0.365409325944253,3.521383600588363,1.0334084014225702
-0.6886976113951643,1.670701416917911,-0.009819744471700663,-0.47099890639560016
-2.372691640043583,0.3234406883510323,-0.2707431815207942,-0.9582798529903135
1.886009168027037,0.30057628469177644,-0.6091034277813513,2.0993650752703252
0.984430482327628,-2.138965613330715,-2.479604502213439,-1.406191871045817
2.30406627768686,0.4979546926039437,1.3244380434148166,-0.16181074501185372
-2.6032879192687477,0.17543313347841855,0.5544957611244449,0.20451887722757844
-6.1960089694283615,-2.5998031862096087,1.516927275257023,1.195395229192336
-0.9259597361384396,1.4295295989404488,-0.537630803228571,-1.1878841179342097
3.9698790669005577,-1.6463033206749935,2.1510931318331896,0.2748045184322319
1.0585256964136271,-0.5795158063478916,-1.4797799371573401,0.18851075045486934
-0.16196327869895458,2.0083604802275365,0.05172013610140177,-0.06461642603028593
-2.456449360523234,0.18119788877730453,-0.228350576172225,-0.6873749222991717
-6.1960089694283615,-2.5998031862096087,1.516927275257023,1.195395229192336
-2.877649742096196,-0.0007155447491207463,0.4634565619477679,-0.0999074914072932
0.1801948051266731,2.2464108608486195,-0.061371836212541796,-0.13402958552954905
-1.4080738934896802,1.051047124936628,0.11100983427170326,-0.1669203353745801
-0.3512660379156354,1.8245404592165542,-0.07420779977293837,-0.20202378100731802
-5.996327722334148,-2.4504360953922966,1.6522888993736964,1.4443561662507634
-6.1960089694283615,-2.5998031862096087,1.516927275257023,1.195395229192336
-2.3758004544747604,0.3161642496670723,0.2316784490365885,-0.18726379888217884
1.6223823185605093,1.450844881385432,-0.023011488492563268,2.065524403676448
0.8299594340862794,1.1154521572661447,-0.6084306771136974,0.5508475865060984
-0.744529367959507,1.552177722630619,-0.46990842272810224,-1.0011978781194089
-1.01112566711385,1.34582649788843,0.10613982865020659,-0.09249216962903976
-0.6182780154671085,1.6377811438720191,-0.01627122618933326,-0.2017536447044557
3.106086622573749,-0.17235313206670258,1.6097316252444938,1.0026834567965912
0.26679374186142757,0.8252962255424353,-0.6982658441389111,0.1598223909814267
4.320177746810798,-1.688438040326863,2.9081524816535405,0.1842513177471268
4.5394750470784775,-2.8104384210031084,3.0966747347593877,-0.2264549459727214
-1.6662811014729226,0.8104389974278207,0.03297344997999426,-0.2110056405747546
0.7811396271393699,0.750312364394287,2.081134949003526,-0.3706171631185548
1.902806194075351,-0.4098537146362767,0.7852269692161826,0.7293528934310022
2.269431198315774,0.5267271069462417,1.0274757274954316,1.783356413611844
0.7336933193406143,0.8131280474842522,-0.9711540138199398,-0.010256767823389162
-0.008083259042522358,2.1358773472145716,-0.17759906124443184,-0.45744767028431343
1.0063439345466352,0.7360497055393548,-0.7771124104289066,0.6772198820873766
0.18511274729525015,2.273101689750043,-0.1416984959356107,-0.3340161609863745
0.33085468825289704,-1.7826464853525459,-1.61380619234889,-0.088536810060139
4.055868497210728,-0.7013794845028286,3.021347517764186,0.367185825774157
-3.6693732510065162,-9.053581970173619,-1.222537183430279,-2.2049649440342463
5.2612858201206265,-0.9205881721260734,4.035329096498774,1.0964833341350948
-0.18608200791437848,1.9498453350378768,0.025265020100861426,0.0019258557714082049
0.9479799648524154,1.17492595240079,2.4360667094596598,-0.9374952606670492
-0.19676626188972668,1.9933274010313484,-0.45112133456867526,-0.9461578605807152
1.8993909585311748,-0.9981835187774445,-1.5634540016620573,0.641060452681309
2.4825480902064836,0.9425056031645713,-0.4625110242899982,2.416069487121739
1.6665627022496103,-0.6240213621345078,-1.686878715591765,0.29205724503422015
2.0696330022045757,-0.09447372908671975,-0.18455731875848388,0.9351821984610579
0.79501003033563,-0.4831016362503631,1.9819706439006197,-0.4000234231579321
-6.1960089694283615,-2.5998031862096087,1.516927275257023,1.195395229192336
2.249794498910988,-0.6244274042246838,-1.110505779932691,2.0396345644563594
2.724427830904634,-0.12744847986680927,1.6422468565850363,0.7609156392376201
-0.9196384458146538,1.3959310227371924,-0.015639706064637066,-0.2221546476777004
-2.6556541751203926,0.09941471150883235,0.3604710514544984,-0.053633611584140865
1.1430589033930665,1.1302783855638463,-0.5096466335515905,1.0047775224082578
1.0897717079190443,0.7349722180864959,-0.49473939743689516,1.2687925164185903
0.002224049536986946,1.6004736360613396,-0.04677306258158095,0.3586996638334613
-0.1274993006798439,2.02979470787057,-0.5246466614052094,-1.0162135782950334
-0.019604763405058595,2.1353517688620607,-0.3193494254454012,-0.7198541456620184
-0.6477547970249852,1.6087432144750542,-0.3882684638132518,-0.8007196482741044
-2.2551007232828764,0.3316693814897391,-0.0033455567096260723,-0.313156595935516
3.52210259819413,-1.5061385309168145,2.5288949202716573,0.11656708669219586
-6.079202927781011,-2.5124290392396698,1.5961087494019894,1.3410280415159161
1.3978506378249032,-0.8938508025010434,1.9734451191877969,-1.3452440174168407
-0.11613225745342437,-0.3491464563307027,1.0149718477336054,-1.944435211140092
-0.643866459930827,1.5900730933743512,-0.41785211780549064,-0.7922094806047801
-2.044439262542126,0.6278401794696968,0.010066070974057963,-0.6461705069954383
3.626645573805663,-0.8211408097803136,2.555239404463405,0.7902086737976854
1.2099465745997238,0.4517086338358047,-0.495611924057205,1.5409991959830491
2.5400857120746982,-1.0385204264074164,-1.7276618515223752,1.083856423315563
1.7868086290319465,0.24311796412825679,2.6018331714582223,-0.20644041196239454
0.07161904293497934,2.203966282070707,-0.139574112957594,-0.3954293680105698
2.835323651902343,-4.658900876728884,-0.9349456657736088,-1.4445312482630157
1.1522909643898362,1.5852901941640316,-0.42697819911595564,0.7166367475981988
0.9986363884599707,-0.5004523395743188,-1.505133950280392,-0.04255720994811469
-2.892671442035502,-0.054720032551396146,0.3260062021105907,-0.22260816858145502
-1.5895176335924623,0.8856157838427685,-0.4079577637473372,-0.9705261001452493
-0.06211789133876997,2.1007428262397574,-0.4319024558618369,-0.9145254152178591
-6.1960089694283615,-2.5998031862096087,1.516927275257023,1.195395229192336
2.325584955836282,-0.6040129208852016,1.5652387329379673,-0.2923759521184338
-0.8962106269162666,1.4444425850640081,0.04662436237259284,-0.2125147619065921
1.8078280099295942,-3.6506524139306693,-2.979244910699669,-0.6285677757010489
1.3787963201877902,-0.13331078015508754,-1.000734517179402,1.1583828129474882
1.5395525185563883,1.1642056532784022,-0.5206307581299631,1.190274996677426
-0.878087560684229,1.541317096350709,-0.3115939901876625,-1.0484407024713447
-0.7599038758514334,1.4876494585903397,-0.3924181005737554,-0.7298132633173666
-1.7306373457967954,0.8022907542210018,-0.41103670276704657,-1.0644061041971822
-0.29301533105866134,1.8705262103087328,-0.19478804648407613,-0.39876814717632847
-0.6368249283069959,1.7184388505993555,-0.2175633575983115,-0.8066210160151359
-0.7151742107024788,0.7294387968037794,-0.49261305147928075,-0.579615747494088
2.1474785485563745,-0.21705641512354212,1.396108218387494,0.01833306196741572
-0.19662534238795729,1.9761490050318182,-0.25080156070074583,-0.5596220887140059
-0.5898011886798137,1.6265616853162737,-0.02491645818301798,-0.11294876440372888
1.237366442079205,-0.7539749865122829,-1.4485756860176822,0.5436280957410717
-0.935233271508533,1.447809195076001,0.14922368892899393,-0.14174053811154572
2.1491347832021703,-0.48119133031609757,1.3084212189125966,0.1814113983448496
-2.6335393886699863,0.11233516008399069,0.5336475273811172,0.2794814379761908
-2.538980109851417,0.18116430986323162,-0.2284524060295339,-0.8710450683976704
-0.9946265590504858,1.32335577210687,-0.38500055443095255,-0.7937021408292013
-1.697411512633634,0.7929928765387714,-0.15492236251233574,-0.5288145712144731
2.0270665394508387,0.7408795957155808,-0.33522463645101525,2.411998297152538
2.758525559884955,-1.3913363356389712,2.818668666975697,-1.8625179266094687
2.732784217894014,-1.0390324676489622,1.7146603789517474,0.7537294058416338
1.9557801080320873,0.14204390498032954,-0.8294415178934044,1.8406762205692662
1.932920385919066,-0.21808475165299224,-1.0404162973114162,1.6740744743336529
2.8810132712478524,0.07419641132121305,3.135125595470543,0.11459134965229772
-6.1960089694283615,-2.5998031862096087,1.516927275257023,1.195395229192336
-0.5991497788236751,1.6117325270332254,-0.20352582195733718,-0.38817433236003185
0.955195030810097,0.9569676718791551,2.1658605585636987,-1.4200950988436465
1.2032932883711294,0.6685236172446244,-0.5817924210229994,1.319568894429908
-0.7242049648241006,1.5475260686093506,-0.36329909378347297,-0.7624671392989988
1.5249043714534978,0.8273940750560157,-0.45315055712855484,1.6755782776005836
-0.49242884244132473,1.7149977577493705,-0.2001063992357959,-0.4243322961438182
1.6633180347733598,1.1955161945462802,2.9393006786427747,-1.2702869066242268
-1.634232916793002,0.9416259073935364,-0.27412868907778337,-0.9924629197296294
2.230252200058306,1.2259345387670908,1.3206227562231097,1.3396579694898139
-0.5534374157329508,1.7560399880258657,-0.4668184464252135,-1.1224522617055497
0.9115709803625591,1.0323812087003588,-0.261480025742651,1.4041778185490041
-0.044751603787971085,2.0844565966615294,-0.04461260288287463,-0.1730177544008812
0.4532660755698677,-1.6431437601642327,-1.5812679822412643,0.03171662146812837
0.0898934281598153,-0.46426636554222006,-0.6363113176017117,0.8584559250744449
-0.38145146232276267,-4.712650499120784,-2.8744078597880445,-1.7800898235821427
0.5621056935228275,0.4168639547582175,-1.0289858501869518,0.00622377587223165
-1.59332299908652,0.9000376479359969,0.3173671270392692,0.14742571995013004
2.199068185864998,-3.005689509077737,-0.5176202429852879,-0.8374620902098283
1.6141540311836824,1.0479941124818246,3.06483082091836,-1.427184225454182
1.2213156578635278,0.50262375110736,-0.7323983751858226,1.095014048498057
1.942170217937101,1.4127475062801709,3.0557662103017553,-1.3356541567616587
1.0348656292382779,-2.1539549023354643,-1.8942885878921396,0.16400466973657885
-6.1960089694283615,-2.5998031862096087,1.516927275257023,1.195395229192336
-4.059341534458052,-0.965121069348658,0.8147645427438261,0.47683792180432805
-0.375961091013381,1.8109023723417381,-0.28936738037765025,-0.581254497092313
0.3433674503323759,-0.2169943428632664,-0.9616698432930849,0.473670409369353
-0.15193929192038885,1.9873293378763444,-0.34183829775927227,-0.6455821848118725
-1.6155681609974033,0.8161736083159236,-0.462972885524186,-0.9349695691320691
2.7088865119228647,0.1018200373398653,1.3752475633140129,1.2096623334580092
0.6974365806029477,-0.03728756510920511,2.5475747094596315,-1.8118125007856862
-0.23027304486463396,0.675505244063648,-0.7515237950388495,-0.43305817839036526
-0.5767292666674756,1.6682094929760176,-0.09823442160644055,-0.32268659928902493
0.6547484688261942,0.6276385191486786,-0.6777559846413398,0.4772798390413743
-0.3974538340379267,-2.235636471585097,-1.828375850283877,-1.0101944959122946
1.5488043783200691,1.443607077451027,2.7647152880852346,-1.0079690714999334
2.8376253423317945,0.1997685467504375,1.134553527526469,0.8230938622759659
-2.6825103289995536,0.05834899389998461,-0.19218446023482263,-0.7962094203678738
0.8835170802182563,0.5147016277791768,-0.9972648443504121,0.24111060971407747
2.846428171768767,-1.532625301157004,2.1483709810150646,-0.9182376239814658
2.7771192590688702,-1.6225512869735983,2.4523312840794937,-0.32763838506756937
-0.47573278058291263,1.7316239962062248,-0.21608320259216177,-0.45925575265809426
1.1527517901657216,1.8473978363748578,1.6382993082550243,-1.052405137830053
2.129490392741294,0.2144415716428582,1.0904194306745818,-0.7804567635599948
1.145663812553343,-0.2079665869699492,-1.3192762935623266,0.3577230965260893
1.5364111456279246,1.5072611907475426,0.6613953610370805,0.6702729597827941
0.4874702238618973,-2.386749087657178,0.7794266559388716,-3.278156222588891
0.6422008771142645,-0.4810241761426025,-1.4319854794271694,-0.19095100576510987
2.2527398574488786,-4.302231265274417,-0.14382894362109677,-2.2919016673971635
-5.996327722334148,-2.4504360953922966,1.6522888993736964,1.4443561662507634
3.047499798517998,-0.4027122430263636,2.0958614857408904,1.077998854790868
-1.765958175673491,0.7108294784519436,-0.32395000186503314,-0.747121920272096
3.344769526419409,-0.4472170226798497,2.854038476184028,0.41926970508359673
2.2548287074129614,-0.9512077455672038,0.8754944604260779,-1.1547702856777067
0.21385776461434866,2.3412642098381,-0.16525611178611857,-0.49404000930012837
-2.209098109547252,0.4721819942106672,0.27091237947137675,-0.17874007822294044
-6.1960089694283615,-2.5998031862096087,1.516927275257023,1.195395229192336
-0.5314071170645402,1.6586193916449512,-0.09809717850481495,-0.18622176818866668
-1.542732686724176,1.0147161707819359,0.3306589407518083,-0.02824669148456542
-0.902723008658199,1.395184882402413,-0.38089273422130304,-0.7769054380932752
0.5162535134787615,1.0249305245005913,-0.6850593604731516,0.2163602854551275
-1.3938737836246113,0.9810111901798472,-0.42148755113336306,-0.8173150109298928
0.5018774819000532,0.3536022939125321,-0.7860229460831445,0.4466373528794878
0.42614531025712854,0.6029099653919293,-0.47417613268310327,0.8671290743665648
2.1020698373394455,-1.4316163968734912,-1.758414943246076,0.9020058180432076
3.7391939753813155,-1.0488930860762593,3.121497363372189,-0.24342798721900397
1.3116297641338548,-6.127302186398555,-1.0149420227485908,-3.5725795341246536
0.6572529508962345,1.3126251994262652,1.1768489193762854,-1.5921281182188598
4.230142360154063,-1.2820848755737633,2.9315253050575762,0.7607589460166613
1.3310714259779777,0.7663005787532517,-0.44880767026700796,1.5648903683824065
0.8895432533608076,1.3835792268074882,-0.26458771808796305,1.040061200739559
-0.02481542748387905,-0.5417042912396676,0.8547945357188718,-2.134009952944778
-1.2411152262586662,1.1012462463251642,-0.4737464186312638,-0.8920217069702262
1.5100692415634218,-0.09956856890674935,0.16544628172071274,1.1013711679811968
-1.195595781874251,1.2552730339627083,-0.33582606380889696,-1.0472951526491885
-2.6398664914958068,0.09483955098655361,-0.20293268189316319,-0.818390255868992
3.1502077974611558,-1.2332637268237059,2.7585229124173827,-0.2008220114378611
1.3639374620980598,-3.181432228583888,-2.297186342028669,0.1462038596573382
-6.1960089694283615,-2.5998031862096087,1.516927275257023,1.195395229192336
-1.2129800124825936,1.1800141598776623,-0.2364925418456895,-0.6379934604029683
3.03088149248102,-2.0626738817148884,1.7274231956722457,-0.6253930553351382
1.1678975362143227,-0.768417517197011,-1.4646954493069466,0.3358390625486
1.7478998783747657,0.3509105172013207,-1.0025558524735574,1.0818197256364044
0.8551186236599326,-0.13654702428016577,-1.1220126975524494,0.367034448291496
0.62091289743074,0.7009563996978342,2.126616347451871,-1.2614602012789722
0.6081637252666668,0.06184540056364429,-0.6500685176625005,0.9946415142766668
1.658657923115501,-1.1558351418834496,2.1327268120724923,-0.4920925620394522
-1.4987882530756285,0.9454024407096017,-0.6575324143762856,-1.3586723172955146
-1.5740146465099063,0.9362841522911429,-0.45114854957099765,-1.1471173417293383
-1.1083410887914804,1.212314424219445,-0.15182118652577867,-0.3506453421523072
0.9272215446990836,1.0526476093382022,-0.4210897606190112,1.017526002182394
-0.050914979963407915,0.9344302161220686,-0.7443354345572833,-0.416866627195148
1.5826875744430848,0.6152438453089202,-0.6804991218159655,1.501538380541229
1.427245887363942,0.7557895642019347,-0.9927054051297598,0.529739417017714
1.5061145856772435,-0.0851074816297558,-0.9909020252279874,1.2918087035168317
-0.7394842314035641,1.5456869068567287,-0.04044362638298384,-0.2671325818180101
1.5423945912010577,-0.12538692256730666,-1.0041579320807377,1.2477711629832788
4.435919004908708,-2.6730509019806337,1.8713892703697934,0.4247553091876213
1.7275057194134784,1.3681085663151367,2.8685941621420765,-1.3355871277210747
0.6709816359195833,-2.2085896917314027,-1.9675699654787087,-0.502872747898557
2.273683406415313,-0.8784869431528026,-1.4065966068157323,1.490232940162259
-1.4036541645873943,1.044632747370643,-0.455394684802456,-1.0683586177652549
3.4434678809029915,-1.3813720268481815,2.5136055641963235,-0.047338084762763834
0.5177364696865244,1.275338231879452,-0.3852912072296396,0.4541982090981941
-0.7923006423314524,1.496459753635948,-0.43658646179956734,-0.9000968502191186
-0.6635235643715226,1.5841593240483238,-0.2531249327122685,-0.5648134728020926
-0.5252829568929713,1.719270370607323,-0.01659396732937331,-0.2149784174046047
1.0636937593503173,-0.4345406247476572,-1.0037712201909232,1.0373388776967698
0.4997622023339367,0.38868582076087865,-1.0565305895204766,-0.09973927944247406
-6.1960089694283615,-2.5998031862096087,1.516927275257023,1.195395229192336
-0.7500865293802692,1.5254118512223533,-0.21281785982886184,-0.5046836908793553
-0.38960031831485903,1.807811035974367,-0.2501773078276584,-0.5318084000376543
-1.2081504406559886,1.1338373619381623,-0.30373085219232004,-0.6176872515121085
-0.05219756916470664,2.052289905033487,-0.05496350358979598,-0.11401694413813297
-0.7314118097409718,-0.3971112978623593,-0.9888564443872114,-0.4137604744190923
1.5222140052960846,-0.5513181576127353,2.4450824795455284,-0.9108930106468887
0.28557442849721826,2.357846589492484,0.12577396548405798,0.1077989350341079
0.09151960658788691,-0.5694206019811194,-1.2333025212932343,-0.23105957363193813
0.4557860089926893,-0.26592557373724734,-1.0921634550622508,0.2654209839737735
-1.5898397284649917,0.9259636201412245,-0.09339671781708139,-0.6189126286262087
0.019437765689760578,2.112552457952801,-0.136708497548688,-0.2564498957529258
1.8722784024719412,1.3417405244041147,-0.260850978734285,1.9493078288656494
1.6216081941057963,1.78766767319032,0.8283433555877011,0.8377966593641376
1.5788422765958554,-0.5743008479985362,-1.330765057418417,0.8433092132622939
0.18994005194124194,1.7869706240043584,-0.0217932019092854,0.2804853165923346
-0.9704157005366882,1.3179491238979466,-0.2713644680088653,-0.5328477648723406
2.435453735187233,-0.41183220896301026,-1.2356264367545415,1.6777795452674447
1.3372057811878515,1.0103346036553034,-0.7428807840398596,0.7312057898165786
-6.1960089694283615,-2.5998031862096087,1.516927275257023,1.195395229192336
-6.1960089694283615,-2.5998031862096087,1.516927275257023,1.195395229192336
0.5844942105319865,0.7938539627770292,-0.34330879928377667,1.0836921959244736
4.024756216978481,0.20860856892811638,3.4118598430666687,0.8941848406059898
0.8684202873113236,0.3825597718150736,-0.861473467711112,0.5601092360306725
1.4450960436570215,1.6548314915673685,2.473796137527848,-0.7945715057933078
1.5751061181808315,0.49594707999286075,1.8881700322625659,0.3752753080322608
2.293782316201743,0.5878570518567315,3.184859664175365,-0.5049802674639481
2.3774975190521017,-1.9589928590434602,1.4940790734456466,-1.0921143376152946
0.566326730631377,0.8222215398878062,-0.6854860105479019,0.41028156798326537
0.021755446106129228,2.1519528960611503,0.23577294272764066,0.25615483576829723
2.4395509107070845,0.32235651201939314,-0.6092318428269816,2.6053569656461293
0.36521169792173,1.883700645741671,-0.1703392048799591,0.19761993370523342
-0.726357606633489,1.6194361416476397,0.03782664874385346,-0.31191750959230474
1.1856117672615023,1.06033148662423,-0.34627100923700654,1.3481627491354136
3.260310083469323,-2.1290421209437014,0.12868410850233394,-0.8310296952962705
0.06596293609803017,1.2473436559514366,-0.18691058376984993,0.5047026846722047
2.116210139031449,-1.2895379236123343,2.094641331124148,-3.3274789139172247
-0.1621434647720428,-2.1789452415260415,-1.8528611390707705,-1.0230725153541789
1.3069127584263476,0.34495380576549756,-0.45974946414048923,1.8286326553512295
-0.60175473409336,1.667529786839849,-0.2959082760442738,-0.7003557323302725
1.8484528438705627,-1.2019800403506495,-1.5792293805439268,1.042855360364544
-0.217199303125995,-0.3674650513987404,1.9427195765619705,-1.4031412106334715
0.20090140053924957,0.2197183471307485,-1.0153572820552244,-0.0887081279158399
1.1754558191056987,0.4178526786701597,-0.6066738983177293,1.4359268321230783
-0.2831360303621396,1.9428090931329953,-0.36254303687771056,-0.8571561094847706
-0.1142801535761012,2.0061320246404115,-0.17621709319774473,-0.33228149712043326
-3.2882729275209357,-0.30491368063021745,0.629044665287927,0.09266915068444698
2.006147810520834,-1.161589374919094,1.5210365508685226,-1.083039281067858
1.685363984370197,-2.0577198177941716,-2.0396720667187163,0.4220131106801292
2.6911061531033025,0.670848253880921,0.4910994310809218,2.2687633719282174
0.13752550161337654,1.1161030511465815,-0.3350058517204004,0.4812300016824305
3.754019368648616,-2.8910152267801394,0.8006721164231769,-0.3131353029123763
3.5037824394651587,0.5523824780110875,2.234963834220621,1.1667739967063442
1.2838094448129331,0.047762768932046666,2.6293708092426678,-2.2555993144867914
-1.0481704176105586,1.2477608341190318,-0.34111033274893016,-0.6342640127148028
0.15280519835258813,2.269710209186796,0.09555809856082247,-0.009931498436198269
3.668833739696924,-0.2635836351184071,2.9947018695065246,0.4485494675247676
2.8130747506186244,-3.1931682132511456,-0.14415118028068988,-1.0095906805084816
0.20754933570026632,2.2876460760013675,-0.3067337020894156,-0.6096446985201445
1.3832272402919228,1.5951025473726026,-0.17618974374413837,1.4094578576926213
0.44544714312955325,2.469666410411053,-0.025770723107251276,-0.08878822195393225
0.7006742558821029,0.9203679930926053,1.812118368421003,-1.324871697473464
2.7034652437090556,-0.3448672360757724,-1.0668077345398466,2.2374918993508337
-2.809298980928267,-0.05015236637588751,-0.1603926453726842,-0.7305841899951291
-1.2644647823698332,1.1399367030428689,-0.4508525623974459,-1.0089548719548085
-0.1412285611036465,2.0011169367615813,-0.38910688878809757,-0.7392150315229877
2.5447840192036506,-0.6805821494593064,-0.25081890951764974,1.5343075631369856
-0.9896578229072037,1.331928378618924,-0.2807783195335776,-0.6286740503309296
0.06641316546617287,2.180497926759761,-0.21602535571551898,-0.46977795668100564
0.5068225029083265,-3.507998299454161,-2.371079217009458,-0.6008774796976091
-0.8801001494741798,1.4291784040293087,-0.07988367124298126,-0.32152406521120075
-1.8094965110607715,0.8231419851119747,0.3154945718747497,-0.15241346977245876
-0.7547903245684959,1.5484065460837193,-0.27200520459514127,-0.6887394068818369
0.8565425111923317,0.9872888278449171,-0.2889705188398488,1.2258301866478383
1.8863765847208729,-0.23111199466625676,1.0147861310190183,0.15855326930393862
1.9235087145192884,-0.6981740528326811,-1.0842888227000662,1.7605299754801127
-6.079202927781011,-2.5124290392396698,1.5961087494019894,1.3410280415159161
0.8356260184443656,0.886672209685657,-0.560454897977361,0.8234157337213691
-0.8112529232909886,1.547166846973221,0.06259179099507524,-0.26440808208008654
4.002189748701075,-0.25826221263158705,4.062731210775015,-0.24106362686433994
0.7466080926191242,-5.0189447506101175,-3.3291864429727847,-1.5627948927497723
-0.304343214908074,1.8507700543944385,-0.02799509640291638,-0.09090095459272533
4.377992841110727,-0.621613632004636,4.10397512373442,-0.5198100698540581
-0.26669192424044114,1.9115228952133014,-0.06837998537541687,-0.23864347807158123
0.5819662047674797,-1.4111857879769059,-1.416002514799088,0.4913423837404587
-2.9863187367742086,-0.08344479477826608,0.6478409481691035,0.2180761515477633
0.1600795361900627,1.1640741394442662,-0.7270691879822451,-0.4527119215820399
-0.04100214858280834,0.8888214463092169,-0.3485585982179543,0.4695262276307513
-0.9111629537692304,1.4133254512185034,-0.04798818938597007,-0.3088286098077854
1.4469250957162718,-1.9513977423468543,-2.015196530396484,0.11162524769130927
-1.7959204063863987,0.7090097391076235,-0.3556349456116304,-0.8625802068533263
-0.7066440690038062,1.5574142373302777,-0.22014801270600673,-0.5247829869823014
1.6979536145917142,2.2348968774389855,0.05509316828265444,1.4577281627708245
-4.477431503302721,-1.271670789480452,0.9239054120103782,0.4884755901886392
0.2625405330185448,1.7279367721141003,0.7682997201100762,-0.5750777172433101
1.4511761309664633,0.9040871251744796,-0.842626072414354,0.7692078797353793
-0.0011711659843325903,2.101432942968679,0.08994641823074072,0.10670146887799156
-2.435167168147843,0.26998796700018046,-0.2548256780334935,-0.9254491859153621
3.793101771720934,-0.03951954603723804,3.176417576577564,0.9585225727852952
2.042262629621534,-0.221235837472937,-1.0484785080002204,1.649099235954331
-0.5911186602703337,1.7133964993054898,0.21785182310775217,0.03165766857860087
1.56111701607538,0.3572508261891489,-1.1535961715017387,0.6440418179367869
-0.18050430065150116,1.9869713494157015,-0.4122581726373304,-0.8271440416777294
-2.2209610082452658,0.3827509000598339,-0.28674728292654256,-0.8079869966736901
-6.1960089694283615,-2.5998031862096087,1.516927275257023,1.195395229192336
3.9908900222337196,-1.273219393613275,3.3975359153501317,-0.7772728341943358
-0.306164752869462,1.8476325636049096,-0.12962984334830166,-0.25062491005388493
-1.0438252077400696,1.2551265569055756,-0.2529840280648222,-0.4949037184615359
2.431016552689514,0.11604832044976732,2.775597357338518,-0.026835584509170382
0.240685321620084,-3.8606145192341663,-2.7059840114817297,-1.4629128330453887
1.5106760449710592,0.27044281718045077,0.24144580526717915,1.025502910136629
-0.9127504954232151,1.4030749393489765,-0.3237487565545227,-0.7231276008362763
0.7376763712215573,0.138511520071112,-1.1414398448825487,0.14800970249426545
1.1178933280142342,-3.449882456389988,-2.3849796943270065,-0.08590290414217505
-1.1422301073675503,1.2123456673314228,-0.004276592355312102,-0.189135912301044
-6.1960089694283615,-2.5998031862096087,1.516927275257023,1.195395229192336
-1.065453611583774,1.306014238653528,-0.447545058609561,-1.0101605836976348
1.6143084499417069,1.781515835858387,0.022607420993354603,1.775774926754601
-1.4861529338418318,0.9111915917312294,-0.5162575120548016,-0.9952205440283112
1.2841968540963729,1.075487587635306,2.4141547090528106,-1.649199647132813
1.587709345985739,-1.6214247407103755,-2.0563544944919196,0.01492209998510185
-0.43155299862545293,1.8024719330756602,-0.4960471919272363,-1.0276032133414608
-1.106714284677166,1.2224391995040018,-0.29382154689639345,-0.615004782911155
-6.1960089694283615,-2.5998031862096087,1.516927275257023,1.195395229192336
-0.8337226176263931,1.5488237221114152,-0.04463242846599138,-0.5037694107344096
1.3176377492084081,-0.24412281213116105,2.1454186745088637,-0.4345185499034201
-0.18346127149961602,1.9781454315401041,0.09855465925807953,0.04952179257651449
-0.522086621933624,1.6908789384013208,-0.1909427479769127,-0.4094020851960387
3.2710897622447512,-2.482104812545726,1.264806032825701,-0.6451738097011858
-3.2716153610222127,-0.30632511544959795,0.8225308381664674,0.4413820293092466
-1.243415167176168,1.247500923882417,0.08560402753768658,-0.3967439525584341
0.11753849766204913,0.4815579892258749,-0.5296140194428134,0.49417215207919857
-0.9961037929249209,1.3597523836534982,0.19678674414218122,0.06522109690004178
1.8312479807259237,-0.9472055733847464,0.6384368092322079,0.3764851674554578
3.287171342003975,-0.07290149860260106,2.8260398673157745,-0.21853448623307878
2.145782754233347,-1.8812588688564473,0.7976627148691561,-0.557130742782004
-2.97310328231105,0.07849457055493825,0.4952886567594019,-0.5804902062806321
-6.1960089694283615,-2.5998031862096087,1.516927275257023,1.195395229192336
1.7992846785301255,1.215635889606659,1.7000153823968838,0.16008368065037276
0.5071800142695377,1.3751050882686267,-0.4713339447090359,0.31027856484620603
-1.010882934445633,1.297792245568734,-0.07267252037278402,-0.24507807394958356
-0.12761367689562841,1.3509164839999377,-0.5054879416416795,-0.5226384753198883
3.2970384875528813,-0.8767082738267735,2.757881409414295,-0.06905370445362435
1.0918140031650831,0.535944859433199,-0.4953019006273638,1.453004009258524
1.358777430929071,-3.2801602886554164,0.6151604941092986,-4.321931904865005
-1.8809369470513366,0.6889480824731458,-0.05882479254339975,-0.5050622328603214
-0.7074058183240846,1.551617660547685,0.12394859300661376,0.06896597391996252
1.2105581252363178,-0.8459608020782273,0.6306123095953826,0.055107801787879065
4.6452476071573,-0.5341001360505954,4.061745004006281,0.6488725940380708
-0.11054212305799646,2.1119282810463327,-0.27022379975462746,-0.7776279722306512
3.4047883127942415,0.21630852290290137,2.6352233331960075,0.4839436148694
1.4649224882001282,1.3427613894386148,-0.39359040829002906,1.3404724800884749
2.269875296555598,-0.6680316767606128,-1.8921777520175516,0.2283717755612706
0.22744736113778816,-0.05764049028790766,1.2010425308845207,0.3266887398548726
2.066153860377514,-0.9355543645307005,2.808481299426573,-3.1463890578987774
3.477949430895629,-0.019037573822295175,4.0835298849780735,-0.0643608963199999
4.301412833861185,-1.0066808488106325,3.52003232793236,-0.8383970997139492
1.4616252144329493,1.136413279010592,-0.4330754829931574,1.439878701498612
0.8679692899582702,1.2009378977507283,-0.07551976058931952,1.4793055545708942
0.4505264554267892,0.8097836218459539,-0.8032510360437226,0.09490562750802702
0.15880382101273316,-1.0372004441747669,-0.9205187344922152,0.73701489790067
0.9488394678040797,-0.2877781059203198,-1.1013149902220662,0.653260589833405
-0.058026982610888046,2.0499765483552714,-0.03137062402770004,-0.08067688200372401
-1.4784347742690185,0.9274574758340471,-0.32440139090833536,-0.694926873655311
0.4853298646511147,-0.7385446885884397,-1.0294088186507713,0.6398413220861392
0.044774894841659696,2.1577655703571437,-0.06326376785414353,-0.1974995386523092
1.3396507090940222,-2.5390168174416154,-2.1518011147243774,-0.11235663476994391
4.471454112055027,-1.6367203898940181,2.827518652306349,0.5670499829920119
-0.4930971276876905,1.7945646804081032,-0.10071884615011842,-0.5039163384858025
-0.809392367644312,1.4792267457717396,-0.39921907992350486,-0.8279485227704033
-1.548695768010703,0.9693447542505649,-0.4714736230552106,-1.2671725989972267
0.7158719799923782,1.7104327692078418,1.4223712585322137,-0.5342957551546372
2.700474975859358,1.3200061614439098,-0.015587719146675037,3.0995881420137064
1.5496303487683025,-1.0166037741267409,-1.3229244815098438,1.2206680480795271
-1.7232468298932304,0.7533783863644727,-0.5999590968281138,-1.2399643699481027
2.6077733026173178,-0.5090811871533635,1.6959749876538528,-1.0358546560366837
-0.6935283127844067,1.5398501745436088,-0.25218296759686015,-0.48566958906891955
2.793768765206596,-1.4247588526355262,1.6879516993518504,-0.22777569467526776
3.1517752085068627,-0.4333136164551518,3.038086289225443,-0.6920188817688303
-1.4098876407050431,1.0301853974921023,-0.3351301194484008,-0.8379101404187768
-0.8444074729964943,1.4492690860347195,-0.3902868712841719,-0.809526531053212
2.0179887135247982,0.08201254704986484,-0.9790955587353284,1.4323523835375118
-1.2112451508954942,1.1722344596987806,0.10504504761086815,-0.07626196108315396
2.2187743833487565,0.41092661559751725,-0.8277514594727937,1.8659236298624464
-1.9507919163211296,0.552628251367252,-0.2781833160439063,-0.6525884815555429
1.5433704965160178,-0.1654169602227582,2.3310472441917205,-1.0236907687799643
-1.2232095097119153,1.1582883393271597,-0.0737916776564421,-0.34587661617404236
2.247842695167128,-1.3733512242307198,-1.7070614904084107,1.210651083177798
1.8563480713359772,-2.0296351648593896,-2.0444414528384036,0.4410485873818914
0.2322392188034961,2.289201188841586,0.08385282235540668,0.10591253757562111
-0.7996602703406436,1.5358894019675196,-0.7315875687777703,-1.5267351141571124
-5.932044718872375,-2.4023506324066117,1.6958656091464361,1.5245036864193553
0.299791902564511,1.8000889557410213,-0.3256004201371572,-0.08309097306841619
0.44938216280989496,2.4878439765430747,0.24782968004845846,0.32304446578605955
2.182613880342494,0.4503983850948936,1.8529762381855082,0.34381752679114563
-6.1960089694283615,-2.5998031862096087,1.516927275257023,1.195395229192336
-0.9999201990316356,1.3196548008823599,-0.2285310908667543,-0.5296695599661198
-1.9241830318944417,0.6447448805509248,0.2107741894794605,-0.05564339281151603
-0.08942204181892631,2.0909606190835266,-0.5895530358181752,-1.2071280233450878
-0.8041273252716126,1.4754245594478461,-0.22445963456722387,-0.5093609490917631
0.5416452348363934,-0.6933373177563028,-1.0497821714995055,0.7062476776273736
-0.07697455906423604,2.133947967380946,0.11465644881641898,-0.12803482222751136
1.1344573068046073,-1.1807611589462639,-1.322941680427294,0.9884474740304018
-0.5857782158268667,1.6510298623520896,-0.3898731160406695,-0.7803344548219124
2.663100267450666,1.4598058365995554,-0.16442627945742258,2.712594890967818
2.65537904160613,0.6747696884288367,1.6861526739975259,-0.05553823612232695
1.8794383434009385,-0.757952701096024,1.2422338321503557,0.3478525884672449
-2.0466551563114135,0.5758737471451186,-0.009744219081990989,-0.5294314374998508
0.9440103111709689,0.5862750034831514,-0.5476737172035354,1.2056378344563525
-0.9268264926705452,1.367945208173151,-0.16383328138193384,-0.4070126793329515
-1.2758663786702837,1.1136274686151604,-0.23708547283732176,-0.5994575185569595
2.814046118801415,-0.35639474835158613,1.5559365149701272,0.6220710288159916
2.3732481269721104,-4.259167584505762,-1.458626937348153,-2.0365842424758966
-1.4156927334694023,1.0088932770780783,-0.5731676156931705,-1.200137863111476
2.960623036043729,-0.6392205332842135,0.2064515297758194,1.1173540453104698
1.3475155719512475,-0.3566712437251155,-1.1509795197338488,0.985240336267755
2.2158867784607432,0.47928165834951697,-0.5906686277540385,2.2781832499875563
1.7042808143253643,1.2741185901144698,-0.2597936180478184,1.8702294548609082
1.1547902752739274,0.7481538009295368,-0.7904994243388531,0.6920325500304425
2.516338234317586,-0.38897134684352025,1.1441178101749743,0.7182521184953429
1.109560357209896,1.4018750385172847,1.8042071479972948,-1.3875449886583195
2.132137749385351,1.1072123219389876,0.5275069944890828,1.3987777506950096
-2.5675092336700867,0.1987018308584047,0.12348961749083562,-0.480405177911009
-0.25531577397418587,1.9102638544606125,-0.33352719268262715,-0.6523694224974332
1.3490602670606415,0.8085537569448233,2.9881412529250544,-1.3731059275916742
-1.862167062953829,0.6960065939605229,-0.10581289408606617,-0.608382198425859
2.5324736830862826,0.4318499642070076,-0.5731059637331704,2.5381063644278554
0.14260839207348416,1.0062813428325408,-0.44360860415817466,0.37040525753660275
-0.15267170342460523,0.6768320050495131,-0.4377493922028539,0.29224643804647765
-2.8286027392236264,0.0039830918904214295,0.48832560622496685,0.0635065469317795
-0.27896584490572096,1.9075475856730513,-0.20036639257025726,-0.4713231727346673
0.972254178552455,-0.18229081756503585,-0.8052239312889529,1.270202912637484
1.1470400472113544,1.3236628548132698,-0.6073720308197232,0.640540212636082
-1.3949657851592323,0.988917434027303,-0.31352781312629124,-0.6573102190464635
-0.7544685297596684,1.5589802633652698,-0.14557286325968485,-0.5002510308209954
1.9309262752277863,1.0852454570628456,0.5406484806629576,1.3114213882194048
0.0817481764127764,-3.3160901094485307,-2.509603282938488,-1.6226901525685442
2.6681759182873046,0.45557590256746816,2.8976885060084117,0.7799266266624203
3.156390616871679,-1.3528506471231325,1.4677872203669247,0.007583211231911794
3.3150780205573906,-2.0359826597639734,1.8465881591550322,-0.5598083214123714
1.0148103721533885,0.4677605559054761,-0.7181980833913376,1.0119264106395836
3.0608696099148007,-2.1609449610012508,1.834416956187512,-0.201162930819887
-1.180299399539132,1.2146247553506673,-0.1248034518633871,-0.4962399687497545
-1.8324852483460918,0.6802918145472812,-0.05134539412123414,-0.3854294603371634
1.170528315547118,-3.4642553129401366,-3.0057148998756524,-1.3982850077057227
-1.1585435586551796,1.2252550385578547,0.1022211801595636,-0.0895552778826386
3.3969572187643977,-1.646554929795706,1.8812141112160459,0.17551743908618483
-0.929208509309675,1.3533687707055666,-0.36608664687349285,-0.6978579541305755
0.3057285144557236,0.9750679337793074,-0.23111008465673405,0.983179578175837
0.415785121537171,0.7487498901967119,-0.38576938921098053,0.8624611800590551
-1.249646548750938,1.1509460936063032,-0.6157475273187617,-1.287932653547863
-0.022721834654504003,2.1199533657434597,-0.06538779829752042,-0.2592295349316233
-1.1766349193875514,1.1983251265318313,-0.43545177232800697,-0.9454982090974865
1.8233928597271891,0.38146967426069844,1.207331682159979,0.21343697925078509
0.35923565379749006,-0.49048614318255174,-1.103553019804981,0.21146955109205195
3.9975117479290168,-0.40091798794482714,3.7629340677991228,-0.70891788076219
1.7185997128554886,1.105731531984165,2.2320136430988473,-0.04485201260606955
-0.8896741226619747,1.3946234318847381,-0.06715257892342594,-0.22674117479557895
0.7669025435887739,-5.6024626181202,-0.5859391793974743,-1.6673346049880753
4.200300959014593,-1.5599652139546953,2.6781994251882626,-0.30327551214992904
1.342118025431925,0.7691267622431707,-0.48275468864846416,1.4955050567437755
0.6772211054871908,1.2002976290389997,-0.1657317857845289,1.191996983964154
0.36935681157836936,1.4502272589743739,-0.1136225835893788,0.6358498113362531
2.199326292013841,0.31351782940821704,0.9202887573093478,0.7526980938233756
-0.6892996288353491,1.7057926990032362,-0.24817643514185153,-0.9490464270417261
0.011293057782143815,2.138397572831574,0.08177217653413275,0.014469126701703153
2.5315734616981866,-0.27867949427495503,1.7026562011556357,0.8307069508662464
-0.7080575754041931,1.5959551516256618,-0.10125168409073251,-0.4344418965982889
1.6331938550310219,0.37263808466144466,0.28011027408011774,1.0904464907097164
1.146133012164139,-0.12624067251221965,-1.0672472607150911,0.6739144106411672
-0.9974163664708241,1.3212340811390726,-0.4242090916833489,-0.8608493695824885
-0.9664374209552312,1.3781563383761972,-0.4892055212035263,-1.056347385051897
-0.3265461870816218,-0.18879169959986894,-0.3339811223100934,0.9928848782001223
2.0835522687702555,-0.7254299351233702,-1.6864974469989191,0.41193245639692905
3.3750961644705164,0.39240109498098713,1.9107843068058665,1.5171267247112585
0.582183133776817,-1.0664850431410438,-1.3914269329343796,0.02422444998555225
-0.2753716750227177,1.8864101661308539,-0.09331533247302434,-0.22527484920393923
-0.96067089097793,1.3833186166174436,-0.31703178124638903,-0.7643880882272478
1.1318796432946612,1.368562035543219,-0.4917210288316178,0.8154127878424019
-0.8307699881711783,-0.16444659813137905,-0.7554852226683354,-0.2671222039586882
-1.807765614703546,0.6653573913341636,-0.5987727687090545,-1.1878625700099368
0.41447954656136127,1.5031548907808772,-0.17452947665924642,0.6569055820115454
-0.5336794677832125,1.6880640374907065,-0.36228019725361355,-0.718059261339627
-1.0319666739988829,1.2641687392224117,-0.45133562536194854,-0.829869796129288
2.0892364918789674,-1.0587714870673601,-0.6622790261910089,0.5683115811484805
1.5821260092716984,-4.41048499074841,-3.2418450973894046,-0.875242686382221
0.9558236322264626,0.7414437313514631,-0.7152307544078582,0.7354210113292379
-0.6368428599861382,-5.284798310944425,-3.136074848104446,-2.3898761721299624
0.2517397011278744,-3.1755999263903414,-1.942171811983207,-0.2566760519904718
1.1457640941355238,-0.20412883632514037,-0.855247205103194,1.1858719225310483
0.24430129358749195,0.42519603872405975,-0.7581186641488811,0.06718214367498566
0.5009131003608891,0.36191201625876873,2.527284581190943,-1.2156338209616142
1.766690430718678,0.07067835944611013,-1.0644961118225635,1.2165501672330454
-0.9876761922547072,1.3473742158071607,-0.4486985693957691,-0.951372660535975
4.149134127432423,-1.4355084799446465,3.597596070714258,-0.051803276366795374
-1.0071773564500872,1.3282281045665834,-0.27262257683394536,-0.6733784203439218
0.6767179786651916,0.255354490024995,-0.7758612562322885,0.6408167447528872
-2.6160465384771814,0.1413264926990449,0.45013582600347884,0.11108959209289604
-1.059887747858003,1.2855933416238354,-0.4302620587164982,-0.9133503971166389
-1.1527730175803268,1.173191711789902,-0.4496145227433785,-0.8491870125431549
1.247951684590605,-0.5828339263896687,-1.505072446227333,0.12372292863772197
-0.7013012370740368,1.6175405478074354,-0.5410710376217361,-1.2029852844699966
-1.396623006664532,0.9743218908376573,-0.22163288817696505,-0.46593851020639165
0.3486291050334118,2.409107845949119,0.1432963157826376,0.13280830873919186
0.4602103415924028,0.1899841810821213,-0.6370450413833133,0.8437410119623723
2.0924909698405765,0.5197712147196174,0.3326246493318017,1.5597999087328194
-0.6895582720282758,1.563722625267941,-0.057450969254067695,-0.2344685135069656
-1.3348034358851522,1.1093727477433888,-0.21786240569135853,-0.7229063429676695
1.613850568118254,-0.006541632135326623,-0.7864452516597354,1.7198422741189088
2.5611382461331402,-0.06812878208118743,1.2011513954774962,0.6838066560145915
1.7952362990551871,-1.7435155496634835,-2.2875779387224253,-0.08131321714511157
-1.2800529656848876,1.1098421777250964,-0.4091177665907439,-0.8911814360752394
-1.5251341723610288,0.9923369962050435,-0.286287698480799,-0.9079252853340488
3.3745849339776592,-0.5069129987975168,2.36790701141724,0.42297532240701596
1.5905038216650185,-0.8151672267044616,-0.5065545122647267,0.11431088310620516
-1.200842446004297,1.1843952359951018,-0.22536283538964566,-0.6372696793491659
0.9229470492178162,1.4920856850241502,1.5676960152977475,-1.1761488463018908
1.0796344784614185,1.664565806591682,-0.04924167426820826,1.2556511105823212
-1.088972742623025,1.2362099485028366,-0.5656747841991457,-1.0755000234386227
1.0315769172104656,-1.6649025649754694,-1.3797691756918955,0.9592640897240271
0.9498846317869949,0.6996665174222106,-0.70707276528401,0.7527244513850148
-6.1960089694283615,-2.5998031862096087,1.516927275257023,1.195395229192336
-1.1663557375522473,1.1637764914835036,-0.2888905047993407,-0.5807177931889291
1.482998081149629,-0.607989165761948,-1.4847084821675316,0.46995169408567167
-1.0796215480047129,1.2183389186143254,-0.4459103630993088,-0.8027011640975972
-0.6377480830490827,1.5953443438900858,-0.23771051516562694,-0.48712377637491644
3.306121942677957,-1.6344438349760255,0.47080233880276834,0.43745685675118196
-6.079202927781011,-2.5124290392396698,1.5961087494019894,1.3410280415159161
-0.9518166653250584,1.3729577958459447,-0.015493453312643478,-0.23230246981999222
-0.5881216005034672,1.674707700273579,0.2994330400676499,0.29195681421435177
-6.1960089694283615,-2.5998031862096087,1.516927275257023,1.195395229192336
0.22353082135863242,2.3094235155464404,-0.029416187614398254,-0.15574314974389022
0.6032262918240989,1.6184765888485604,-0.27690065630917515,0.5263036285290282
-2.395396574897523,0.2334583294760046,-0.2433666732057931,-0.7184022284821904
-0.40477168048736245,1.8036824787475407,-0.34895433649909674,-0.73110294298896
2.0642115580944758,1.6962791052233812,-0.031480471452203306,2.171295443337597
-0.6341754581816167,1.660381734417898,-0.23789676087268155,-0.6541729000822997
-0.7766988828211357,1.468639167057912,0.06733197538765053,0.051906917835075235
0.15408025376995763,1.106710982624473,-0.3729823061869907,0.4593064130758828
1.5189394004696843,-0.6151286084744649,-1.2410458519834957,1.0538173703500702
-0.9972576397856137,1.3142991983961951,-0.35689094409048966,-0.7273918407128033
0.8899516387951177,1.382200615849292,-0.324961045619318,0.8564836930233318
-0.04000098372274144,2.0881310450290256,-0.009875703607711749,-0.118975318007378
-0.7230397449790833,1.6216653964166827,-0.3439659265728848,-0.9641693712535554
-1.7677815749204042,0.7092689791988688,-0.3234948828191199,-0.7461822352006415
1.9687425889998662,1.263903015577039,-0.2865824615566119,2.0661829871057007
1.9217072040703864,-2.755175318529575,-2.487025259301488,0.04290257580942749
-0.7396930287579733,1.483666607558178,-0.12288025861610152,-0.2177106484655358
-0.8501196548262611,1.4631196600563008,0.029675841047987008,-0.1694798117827833
3.077231991210413,-1.598809480720846,1.6990585947865986,-0.41068670301690485
-1.4677164006207015,0.9266545712805814,-0.29540215054163027,-0.6198826599975298
-1.2898010201285415,1.0949053127891837,-0.5457058787129664,-1.1056381585904955
-0.12050355545441642,0.4819852590032344,-0.5638532077546291,0.31231837749987046
2.1619110402740516,1.270565348140188,-0.3086139483216256,2.116011107446222
-0.8125745351963575,1.427912432420129,-0.31965207352588415,-0.5620886024632676
-6.1960089694283615,-2.5998031862096087,1.516927275257023,1.195395229192336
1.8395835912061036,-1.804020747259462,-0.016731776614893234,-0.5954940933863876
-1.1229207183770673,1.3934645967828179,-0.1417579919239528,-0.9532493188490668
1.0537890763937034,-0.4574051411762453,-1.0863268449864967,0.7471434839035692
1.011028776486685,0.431018191344494,-0.5450960895542614,1.1767775010866628
-3.6693732510065162,-9.053581970173619,-1.222537183430279,-2.2049649440342463
1.369500269765419,-0.33516845499555675,-1.1809107306892155,0.8825812240212552
-6.1960089694283615,-2.5998031862096087,1.516927275257023,1.195395229192336
1.8758473334733141,-1.4354429780686693,-1.8419345779868026,0.4556344541498731
3.8084568048170784,-1.9514352143644018,3.0800578275602777,0.21850890920625438
0.7679419201425319,1.4098111882078657,0.747374663136601,0.2557195918111437
-1.6226294094997944,0.8664474977584475,0.2094825343293978,0.007919503524054197
0.8466754834775462,1.5880932593124728,-0.18335955762517864,0.9074036924052366
0.5203436104697947,-0.5571751431034724,-1.2897160764099227,0.06237622383793695
2.0081171389398813,0.9294656628641411,-1.0577548417331466,0.803615539072254
0.4067414739014107,1.8545407019938718,0.8702456260621201,-0.2944336350899896
3.1544535823507607,-0.6770402076357953,1.296415741187542,0.3824294887872512
-0.677940555204097,1.5788490217361055,-0.5262365344254274,-1.0216018289741269
0.22411826422452608,0.9503704114661942,-0.6310395303246636,0.011897678000785717
-1.0281114815223138,1.4032822108478928,-0.5916350524167738,-1.436732762027546
1.5443071304500464,1.0752288876226652,-0.9005271650224952,0.6142813690494967
2.7463431897361827,-1.853818770059974,1.101392584533377,-0.3544025736506894
-1.2492574424842744,1.2006780515809863,0.49536688421392927,0.41595786527973977
-0.45831623256965154,1.7616101239497786,-0.14487321152971191,-0.3806044872615979
1.443264873992321,-0.7988305047125481,-1.3106939595846865,1.0176869979738372
-0.10005952138018805,2.0421518538498766,0.03951968781206008,-0.03205232333907398
-0.007295780225703153,2.1499383777248564,-0.38812186157594114,-0.8587574500219314
-0.43758710732728395,1.7564040321934755,-0.2360255469430901,-0.4755552166927256
-1.4031109171009508,1.02911821568066,-0.24946217599692413,-0.6742346331062249
4.020229366021305,-3.088491189701921,2.183440868005779,-1.371210931792888
-2.2023572773316817,0.5296483565415336,0.45666443833257714,-0.04521691922591125
-0.35672882577200926,1.809871514654801,-0.27707299875554875,-0.5105524918616482
0.22563846371588323,1.2141588104449692,1.159926645372762,-1.0145800702949541
-2.8386738862776806,0.02955326899632305,0.2743965859753204,-0.367816153327404
0.8623285682796641,-1.6578991471262183,-1.5459783292954377,0.4838423234859526
0.7814319487373218,0.6697236978678338,-0.6728647969223294,0.625518879330829
-1.717402772349733,0.789796248186987,-0.5607374363850279,-1.258379212484102
2.512682719684631,-0.4473826033316909,-0.023804383183375796,1.9272601986717586
0.7501326524607712,0.2568728421260967,-1.086944093447703,0.19207788139496235
1.008932948396159,2.087245523208046,0.025615648173110923,0.9205245017958037
-0.07122994855689897,2.0696656051297375,-0.24859527280743812,-0.5306764150755217
2.031165926158885,0.3644391410562418,-0.8211299888166483,1.8129163922282032
0.5298586090785566,1.1763252452948123,1.6527269300692056,-1.0640045881855642
-0.21486821232348902,1.974783448775945,-0.07628359563141476,-0.3073982795368498
0.7997754241739172,0.5979189700711717,-0.37724889142676393,1.3630531533728256
0.7221174638751731,0.5956088127290033,1.811286789494733,-0.6552921945349647
1.4200608664634733,1.0357606609187535,-0.7567285754089265,0.8302766706547786
0.9369650788412834,1.1446624836877506,-0.26988875975930987,1.2271363158953015
0.16798848127187016,-4.894063760220984,-3.0474330909231404,-1.5628343054506837
3.0214092104402894,-4.6273140819186,0.16799100857700017,-2.6093864826031856
0.4775360154973096,1.117719795805331,1.3304615055093667,-1.325225032254859
2.448950025232773,-0.7912412888012449,1.6262664479030755,0.030618787865389425
0.9602091070810137,-1.1885930603602248,-1.4182181125781383,0.40533590016816357
0.8711516794774944,0.09790682900795615,0.805631861335348,-0.587113822710951
3.137202786361113,-2.34719130948057,2.2006487723625106,-2.2194259585297256
1.2351949432207336,-2.086703207500805,-1.916978570479742,0.2872279381735392
-2.439075927979871,0.22730892120466661,0.028047792439305632,-0.410340860457181
4.166385641495401,-2.587495808011513,3.11893041347424,-0.996536807493746
-0.7099914038728989,1.5390099808038593,-0.3150471894379337,-0.6263122514496264
-1.032994516128024,-0.47525612563490094,-0.37858606998062183,0.31609365123950073
1.2822356164173052,0.6619225640388184,-0.7991047995386705,0.880868969708681
0.6438795587437108,0.553931740635138,-0.8503187047125569,0.315020156594606
-0.4161836025523907,1.8055288381719465,-0.23658566895980984,-0.5686469233000612
-0.7067298307578779,1.7040114441855154,-0.12006043773486225,-0.7861211110771755
-2.5263957640595973,0.12131849374059245,-0.21127918885044042,-0.6520866523092116
-0.02683449870140526,0.662991847511601,-0.8207382911419886,-0.37219343717058134
2.3030454729136305,-0.7773616225644278,1.2576507173660694,0.04278372826876361
0.07910935522355807,-0.5476032863903866,-0.6534498630604894,1.0293239532515546
-6.1960089694283615,-2.5998031862096087,1.516927275257023,1.195395229192336
0.73545000600394,-4.00116174916911,-2.8720054472996197,-1.1049857483405925
1.7235147495005014,1.1382297587881671,-0.24174655201895087,2.027578029349434
-6.1960089694283615,-2.5998031862096087,1.516927275257023,1.195395229192336
-1.304525772227152,1.1228238178098862,-0.26987141263455566,-0.7645912062716362
-2.341225946467316,0.2798240756895258,-0.25676884573440756,-0.7460862783322122
-0.6850066276279099,1.6725395473487368,0.12692062818380295,-0.20969988223567074
3.515349363669488,-1.127262797775084,3.652508241257465,-0.8356925169159667
-3.7473995644431364,-9.006106660287891,-2.0791050631484027,-1.4950393746578508
-0.5108197224602165,1.7039586946560956,0.1276718237585213,0.1039310732158554
1.9818212641892838,-0.3647160852647596,0.8673742899406872,-0.6683175046239995
-5.996327722334148,-2.4504360953922966,1.6522888993736964,1.4443561662507634
-0.6277823656322807,1.6276352468381001,-0.1785174905430307,-0.4588183952490109
1.123615769073858,-3.0249163800178818,-2.56866128362679,-0.8548339587513711
0.3814310540556952,1.281048022251042,-0.19593037802677254,0.7549179426058235
-0.9125284019956152,1.3886349515937035,-0.17796113234512115,-0.4549658667218607
-1.8635995215493486,0.6510957274418709,-0.33859037452801183,-0.8274043181442714
-0.11175084413019473,2.031927508418392,-0.05048061432270436,-0.1851916379196513
3.196005807807405,0.18508725079006771,2.791811937193425,0.46151853266897513
-0.1370509172297923,0.3954928766622302,-0.6619670922691585,0.21570917917198826
-0.9452574469806873,1.4054503179316626,-0.08731036786202132,-0.4195914776434587
-1.34185786016885,1.0948885141513134,-0.17097583953849219,-0.5823228026631176
-0.8140951303000165,1.4908740876846578,0.0675777992562029,-0.12164890827227083
2.2119826801519995,-0.8529413929088759,2.1075324325198657,-0.4074788426498985
0.9803811892934718,-0.3032883368021583,-1.1911091773054974,0.5177345618453766
0.22029172725861432,2.288469220257829,0.01430474538653529,-0.03399942107054054
-0.48397098874739924,1.764527120245661,-0.21479142557819056,-0.5709768172412137
-0.09211968810689365,2.0932932126951425,-0.20145686185621983,-0.5831719660748053
-1.4407249020074677,0.9597289005774012,-0.3338437417116446,-0.7144193391995795
-1.7989492355597634,0.8066869048766868,-0.31206613702215463,-1.0589122969606801
-1.548418160777509,0.8939545570920429,-0.043760146866110926,-0.3073709458997707
-1.081396827590244,1.2491126740337062,-0.3629863729228426,-0.7482871136367562
1.1726162279573815,-0.4194392546704176,-1.1772780773499179,0.870619984431952
1.85021033113294,-0.8273901730175156,0.5423388320490468,-1.2664477056607655
-1.5231515590062639,0.9423971265019698,-0.4248675089911172,-1.0054032121733858
1.3308383735960494,0.8549983763644796,2.9186364677683283,-1.424827142145162
-3.8965833131877656,-0.788041605219451,0.7431722990908342,0.24072271115430618
4.470722091809451,-0.46119563928329627,3.998413081470865,0.7702051138054092
-1.5001026945668696,0.9995152309705555,-0.47011788970242346,-1.1862282736281926
0.4091592685696615,-2.339295402061582,1.060525624945275,-3.1562133354945914
-0.5166674468139362,1.7275765045478821,-0.32132955623955656,-0.7385241223239218
0.8443854172558287,1.8221202636270832,-0.555012531489767,-0.05988566073961116
0.2953116373607745,2.3816640249992247,0.042395978276113654,-0.07165149976352168
2.0060270354415186,-0.5294013344080826,-1.2492054648946556,1.4158213103182034
-0.9629643704686953,1.3131308497116019,-0.24601402121105856,-0.4704320347642804
-1.1489206864002441,1.2094183605757183,-0.4075849308135511,-0.8665769672775826
-2.462935060134379,0.2567460585962244,0.05593331946045307,-0.5204110182999173
2.5811425123720566,-0.11093076257511578,2.5875463610895575,0.5485667123152704
-0.9906240215371651,1.3141335754531007,-0.24856389673698656,-0.5284036866983558
-0.6296384003349248,1.6311051887503762,-0.30510575771750764,-0.679599596889699
1.558740854549984,0.8781056865631667,3.001136527486742,-1.577998616647703
3.071932191011622,-0.7346141975231483,1.0181821372757953,1.0224078317436291
3.9233919225292153,-2.1744584380681022,2.09000773101079,-0.1070419315535293
-0.2208810821089793,0.2312275394875476,-0.4747559509120435,0.4895826858764088
3.0500594554545453,-0.08215475347004982,1.0767179778654734,1.0753527404872993
-0.5894444192518349,1.6423506932949867,-0.22498152220392012,-0.4852537282177113
0.1084804396522917,2.210427182624521,-0.09980240127457415,-0.26185969845325524
1.6199223904290356,-4.513190651825439,-3.557165254665291,-1.6507518497724039
-1.9366607047887363,0.5892019241664352,-0.13929674777579268,-0.4832390503657552
1.9617464611276683,-0.23958249208714055,-1.0769423406469478,1.5016923501496842
-0.2085407739358726,1.94710456961086,0.07068250829635643,0.029916970390805583
0.9607276252956954,1.1483210590074242,2.021500513654005,-1.351537820235767
-6.1960089694283615,-2.5998031862096087,1.516927275257023,1.195395229192336
1.1786745375267198,-3.2606655410778544,-2.5743138916348216,-0.4616159587361718
-2.705368352785132,0.143604537080193,0.24038803371581718,-0.437955874452126
-2.7261818207980597,-0.002700283480759815,0.11990263899216488,-0.27037041719206484
2.2931313226558,1.110218965526563,2.8517641127513422,-1.3522830204914729
0.031404363880449766,-1.858754004717806,-1.394102306203444,0.25184131371524354
1.138436422223403,-2.3922965927873614,-2.1628147338047934,-0.07406524364073587
4.255824219835452,-1.6804912503835119,3.5496573584832882,0.0353432188627986
-2.534024618138306,0.15878696956206378,0.11218628901511639,-0.277711287946708
4.348218885546668,-1.323911967191116,2.199061332203772,1.5532114956754974
2.600978084958614,0.31112562804017213,-0.939983368325909,2.0387952549406867
2.268070633678761,-1.3020812407650344,1.99383189573556,-0.34428360026058696
1.069467674347932,1.2419218037938895,-0.246500440351032,1.3188840922533231
3.5688260364290043,-0.24977259096464471,2.8264682948794198,0.14289092015481858
-1.911766187372082,0.6599052789471781,0.06390317883803139,-0.30543043900818606
-0.3310991341921678,1.8276381661865475,-0.11205824258124658,-0.22212254654345823
0.5444712293616192,1.2254743413675337,-0.3235086832686575,0.7443015470960663
2.275641917977222,-0.6199598561503651,1.945383997191317,0.8344704559055737
-1.2709463549125437,1.1288392946698567,-0.26018107127179774,-0.6686852183708892
-0.5922377081121939,1.619592907164113,-0.2180937778491844,-0.418720628877844
0.462083249852961,0.7821857631735168,-0.3080482035386125,1.0351015919779027
-1.6812297836234706,0.7599856642083408,-0.44644353361683925,-0.9008562217716322
-3.309930740937452,-0.3737095514369491,0.39304918470872563,-0.12294256991829346
0.35556917578033,2.397392798518046,-0.19722900736555574,-0.3832643429017827
0.06721575181943462,2.217600894181959,0.008658543198163927,-0.1971858458972552
-0.23052108508641175,1.9760437526826211,-0.41349744717810705,-0.933329722424216
3.2279961299782176,-1.4460045496872427,2.055975928960064,-0.12674010098534905
3.2942722278524874,-1.3108379806519876,2.046571793351565,-2.505209030193056
-1.1382921427800599,1.166995983032251,-0.29311405469560586,-0.5348032247651432
2.354724121371068,-1.4545699206341924,2.5746782376249744,-1.659243343482178
0.8420163321694937,0.15026023030697686,-0.42285164817909243,1.5076580672007256
0.004421568193751841,-1.4203403081579575,0.8809440427740817,-2.6032166194570254
3.8185317063889905,-1.6509402368836665,2.7349376899661544,0.34583368322069513
1.8996298906279485,-0.12637820045302656,-1.5393172222307796,0.4112051327653388
2.1026704853692,-1.6207672239605435,-1.5076677825926834,1.415465086265099
1.1043947285374762,-0.3893196273915574,-1.058214160964154,1.0175194168004411
-0.37262286571918424,1.8000955965147483,-0.17501327742198328,-0.3463068287559233
3.5156495425716208,0.18198055068535987,3.72721572900252,0.14520343467486435
-0.6599938150994903,1.6728462594724454,0.05980604792856794,-0.27210668626400863
-1.2068575594127307,1.173131333217717,-0.05608911688876391,-0.3184079859490461
-0.4616450950413297,1.7454638113529133,-0.04544936766758103,-0.18416115939665914
1.6649893028521707,-0.10530084108107493,-1.046481806262427,1.1362440419464108
1.4245749770456901,0.20439021955231115,-0.6756556115627029,1.579570979773533
2.403684269025963,1.0059439161820223,-0.3350734401791844,2.545135317017048
-6.079202927781011,-2.5124290392396698,1.5961087494019894,1.3410280415159161
-1.3589503774189964,1.0594082789919221,-0.16766523058210384,-0.5340535513677339
-2.058739903743373,0.521567291895263,-0.32757120020017866,-0.892240921802035
1.6429089195167792,0.3419132777553444,-0.6603519369644335,1.7649558277212267
1.5349896980793216,-0.7126056637265844,-1.276701404633493,1.0660634511332943
-1.3925304068305782,1.0145897876567154,-0.2830688588102828,-0.6690273284905841
-6.1960089694283615,-2.5998031862096087,1.516927275257023,1.195395229192336
3.98848525803276,-1.2407504905136293,2.818810349407154,0.8350135778170648
3.616862939549887,-1.1733331265270828,2.17059666449464,-0.003773595405879615
-0.7244325416904529,1.5477241435279363,-0.42636579254080603,-0.8706909537437303
0.17487075666353816,2.2622540555314212,-0.08349698224257765,-0.2344042920554633
0.6835132277189032,0.1967622609246773,-0.8681929564461834,0.6002147601718871
-1.3379044725151232,1.0648206566913112,-0.13490802341284255,-0.45874209061220894
-1.3036133747430214,1.1706724730782292,-0.06263329690566985,-0.5735724454347757
3.9891562730619707,-2.552924992459709,2.6040679239783238,-0.5647289033376299
-0.814754177159022,1.49775008754647,-0.40095566602524474,-0.9176448389345743
-3.9367625170500014,-0.8312015507012307,0.9497523649626071,0.5896006424529163
2.400905717075224,0.9510066970419004,-0.40860186015742966,2.4688105543429826
-2.6558017331647896,0.1876651303334897,0.3885271559546727,-0.193501419963352
0.18267861091068657,2.2829210111594116,0.04951924221653516,-0.04231920059129917
-5.932044718872375,-2.4023506324066117,1.6958656091464361,1.5245036864193553
0.9367846709809524,-0.8128583370965554,-1.3394739178763684,0.5372250238497924
-2.2601962145507235,0.39315011333494426,0.044176754988735155,-0.41816641658255016
-0.7729803869413813,1.464353444289243,-0.30335251226834664,-0.5449612190285676
-0.5787846827559968,1.7322714961828416,0.19057259843574817,-0.032639044905515606
-0.6088011277148018,1.6586821320145444,-0.47681584135328664,-0.9995967327035281
-1.3130410559585817,1.0957085167096898,-0.2859573947789083,-0.7164064279201185
-0.24610596868968737,-0.19135443274423378,-0.7102731316632898,0.27087245114855474
0.33346118693962623,-0.5903441975993519,-1.0715591014388013,0.3910969124228957
-1.3309390504218983,1.2414991775560789,0.005233022259687227,-0.7535325720830124
2.8980604889455903,-0.5392166432477612,2.3212649763393767,0.5317635109758833
-1.9009011402063718,0.5937451253431638,-0.44985364250271836,-0.9457646286083833
1.1854824770673043,-2.2554902446089202,1.8869986106382948,-3.3658395412068476
0.7992339566494229,0.9361750592199842,-0.43469400122970336,0.9858439780602797
2.1370579586465492,-1.1860272168176174,-1.4484038670082482,1.5593632953045524
-0.7648406395317906,1.5085693002121334,-0.3583894664100605,-0.7390976457182452
-0.2355793248248895,0.9745939759174739,-0.18760945374536464,0.3843937450367738
3.0090778823753634,0.6638588224623113,2.0965573506902793,1.0732570033580513
-0.16121940346377933,1.9954296268180878,0.13331735073329132,0.11284081604881327
2.560693719130502,-0.7015394723374244,1.6305069574962956,0.8329981823414341
2.9438756790827685,-0.17664234752255994,0.03946382582079381,2.0824934020961403
-1.5799599361653192,0.868355556030948,-0.5311911371753191,-1.1135721241855634
1.5263231074838133,-0.295961424639192,-0.9912895730909062,1.4218591800162765
-1.7420242714614322,0.7603132650584039,-0.14463322324222208,-0.5717770505074101
0.1584250244779458,2.294765352716024,-0.07595991414033029,-0.3488417304325871
2.0791877497100852,1.3781263064799674,-0.45537493880527585,1.6543397037686671
1.007467776242037,-4.705144426729172,0.5156997164867655,-4.377920777096918
1.913467475887743,-2.0484771133339534,-2.2076487627312136,0.21264596370790378
0.7510487967858227,-0.4834561980002386,-1.6485789991940085,-0.5017315210342564
-0.2255602023941428,1.9704233829152986,-0.2555602487312935,-0.6296530332088209
-1.113237727948747,1.2656690176795713,-0.02821929005973491,-0.3207275598844754
-2.181704880197172,0.48683712222618836,-0.31956968697275007,-1.0589697283390886
-0.5786052101635905,1.649330671797921,-0.23516548298958076,-0.504806278511315
-2.0219945694356696,0.5672610711265631,0.19994906477839322,-0.08994182330064225
-0.8360456678203669,1.4466204411904235,-0.19792474339185798,-0.45739090633351087
-1.0918516121754942,1.3166538090337383,0.18649232198386656,-0.06000259303231519
1.5971958289179489,-0.39786109953015075,-0.9387866993023251,1.6017664309036752
1.254921840257913,1.557789074314678,-0.22186873002330382,1.1713803898227115
-1.018514955164692,1.3905568450644805,-0.048078057098849235,-0.5051496354519406
1.376944317595701,1.0225385575246215,-0.382499710608947,1.5465926176132547
-0.47903240132567654,-1.6602652329729657,-1.4077741622394409,-0.3196424846976103
0.44012687716007814,-3.197243994641447,-2.171589686374293,-0.37263406391228693
-0.29410635846681177,1.9248231602523747,-0.3018492822514583,-0.7320747210921532
0.34750994934192464,0.6126350718492246,1.8265339413293453,-1.2705138212545635
-0.3789870552867579,1.8501910739684388,0.0528753219658605,-0.14261074621346512
-0.39640522243066917,1.7872508380645844,-0.061771226033326375,-0.1799027630845764
-0.6032603737682717,1.63607305124508,-0.3854071932381526,-0.7711244848918752
-1.0366621629624864,1.3475155772567051,-0.13120226008876593,-0.5744713588670312
0.21403637365052644,-0.4659897282160499,2.118509845325323,-1.842866669355701
-1.905205693910842,0.6501955389000144,-0.10869162567657026,-0.5501009753232164
0.6111768895647026,0.6936878199687063,-0.6323487795852507,0.6629274053789962
0.9175973051767475,-0.6346964637495917,1.1898375422203744,-0.23134523838885224
-0.43496010564965776,1.7923700801052045,-0.11311699066006964,-0.37875626446329447
2.9532053139628207,-4.593725682644384,0.057501381785159525,-2.4434127272429924
2.0760543206162905,-4.688143390754473,-3.26288156369474,-0.32560650112092115
-1.312702600911849,1.1187117663080015,0.0793588227421231,-0.16552253436463113
-6.1960089694283615,-2.5998031862096087,1.516927275257023,1.195395229192336
1.418539465345925,0.4823293246807706,-0.4719368626271907,1.728369786713602
2.646412302238975,-0.03254513431690038,3.1307722751831073,-0.5947163739254592
1.128036906054637,0.7318399413882575,-0.4561401732967911,1.394833104149631
-1.094274346900752,1.258625620165315,-0.025562910933604816,-0.24434174107833304
0.9362118155989823,0.07240259648938818,-0.6647598903843536,1.1567753334092312
-1.3495840939266193,0.9836508866826634,-0.3433504989256801,-0.5940637728331889
2.7795876922456078,-1.3531196084336834,1.2306745839708377,-0.02617559787284317
-1.735743116762732,0.8010017844508533,-0.2305775014284205,-0.814239942482996
1.7922427007149186,-1.2654672260985664,-2.232291141237917,-0.48554908274226677
-0.442887041705498,1.7834191925047784,-0.10067970424207948,-0.3438584273971936
1.7473834264407864,1.1338461185345299,-0.6197681728288107,1.3302647893840722
-6.1960089694283615,-2.5998031862096087,1.516927275257023,1.195395229192336
1.3537053510494954,0.06409237812507289,-0.954424537247015,1.147151262166962
-0.5745012139965282,1.6626986154873638,-0.6040279838753193,-1.1510900641837973
1.5233563732343116,-5.200805397029542,-3.9537916849895702,-2.267624514906899
1.009361620177775,0.0068042933332226,-0.8847267969090271,1.067290282933557
-0.7709322432586349,1.515541193829079,-0.00195966080769374,-0.18671918925456746
0.5276411710688984,0.5719658803587989,-0.7918652031751684,0.3668400518525086
-0.7549797259894366,1.4849235983660747,-0.22138687812264626,-0.4214863124889613
-0.4651842917505555,1.7804306442174165,0.11645729325850784,-0.03358969683649398
0.9397505896781632,-2.18117266299659,-1.894046179785373,0.2530666070713173
0.9112103906273246,0.5981738682228178,0.9674237635622488,0.16999673463119172
3.5196608051628906,-0.7012921217193023,2.9805538593047087,0.3504678655098019
1.2033419460237476,-0.27305888709791726,-1.3056047340182506,0.38273198994932706
1.1558758992707896,0.5473255476448613,0.347547000522123,0.6874644887999393
2.4787396494981393,-0.6327731039299005,1.449227484700239,0.18453995717302024
1.6241983512072409,0.9754042802394751,-0.33991868066306635,1.8706898692514713
0.08975468922928038,-1.8933932930889417,-0.8250721500008611,-1.084375722426857
1.1917025350375083,1.396399900519979,-0.3441921309865349,1.1428012961400735
-6.1960089694283615,-2.5998031862096087,1.516927275257023,1.195395229192336
-0.9404443072408349,1.3916558476929077,-0.2291876329621463,-0.633636851199132
-6.1960089694283615,-2.5998031862096087,1.516927275257023,1.195395229192336
-1.2251041905287803,1.1570646546054857,-0.24988607686000722,-0.6258731566190414
-3.591232495429734,-0.6145273901987623,0.4616545555799452,0.018877044242770438
-1.2714780019240806,1.1171789511579828,-0.4112977832985086,-0.8956783204017523
0.43810556624614705,2.468774446040673,0.05942560249703096,0.03850961723198482
1.6790673503845386,-1.9692516716789294,0.4384200549031081,-0.8023441690197829
-4.7380424739256135,-5.836068632642948,-0.24030346444968512,0.16173375402663162
-0.8571144837949186,1.46266876802891,0.025659993705863828,-0.20717062806123113
-1.4220463106014951,0.9657414139370968,-0.3067685094683961,-0.6433542759241678
-6.1960089694283615,-2.5998031862096087,1.516927275257023,1.195395229192336
-1.5137303543492364,1.0113065791581015,0.1129491196143971,-0.34415787840728057
-6.1960089694283615,-2.5998031862096087,1.516927275257023,1.195395229192336
-6.1960089694283615,-2.5998031862096087,1.516927275257023,1.195395229192336
-1.5555355997147042,0.8908960512438695,-0.37683822242427484,-0.8562815162162805
-0.5981325677919672,1.6188447761323488,-0.24378260527089138,-0.4732353671784352
0.17881092390694803,1.4299635033213403,-0.22219069278951634,0.27341680794209633
-0.7831041942632366,1.454695628477429,-0.17223988805568938,-0.3191319638050552
0.5946075312489693,0.5045441439027641,2.6991333072281436,-1.197831677662562
3.856424613179525,-2.6969313105579675,2.00404425087803,-0.392329160593125
0.7846938167008406,1.3880376445000389,-0.389827212312141,0.6990055564535016
1.957180835783313,-0.8883147693116871,-1.5090547770464044,1.0444248298765435
0.45782517695446157,0.37697215144831775,-0.5081396895577827,1.0362154731795552
-1.5571959811124598,0.9078549487495288,0.008489214602195073,-0.3043727770194566
-0.22629479129892566,1.9407544953683313,-0.19209083583125433,-0.43040336081847386
1.7703605325816458,-0.9745943828557466,-1.2787934822483162,1.426544439858118
0.5343387051253058,1.456230340418809,1.3805689094073659,-1.0037827806438075
-0.7203651455301633,1.5425540995361926,-0.5153705150710314,-0.9991960218808799
0.22736354763303515,-3.351572062954893,-2.483227720775541,-1.0739351683739704
0.8333615480467059,-3.801709334378123,-2.3474234328036423,-0.19467795577654176
0.24884411339159876,0.5168865926473449,-0.8580025318728289,0.061598360783126985
-3.0730747653924135,-0.2759330812608845,-0.09534065276443812,-0.5961880787341279
-2.7379914454391145,0.0127291656331012,0.24089596001868457,-0.10723508912166586
3.083267026546068,0.9842466282321628,2.3524874448750914,1.2493008828208911
2.9606565945283383,-0.010549630762840762,2.607046381179699,0.7571407398046246
2.2277831850113614,-4.127826325216303,1.6566326614309463,-2.665953108633348
-0.07969805219905192,2.0434398269046974,-0.076269090707513,-0.18686408693913867
0.300524004073386,2.343460549633903,0.014252907889893342,-0.004739467089004953
-1.3847193691020063,1.0824316306197097,0.06638948965398551,-0.3147403081720361
2.4281370412124703,-1.0537016919906688,3.0667704070971746,-0.9231124249974548
-1.5984950408233012,0.8779347843040033,-0.40567314438613994,-0.9658136817615793
0.6894516409031495,1.7504280180754692,-0.06966906161931176,0.8571731000281331
1.5700214728991715,1.8867558457300888,-0.13461897383385002,1.3360745989432217
1.671987827226901,-0.8591602205633808,1.5153607476963664,-0.21161093354926458
-0.187362547962321,1.2912688697708568,0.7105378646802781,-0.5105348715037259
3.6711587454838224,-0.5361432787713385,3.347332488535372,0.5087393758945301
-1.4986994619679082,0.9193173815595239,-0.4884265560766457,-0.9974262353178333
-0.7406683302394084,1.5029486245245525,-0.10917495971694957,-0.24814464418324575
-1.5236552158614736,0.9386550174899294,-0.18196034671673003,-0.6491148244004424
-6.079202927781011,-2.5124290392396698,1.5961087494019894,1.3410280415159161
0.4392988199955562,1.8319522952072018,0.6087148609199804,-0.6890206560975063
3.9472039376700736,-0.8059818910073515,2.592556365741528,1.1003120100892736
0.37117639309684014,2.413032397689643,-0.24264921625564542,-0.4678680671857315
3.087009310760936,-0.08181187015220243,2.447388305319522,0.5102256560749179
-1.6330589243613847,0.8857714509062175,-0.4360121755988205,-1.1159074384986147
0.18267288965596454,2.281114433077632,0.13207654820034434,0.09699722671042002
1.7364697409907615,-1.1211378990823953,-1.5856772111399446,0.9512861131673006
0.6919459503939372,-1.0423236756066703,-1.5545312607553903,-0.017373748823309627
-1.6389840411519971,0.8807024381550765,-0.4344941630614994,-1.1127773313924394
-6.1960089694283615,-2.5998031862096087,1.516927275257023,1.195395229192336
-6.1960089694283615,-2.5998031862096087,1.516927275257023,1.195395229192336
-1.4436198395562558,1.0323965430581319,-0.15976084731131693,-0.6627747214825503
-0.045405622784723244,2.074157092181814,-0.08322305360924306,-0.21816022823967604
-1.817659658827718,0.6370876956948976,-0.24091229278322682,-0.5224218720252868
-0.7956213222566555,1.505082655102494,-0.22898938135473637,-0.5991766219230218
0.5826110020401976,-0.3023347438876047,2.063637730900341,-1.948001710846461
-1.7819236611757123,0.8288405864636263,-0.42230516728163486,-1.2707758224997368
-0.7266076909913094,1.533346964648251,-0.07516679202139079,-0.256103202770711
-1.416054047295109,0.9837010195575052,-0.2512576724125685,-0.5839786256285696
-1.2701040272864148,1.132078503989488,-0.08879647536188298,-0.4073367786754988
0.5334018514771552,0.29899005589105837,-0.5318812397615775,0.9580621438838225
-0.7959294712603788,1.4756842585771222,-0.35866562067055036,-0.7197992429165472
-0.647565531843658,1.6031972305321665,-0.31688214668232423,-0.6641582137668379
-0.43630415314202986,1.7684216848049892,0.11277638226737485,0.07564029969322113
1.353507225579478,-2.1108471694295443,2.1342611632439956,-0.5289566656125736
0.836024519204367,1.2273770091486098,-0.470902056241703,0.7052194173629743
2.0682223676346094,-0.04552591489749469,1.685021423024328,0.2936639538859655
-0.20679848075443463,2.0058697332553628,-0.3519699471870427,-0.8336485166088057
-1.8289601657726569,0.7988972661680134,-0.5680594555916177,-1.5486627532125963
-0.5029740226842506,1.7043669579364673,0.022971068443433187,-0.04113220662298105
2.465759967149311,0.07363292485409752,2.5169771089028696,0.05123967667801769
1.9922915207989544,1.0693634561514518,-0.3849048229817254,1.9923588112768633
-0.4392040519787445,1.7638984189412246,-0.22404301091378323,-0.47890027360941456
-0.4312670810191598,0.6848078947482357,0.10089670299268233,-1.5906184831225785
0.7182944909053186,-2.7519468610850897,-1.9545663496019106,0.022563808975851717
0.04677878131647781,1.2367102341990743,1.2387290157783237,-0.6940799376929271
-6.1960089694283615,-2.5998031862096087,1.516927275257023,1.195395229192336
2.1678239982484615,1.4989094224557462,3.7495405621904028,-0.8799897144124147
-1.2998202434021429,1.0216465259034861,-0.16239849105793455,-0.27983863826109007
-1.0150448654586215,1.3676510645057705,0.0467414361323212,-0.271584366960447
-0.5975434377102774,1.681606069660768,-0.2833984408298971,-0.7076587043992556
1.2713202404481616,0.0765581674676961,-0.5426932175468304,1.8422348218961162
-0.8977743120647487,1.3826556751826153,-0.40401771926507474,-0.7716200264541857
3.11815199299349,-0.37386544811855377,1.157558948714494,1.3582268257337509
-0.3190452823855,1.8640055596320413,-0.29790269376802475,-0.6230599363592927
3.221205487378491,-1.6991791815595116,1.919951310790897,0.061916810445219
1.033868890384027,-1.9606835720703109,-1.8659704127728967,0.15063566919658344
-1.3171312038375274,1.0630619770948355,-0.13951106116891612,-0.41387777161876405
-0.4098170997872669,-0.47181007440133,-1.1697531696237895,-0.4640602411862999
1.401725142040606,-0.020571539380850122,-0.9661243047607111,1.222275146440469
1.7523036119500897,-0.5691614957130717,-1.6294856092508256,0.37011515975460585
-0.006144881578872439,-1.4755077526411382,-1.4414726138999943,-0.43856792794358784
1.2034282050713643,-0.052579283951774976,-1.1268846060349333,0.727681772181944
2.282487712151199,1.3846612305996762,0.7474961243111333,1.7231595047285668
0.19472091478273518,0.8746355562592049,-0.5184870370795899,0.34848926700584176
1.9067045702136038,-2.279210633904404,-1.6022909880362006,1.5097059192894065
0.9665405564041101,0.45430548514479846,-0.7476535870878702,0.9665873817621713
1.5690217433183282,0.13267208344084772,-0.7650930118711987,1.4078497934160452
-0.2730560061111907,1.8951862454683441,-0.0002714967728099852,-0.10116127006114749
-0.028559917371182415,0.9581618327261407,-0.6768639173403199,-0.32397406394761236
0.7749203068735201,0.21401551447192185,-1.1774909595052916,0.00494969179389726
-0.16231091100298292,2.037710882203975,-0.20446602131163252,-0.5784022288637293
1.866108897267772,1.3761393494466396,-0.3384904363964766,1.7231205047139881
0.779888345518462,0.3295308642388017,-0.5480960250316186,1.2821001757766781
0.4662740363748388,0.9657021699374558,-0.19256865158776412,1.042817488601392
1.3554459565656978,1.0311207929551913,2.896610360356105,-1.318278873653135
0.697176546312664,-2.3126706536795347,-2.0116132204990076,-0.15457735280138207
-1.1422806569508421,1.2295263514864545,-0.032518036352731726,-0.28539559588902724
-0.22244262958085356,0.8743741952912047,-0.47179052667316257,0.16240336915870318
-0.8112418071610226,1.4776444424394823,-0.39874707265270476,-0.8269750672272793
2.5226935325470965,-2.1512213064669585,0.5116958849998824,0.00866373749633966
-3.0262621605710964,-0.09257141393133753,0.8300801383938049,0.4111336359987075
1.234701882367622,-1.4533456567467902,-1.491301441423397,0.7282615635121193
-1.533243458638414,0.9984904423005295,0.19596175424969592,-0.18613336024294394
-0.9065962796645735,1.3800589069780191,-0.10437553620701515,-0.28243169040484156
-1.7260855649940106,0.7433307865533415,-0.49402202800770906,-1.0369026364645515
3.617836840541801,-0.7319675796489591,2.127524752300403,0.8101449742572309
1.0637051153197823,0.5276687538147719,-0.41867225042163714,1.6041179290822192
0.111134341359579,2.2314423367761456,-0.16055739581284315,-0.42125798366575684
0.11727929514186336,1.659660005371783,-0.2948426548844129,-0.09538019785300832
3.898285017805375,-0.25533918257628696,2.6215246723346963,1.6476501389989897
0.9259375641886441,-2.034259480277456,-1.9133913527977415,-0.04074873205149425
-1.007407045904699,1.4913813518660695,-0.6222036311002082,-1.6828106659247448
3.0988766693288263,-3.3597001259157495,2.2065159456619465,-2.7765441095541408
2.0308080969523594,0.26570202200907056,-0.591009566852137,2.163973074042735
-6.1960089694283615,-2.5998031862096087,1.516927275257023,1.195395229192336
-1.896918251446782,0.5987432078594661,-0.2914389581236752,-0.6799776475111178
0.7670433826435878,1.9363942016688522,0.08364492065698557,0.9709688884627209
0.9238143390793142,1.6299248952611793,1.6052023913883748,-0.9234687695707583
-0.3501007942168347,1.8890802563330749,-0.3768787910104096,-0.878182110989132
0.7652788798411784,0.8669796460425815,-0.26817872229068546,1.3799091648155917
-2.8163277467999217,0.048672229199828616,0.26870502504824,-0.3795554744330325
2.5991438456796225,0.538609672306541,4.465637901593559,-1.947558103741377
-2.5069685452965764,0.208554322522701,-0.23657369288451882,-0.8877992251646182
-0.0075726699525312255,-2.059027579134174,-1.0518580724908775,0.9595008876937366
3.12697958252601,-0.030925795118481605,1.6670367013128369,1.0781306841493414
0.711779147388596,1.3440922146538294,-0.20607761419403708,1.032123780703267
-1.03537018540488,1.3732414129326298,-0.7363880678035818,-1.620472605441741
3.705421835617297,-0.11209746493822505,2.743169520415155,0.909260296640594
0.865947561210035,-0.6657040884920337,-1.3010067069261304,0.3874257437742235
-2.036005313264686,0.5506740953962797,-0.015575216714754002,-0.43799089915569367
1.038096054906751,1.346425016379366,-0.45686080121946165,0.8001990236712914
1.1552736944707769,-0.5068566777921679,-0.9461400132187124,1.1353729117990534
1.2158380917167129,0.4805802499382351,-0.5389602943282356,1.5290008285442107
0.5627622878607261,1.1611266232101745,-0.3745719747098445,0.6834547640028175
2.075971501183456,0.5967579008719704,-0.8893223983191387,1.3043236295230847
0.9313923986821339,1.1557991995623718,-0.20661472888434868,1.3663603893602179
1.9615521445554858,0.47083107336538815,2.2300863804778497,-0.7947083179539434
-6.1960089694283615,-2.5998031862096087,1.516927275257023,1.195395229192336
3.356907316423855,-2.6100821222232957,0.4467737759270716,0.5081768912345559
0.3890967762671956,1.4323371655742099,-0.4331652773261413,0.1999652689953367
-1.4339278879933033,0.9715937751967381,-0.5089784008519352,-1.0298865632524514
1.6213420706370132,0.2574327254059959,1.2417810596797438,0.5327809348222855
0.4473480578512268,-4.04534296260544,-2.8520322914226366,-1.3487011590545914
-0.3826469954776523,1.8188901077321575,-0.5082788360105942,-0.9844925235124103
0.7644992220669046,0.2728289364774517,-0.666215690797235,1.0121951787858168
3.1946283707410355,-4.106238159120257,0.6249547469577444,-1.8397784891321023
0.6728550223532694,0.9461206406256747,-0.3689392901055316,0.9701432707191381
-1.6015036543508865,0.8892858932991901,-0.3158909294391948,-0.8497880951335133
-6.079202927781011,-2.5124290392396698,1.5961087494019894,1.3410280415159161
0.7523876007016235,-7.184110816979393,-1.38875630837167,-5.768583202839974
-6.1960089694283615,-2.5998031862096087,1.516927275257023,1.195395229192336
3.019119299908832,-0.25555877794786985,2.2803512285582537,0.7763008720081654
1.8847549287844576,-2.207528624336412,-2.545392600091544,-0.5564860478853275
3.5837452842919038,-0.9469850645121745,2.5032634042459994,1.187842522857323
-0.8829359957760323,1.4426424670375917,-0.3462123054676017,-0.8018673886862977
-0.7401515900372804,0.6906942760669808,0.5127296820724915,-0.8935783098076583
-6.1960089694283615,-2.5998031862096087,1.516927275257023,1.195395229192336
-1.1454572537167689,1.2466429530957044,-0.13475548087833353,-0.5200360845523193
-1.817018075143095,0.7220640911667187,-0.13368393689911282,-0.6261343638430701
-0.5675237020451196,1.641218945327998,-0.37693263393127213,-0.6917389699061779
-5.996327722334148,-2.4504360953922966,1.6522888993736964,1.4443561662507634
0.9775100454902206,1.0788074296963508,2.0619092496790365,-1.4296285985091037
-2.026288828063997,0.5433230126812242,-0.2563661122055603,-0.7571306895051741
0.13581437079665962,0.1267938751711857,-1.1467564195683273,-0.41152011028035473
1.4974161384202296,0.07887411894980041,1.585345248024673,0.15840796011627603
1.5741938028366553,0.7261376963471247,1.0253007633129638,-1.0872209140418747
1.4170247275938084,-0.9722222835682037,1.3443945688048382,-1.2761408928643525
0.9744907166229211,0.8073287353078262,-0.3618164562752161,1.374055260289473
-1.083681218187873,1.3139725721941358,0.025240537690324107,-0.3119952520053076
1.171658541380444,1.4915966274891292,-0.2772590749949535,1.135297518690114
1.591390720061019,2.015357240190181,2.3171574450148436,-0.23290494327395808
-1.675905005424322,0.7956676312376615,-0.1811204326030467,-0.5331560278579882
-0.7316571386536967,0.9395942330525342,-0.07712328965405973,0.18690648610519814
-2.473005290058137,0.16702538903593828,-0.22429641048776108,-0.6789960111737903
2.411572036194282,-1.5099210932680804,-1.8298451332955377,0.9599920387025046
1.893178394943408,-0.05939491385884966,-1.0331183357004692,1.4780878170851703
1.5263840906186459,-0.07328492747872559,3.4246785758766283,-2.0228654189782964
-0.17797381880874213,1.9506318252932655,-0.07003142710357455,-0.14373759570750264
-2.098761514057981,0.6609665725178602,0.15772611404375617,-0.6737977323221848
3.3376507515162723,-2.119743252568684,1.9945271857194482,-0.7690326965392453
0.15064200562239857,2.240959741536288,-0.12418212873262102,-0.2966985485146512
1.6406963638127792,-1.4684475711486624,1.6741919484106593,-1.3257933769300905
3.6945004695969157,-4.591588038684108,0.3733546829655956,-2.466993365567313
1.3057793314683541,0.8147108726861374,2.6827187514769,-1.672379494776414
3.215941803549797,-0.26021844544633904,1.8819162437840788,1.1986515397507949
-6.1960089694283615,-2.5998031862096087,1.516927275257023,1.195395229192336
1.1141378474113601,1.1959332304567372,2.2921710260086576,-1.3650927027558946
0.2458800455051248,2.306403737120374,-0.03476690026487863,-0.10931039348138961
0.9685716244509714,0.9042289619015088,-0.5189471796514152,0.9314658287514431
1.0317801565802522,1.3256623747923277,-0.27991525363063724,1.1547211664179833
1.008293003043481,-1.6938705449534237,-1.8313093791662591,0.023195223060538468
1.269656267324212,-0.374924979738528,1.7084378189161065,-0.91363239394023
2.2730467471331517,0.46849140919083887,-0.7869480098007138,1.9373434672133207
0.2009491079079403,0.8353757409768593,-0.5808389883724013,0.33890866963618943
-0.3890980375022169,0.2949737856435789,-0.8496269201745378,-0.35252414691480194
-0.5969798951026348,1.6728200139748743,0.10073281433753568,-0.04949703502848856
1.580659967204404,1.085781118900677,-0.32187378681120005,1.7930541450440038
2.234835433642402,-1.2227158128608848,3.0989621238125142,-1.7183177437487218
0.9788073856620088,0.6079156115400379,-0.35021135270421466,1.4908902347815665
0.14535141891688497,2.2329261492186023,-0.2762286855800677,-0.5387100449937503
0.9591478995210408,0.615487346491868,-0.5937187310551718,1.0723705591509878
2.3653682832868745,-0.855103376006483,0.9901254327970379,0.9258875314735279
-1.6981648805632963,0.7688462718805424,-0.34091384377473427,-0.7821426790763133
0.22890023959494746,1.086282471263139,-0.1354700560454317,0.8252378177520867
-0.19609692168923165,1.9439725094237934,-0.13172136001568183,-0.2778416851082797
0.801251517332501,0.7403222812073161,-0.7240903692608994,0.6176778812806842
-0.3727903529628842,1.9530566036399524,0.11660054793459118,-0.32958075840570483
-0.553648547654592,1.6565505062983503,-0.00819664386849802,-0.08464479291355402
-0.2321840068387059,1.9280556761315961,0.046854251506465126,-0.021459168069532672
-0.12850134787482742,2.0334106493803095,0.002393024116036015,-0.15227510604843894
3.1922693903993817,-0.3998947343905534,2.9730150291244417,-0.9544644360428174
1.9820771112616444,-0.4810263333272802,1.8492263930904773,-0.5368348078596548
-1.1867021519726344,1.204793768755754,-0.6319182131973903,-1.3212716674791032
0.1401506196154091,2.2487421134583445,0.04006770581901461,-0.0692477833988203
-1.2511088678914135,1.2780655620847017,0.08194378525845354,-0.568454385995917
-1.3576664867769173,1.0135963333802926,-0.17519894882532763,-0.4334096144719817
-2.1196038771551344,0.5285447704772389,0.028465434020886218,-0.4983001697674724
-3.5991000671870435,-0.6212645171689956,0.46353393106052226,0.02276631619935561
-1.079274711790526,1.286117290754678,-0.2004013672311096,-0.5938669441638749
-6.1960089694283615,-2.5998031862096087,1.516927275257023,1.195395229192336
-0.07924676278009504,1.2089215546684318,-0.2928380498571036,0.129872131316818
3.4031954594061524,-0.746799991505503,3.0132526950972682,0.5473673468422415
1.3868705227288536,0.45088127087440094,-0.7139399043871499,1.2991601825538308
3.444152062396838,-1.1915827682388371,1.8014602683943395,0.01427317007327547
-0.8361079678677165,1.4480598271906455,-0.21637158458774178,-0.49267271774784804
-1.0491560087335594,1.298391878099877,-0.00900640300157731,-0.23833222782012128
1.410757139110986,1.044208684516764,-0.49397697461680107,1.355451918749625
-0.3281939353215592,1.8551739101714824,-0.07093706569218547,-0.23583159555300656
0.6206043325416908,0.18549616710526437,-0.7680116698516013,0.6842203970211418
-1.091735812750406,1.2582155174504412,-0.12339528534786165,-0.40848037614698607
1.42487627144191,0.3980350049640615,-0.923076506910567,0.9653869792926442
2.718675584072025,-0.41632446178796223,1.2665704517797962,1.483280952914737
-2.754517877178981,-0.0032710655366679185,-0.17409604418360072,-0.7588744399884826
1.503027380103097,0.12952306846208053,1.0451981200518892,0.40075377688109093
-0.3780931767283558,1.783983089368586,-0.13400189389488795,-0.24569349246483305
-0.4880632958323929,1.719866763629682,-0.21799199616225165,-0.464850112120904
-6.1960089694283615,-2.5998031862096087,1.516927275257023,1.195395229192336
-0.6228311972232558,0.6668319280046843,0.2919902275855658,-1.1265886082025247
0.054182728658712015,1.5525539933189,0.9326585695549308,-0.15913864494752458
1.1831499039151776,-0.026477383932083265,-0.9809747187613659,0.9483490997100469
-6.1960089694283615,-2.5998031862096087,1.516927275257023,1.195395229192336
-0.3796751587531933,1.8290567608364792,0.283024064089817,0.30686890993533117
-0.2807958658007117,1.855942278932692,-0.1082861682315081,-0.18097311303592403
-1.759923793886659,0.7312972578380796,-0.015385732576846577,-0.29720930729125933
-6.1960089694283615,-2.5998031862096087,1.516927275257023,1.195395229192336
-0.7180131405271417,1.5739784942261141,-0.43749583224994554,-0.9461030568642325
-0.9641962142349797,1.3673463564913355,-0.155659131430279,-0.4750501119811722
1.0287723201069041,-1.0345471789665068,2.8436675694557914,-2.478810094510884
-1.702624697809959,0.8262565055295317,-0.4182011351746145,-1.079180277110451
0.27131019928147604,2.342887468952845,-0.1743783829067939,-0.38380001717418644
-0.4376739198707682,1.76418717347264,-0.22576187378685744,-0.4792203688601304
-0.23147406619067462,1.9670812684190344,0.045317301902223016,-0.1390632349885442
1.986337151511624,0.6492156434705487,-0.5156486842220086,2.112786870090935
1.8498140457635464,1.82446097071908,0.9195465710347663,1.1815426103628857
0.5833444186657045,-0.27695981923662116,-1.1729797264935247,0.09324010306694383
3.7772137626088647,-1.0342012209763076,3.073001846762675,0.3073885789816983
1.199079288015518,0.011382471869564937,1.3305260318178724,-0.8820713871194771
1.1907694447904396,-0.0555301520594378,-1.0932347720283744,0.7529515533494341
-1.534824370240413,0.9086178876855546,-0.38207721967597147,-0.8670911336421129
1.914976921894513,0.2804642751308807,2.2976695800121187,-0.3218682914210542
-6.1960089694283615,-2.5998031862096087,1.516927275257023,1.195395229192336
0.07909932824052462,-0.9160279267823689,-1.5970953663969139,-0.8387943037302328
2.6057680877926295,1.1909089863570692,2.8142745280224912,-0.3894708732870789
-0.18955837751973695,1.321047101263968,0.8476191232968312,-0.3078734834768652
2.005859731663034,-0.6332576605093838,1.572074942797669,-0.12579183620462048
2.7462486644957576,-2.2338249612717593,1.9363613705407139,0.85437661867388
1.8891523836774984,0.5607053395731794,-0.981478084021208,1.0519998071029895
0.1272710062665539,0.9846446114741003,-0.4871801142387817,0.19829688678019985
2.4498551128796393,0.5174499828966844,-0.7079586402215395,2.228670325452482
-0.13563843261411762,2.0494506662180543,0.0328736612835935,-0.1593085232445203
-1.8835042955060959,0.7154641449762859,-0.05126815635352507,-0.6150812053632525
-0.4455435758607591,1.7683263227267214,-0.24108879813950493,-0.5336565507809403
-0.5500458759591418,1.6725459079943024,-0.27558524170491855,-0.5653304074615095
1.347204672062841,0.9517464817485282,1.9536268865728745,-2.1673423276964257
1.4042382895734764,-1.3733405848467986,1.1387094560249462,-0.550779947952962
0.6551313216796322,1.7229093998131948,-0.21334494051375386,0.5495281502493209
-6.079202927781011,-2.5124290392396698,1.5961087494019894,1.3410280415159161
-6.1960089694283615,-2.5998031862096087,1.516927275257023,1.195395229192336
-0.9329000374826213,1.4110934149928804,0.01399316252233588,-0.2282993124329786
-6.1960089694283615,-2.5998031862096087,1.516927275257023,1.195395229192336
0.5306420016331802,1.2978373778996142,-0.6703067286336383,0.0164666325444233
-0.9148668403941361,1.4611899838288371,-0.055339286644874884,-0.47402604057548847
2.6458370162501703,-2.549731598164411,0.18713811988713033,-0.5527991878824374
-1.3195982935208328,1.0612768869120268,-0.3220736700030901,-0.6998139576822043
2.587165626583021,0.37520548926243746,1.3434127000012164,1.3502686719813726
-0.029094967201865718,2.0724233141311887,-0.13013596435897315,-0.24450395007943068
2.6081179910713748,-1.6876050666560816,0.12228262115384884,0.6500880585755258
2.609034817243075,-5.6164809883904105,-0.041398988831878245,-2.3296396129955257
-1.9588386366454145,0.5695926099928975,-0.314725971603009,-0.7781412582754852
-0.5683696111211084,1.6860853448505804,-0.3963559651398591,-0.8471862278896936
1.9941633610592038,-2.1574935202835555,-2.426946322794109,-0.10733766296810476
0.46890804869708114,2.4867447625997725,-0.08821331521116024,-0.18876170904878206
-1.3060477035752631,1.1043603027224083,-0.4402353227317321,-0.987058627910815
0.8272390038536828,2.7735247767472786,0.19902842504742088,0.3145289346566195
1.1344009598882623,0.9501775202581255,-0.7280958622121396,0.7118620266984944
0.7781231537813366,-0.021934579662068313,-1.1060298423471469,0.3266963957750677
2.6538481851453395,0.9500697029179482,-0.48030079800065084,2.5597613526855167
-0.5564261138703808,1.7473230280435104,-0.30960400929329573,-0.851783443043064
-1.953892110008921,0.6346932171310739,0.22465329194273828,-0.11371669195729518
1.3865027924225142,-1.816601675006863,-2.01094541810459,-0.05173640344894189
4.094090020424961,-1.3492490927924874,3.0115726006444077,0.23447917366446072
1.342887490916722,1.1243953557218946,-0.2542733291088018,1.696243629747308
2.557462938191764,-0.6796408808906811,0.5205378334885495,-0.47762627509039873
0.12743652238793662,2.2171645924358776,0.006233293930828034,-0.061216381324640405
1.3249083117885099,0.31274754352596057,1.4096674599468686,-0.3832505162680656
2.150945627890784,-1.2624706351359551,-0.5556379395089561,0.9423721904346063
0.12550131400992712,-0.6090636988764452,-1.2628027942047158,-0.1348956667291712
-6.1960089694283615,-2.5998031862096087,1.516927275257023,1.195395229192336
0.5824500199589772,1.4730682659715122,-0.3030561114859498,0.5190030126680043
0.3171593256324565,-1.0365842556793554,1.804836047036554,-2.3078577269002998
2.8611964468981483,0.4010981030834496,2.1506505751508995,-0.10751622020966915
0.36449694884629996,0.7445231477633748,-0.5852006348806501,0.5121297764609412
-0.547671814493777,1.678166349752449,-0.16839946115652074,-0.41275337518915334
3.3188117891547626,-0.4985570433134221,2.656008899906469,0.5788176847533916
-1.8396248719258184,0.7597209838633092,0.10219728434441926,-0.40144088805579115
4.0413193937794,-2.337402695642802,2.3322805683166155,-1.6923162870640918
1.480563881892052,-0.5605144235771241,-0.9846795980127915,1.4909786208910176
2.9035496750695433,-1.2575044908950987,2.0680427620774013,-0.3938373446231838
-6.1960089694283615,-2.5998031862096087,1.516927275257023,1.195395229192336
1.6153641785841093,-0.5501519773073458,-1.177114699603315,1.298772671806736
-0.15538899719710592,1.9839699800292379,-0.3414846601335641,-0.6435633857643948
3.656779499409995,-0.54148744509188,2.4923404889547354,0.5845349324523339
0.19111789636893925,1.7525638185327268,-0.09705503734138068,0.28150401401100145
-0.9859614547572695,1.3262254686064894,-0.21469625611059676,-0.4930865715858992
1.451783906860917,0.37149273057136384,-0.4792258020009933,1.917751962434338
2.6775186946293617,-1.2586171213927762,1.3330021305464321,-0.7817484312839162
-1.1770582456668974,1.243125164317143,-0.13137936093751648,-0.5718096620024385
3.4051081224234285,0.8254530601653535,2.882355704815269,0.8424512159657932
-0.22817066799114083,2.014227214560133,-0.41889402091512923,-1.0443484459192243
-1.3164954554554453,1.0592974910108748,-0.37393972099154255,-0.7758672023095197
0.3082923933333843,1.1766686713085566,-0.31165210069141686,0.637952043334062
2.715079836855885,-2.768696231738752,1.2535327413733113,-1.9636838164296608
0.4695162866258469,0.2986692172955674,-0.7190882423153852,0.6411092365610905
-6.079202927781011,-2.5124290392396698,1.5961087494019894,1.3410280415159161
4.118329902323287,-0.9024185203273852,2.9691672540254994,0.008294263012034057
1.921839860122572,0.24801474166547383,1.38519568700585,-0.07002693444761979
-6.1960089694283615,-2.5998031862096087,1.516927275257023,1.195395229192336
-3.5662070395543277,-0.5356631799007593,0.9694849796764611,0.603739982598023
0.27629209336052274,2.3613453155869104,-0.23956419609543747,-0.5329084261106315
-3.0340958526987873,-0.16809723762036602,0.25690313459177505,-0.3497060359474536
1.0997152361293652,0.23448737173127213,1.6677287343440683,-0.3331629861210691
-0.77535503365182,1.461213842377036,-0.26223930528931577,-0.4720579194181699
-0.30839537653327637,1.8709075613914163,-0.38807400949945287,-0.7562552081176837
3.54395281945102,-3.737517898810927,1.0165750045971975,-2.825374337675882
-6.1960089694283615,-2.5998031862096087,1.516927275257023,1.195395229192336
1.282209014645908,-2.376942162640911,-2.021588872433188,0.10963218772502004
-0.6288989797367266,1.6165550970209808,-0.3757190162087208,-0.7587840025454158
-0.7993669366574595,1.470422929188431,-0.08841982651440147,-0.2607878255740735
1.2529249150201855,-0.5892743048394488,-1.07373205716811,1.1497623137125115
3.2592577441516988,-0.9033230669834115,2.153847909920409,0.7013972280377592
0.8966867241212326,-0.2901965842645738,-1.0521188416996625,0.6569607113407292
-5.016991070659723,-1.7722503116306974,0.8436049981988166,0.5666717986911632
-0.7610506310370653,1.4953220587396707,-0.3020974860985742,-0.5995966952330841
-0.31273832427028403,0.38857608678781436,-0.6645022609171571,0.05604839694823643
0.7808177241602667,-1.6130895488945578,-1.7768606695802898,-0.13230032885884074
-1.4157562719602488,1.0608183370225683,-0.15045017233357497,-0.618961289821083
-0.33740298855200096,-0.702036782792296,0.09117972912502498,-0.18600927872810316
-0.8999088624586793,1.3738459325819699,-0.08783246034966771,-0.21646013663667726
1.7612389164035973,-0.8141558505617233,-1.5506034737656729,0.8063611987933531
-0.16871006178967402,-0.2540534485576326,-0.8024815376591646,0.014085326585515416
-1.0029094404270782,1.3343414883833247,-0.4448063839285065,-0.9433459744813769
2.035382825296566,-1.0069686621132576,-1.2373425201260306,1.831951047007541
1.071125419619192,1.1321624180767462,-0.5905650157105133,0.7735391632370927
-6.1960089694283615,-2.5998031862096087,1.516927275257023,1.195395229192336
-5.394913166202969,-2.0013110780184804,1.0626241222587027,0.7204131893198883
2.603684761875892,-1.375701721738553,-1.9131570200916679,0.8190757052091941
2.4600570837101405,-1.874776566239956,1.14249458285677,-0.3494134602830969
-0.9554742661592852,1.4377141981885173,0.20897438701888005,-0.04596431231153813
1.9800002725277182,0.26198526963371355,-0.7943605679458748,1.8384045941929816
2.5724758014986735,0.7098692551289724,2.779629642198675,-0.12287988832088517
0.1474744128303901,-2.933775599758498,-2.2950315947893625,-1.0549566306556448
0.764565602510316,-0.8179272992803718,-1.430520564003931,0.1720285709413113
-1.8534648619760847,0.6820605120680971,-0.18199905227821392,-0.6213194417729744
-2.1913238974163245,0.4889310884484965,-0.4743463162504528,-1.3555186307943905
-0.6089059389216893,1.6356955063370326,-0.40636016612749953,-0.8181670545575779
-2.010671910860993,0.4998063892715885,-0.422343933752199,-0.8889770260392481
-0.0691877248920691,0.8307761949418333,-0.5221739446220829,-0.0007345983738113452
0.5019220131174169,-0.2860766750718161,-0.895628886320193,0.7240874615620121
0.9948104211695749,1.0378109240978235,2.472813456669312,-1.2162184158795262
3.0145219057148873,-0.3088549196863151,2.3027582889464107,0.6090167025459798
-0.2854370150598939,1.8775668639128584,-0.4324634580362798,-0.7988653291357488
0.18423444485172988,2.2729924034404587,0.08440704327151984,0.040995654329596266
-0.07883481836393415,2.053721085431697,-0.010330971636527596,-0.10434124440095087
1.463509418647142,-0.6077304544070224,-1.4049505056604366,0.5531769793379924
0.31575426853349714,0.631934584785878,-0.40273249828886576,0.8739959435472763
0.7566744213958468,1.002266308240591,-0.6428799351858818,0.5182059033498453
1.920693518097825,1.441943085229793,-0.2915942446967903,1.8095639657002414
0.3189354324628383,0.8977582719325591,-0.39357256052911493,0.6627923508989338
-1.4969208141265478,0.9422816321157227,-0.029212980420574037,-0.32795110987554515
1.8745361208938764,0.575193026918968,-0.501090459922473,2.123420930827911
2.4545208207582645,-0.5275770060443469,2.2973120345374802,0.22107184534707805
2.470443375831428,-4.251990164749773,0.8701962123363751,-2.326113961870419
-0.7914571465089181,1.4642584122983502,-0.256487373138743,-0.5058704208608148
2.240188184457739,-2.9877803705298045,0.10853985299467157,-1.6352463069017582
-1.3437726880052645,1.1449084871461959,-0.1875602930293572,-0.7707638667852164
0.45779691692089464,0.7089966697874424,-0.4515784827526696,0.6658765635537129
1.1974762165382,1.6325101712866645,-0.09534550345969763,1.395338313613771
1.3385165127774,2.049360888582668,0.14087289578615345,1.4475879067142683
3.1018688205137814,-0.09039841899781427,2.6322228492992665,0.7116362539971207
-1.0051805734986556,1.4407495153060588,-0.8619571138140206,-1.9559499308825958
0.21893702075674845,2.3007033769111707,-0.33334070461768356,-0.6554433759079147
2.826169995134947,-3.507538942106829,-0.8560384055218562,-0.7212380424827823
-6.1960089694283615,-2.5998031862096087,1.516927275257023,1.195395229192336
0.643686676242252,2.1596670526488344,-0.0014483614321451268,0.42054940941509816
3.7355073305156927,-1.35430117473172,2.0062198717536943,0.5440095615070765
2.434946470647527,-1.4554425268983182,2.2833756867420107,-0.7999900002187144
-1.5662822998927404,0.9106843507483876,-0.18919250041632654,-0.6637052473581188
-0.757132584479431,1.5094329516860883,-0.31349395786366,-0.6481767241924825
-1.1244932914187242,1.242935277075804,-0.4487602946658323,-0.9729452438074063
-1.6386332409976923,0.8435924464948168,-0.39546733750691115,-0.9447615478622332
-1.8080162794608639,0.6986593410971027,-0.35258397177213147,-0.8562842246860689
3.138800924212832,-0.2970397097972539,2.3435305979323537,-0.5352678755535886
1.0954772551459833,1.5359844271705048,-0.23235363968449008,1.0889046792288601
1.1598062964918179,0.8686452990546543,-0.3619679914918894,1.4526164238058912
-0.84746629234174,1.419582236560123,-0.28260381809734686,-0.5536946525097801
3.3518403505537524,-0.6640617493773602,1.8455509818510942,0.8477419044866428
4.183372703485195,-1.3815659859933138,3.4840605287672672,0.38835143454930837
-0.0013679274997998642,-1.1549252891366841,-1.1471515344602898,0.25262950778127924
-0.5686574713917667,1.6911757760164545,-0.41986531590015846,-0.9014788756126096
-6.1960089694283615,-2.5998031862096087,1.516927275257023,1.195395229192336
-0.7674054358117229,1.5456272646652527,-0.15795111022810868,-0.5437366517863809
-1.1929572748776114,-0.17579342892388392,-0.5300456347835781,-0.16481765174699262
-1.3407594241709204,1.0363894906868174,0.06784920461769252,-0.03218196367626124
1.4325266373963004,1.0880664651240302,-0.8873314036903006,0.4238713470344193
1.576451862713941,1.8159285982666344,2.342490578912083,-0.8983957752905222
1.566597313345433,-3.80703901151545,-2.7693126545989917,-0.3264286638700327
3.2272302323271242,-4.129333112264792,1.8130872134062288,-1.706685023929436
-6.1960089694283615,-2.5998031862096087,1.516927275257023,1.195395229192336
-0.31262613187431065,1.9444441848063068,-0.5595986565817971,-1.2768250547254447
2.7803191175874273,-0.30795668516144925,-1.080623464590724,2.2189853832177397
1.5871135778541503,0.9434126649715269,1.5838537711191094,-0.07899955871954484
-0.733647268792122,1.5897364231392825,-0.181763310976686,-0.6083474407863794
0.9092474736384177,1.7892459537909313,-0.28617652126165527,0.5337041118529937
1.4295243970851435,0.6588347898553438,2.693435375853094,-1.7451896911416354
1.0921841299447275,1.623399382959371,-0.23848079700039157,0.9682589938617622
3.3009185682268094,-0.5241989030397377,3.1972546682295246,-0.2568979317716366
-0.6683925402557892,1.582239727652026,0.06785792274181031,-0.017882167307540373
-6.1960089694283615,-2.5998031862096087,1.516927275257023,1.195395229192336
-0.24912271937629216,1.9328511133744508,-0.22153683982010688,-0.5094065064959441
2.9490668155722224,-0.7031579759972274,1.9363883254736962,-0.14684936886273936
-0.8844559939270991,1.503421568320422,0.28392018096342,0.04990717305592735
0.8315857841490282,1.275294325022822,-0.35958404907323693,0.8636883837126109
2.119094085134088,-1.3414133172201745,2.134391392233184,-0.524130179013678
2.1680921363041707,0.27549068372716545,3.187055955663578,-1.968851139625078
-0.09266507239906144,-0.09609708562605543,-0.6913949069207409,0.330245756563168
0.7306304107224543,-0.46059198881781027,-1.4360569059370927,-0.236894614499782
1.7961098389353816,1.5021988207816086,-0.0784057576716101,2.043427070325973
2.137460358411705,0.5601625995514172,-0.8276131115620271,1.584187976034125
-0.8530775291843506,1.4525805475809936,-0.45083192372546627,-0.940585529686259
1.8034306049660838,0.42677728965322376,-0.8274740662925025,1.4115970641759041
0.5801905739508372,0.7095037105468937,-0.4303846147004925,0.8878658793797406
2.170779322569428,-2.890925471421651,-2.379712529590063,0.5192503833496386
3.019510980341931,-0.5528432759306057,1.4991614629605066,0.6827879788503178
4.248984898025934,-0.8005748140708646,3.2077176358473043,0.8388349924196908
3.231824417223559,-1.242799781273109,1.6391697669529937,-1.5883128754204419
4.3031579663710495,-0.47917018797852445,2.8600208395782465,1.0030277286920308
0.31508150122201506,-4.158057827774402,-2.680052218253486,-0.9895746232879322
-0.39085682606591327,1.7961451003994888,-0.18603289923132818,-0.4054980521915955
-1.029651169405446,1.4014971240651033,-0.14526811061123637,-0.7487867713822345
0.642790542053246,0.5443238973482742,-0.5856967394436177,0.8311705817831767
-0.5906257185645342,1.727039701001591,-0.16859421668128646,-0.6569707264319229
1.8365109762197167,-0.7780799629261056,-1.5842873675497857,0.6521261661427469
-6.079202927781011,-2.5124290392396698,1.5961087494019894,1.3410280415159161
1.055587179528225,1.0091002844059935,-0.7089657808709059,0.5399841884358726
-0.6103042557134394,1.6449729186822655,-0.39240826102241927,-0.8224970095693549
-0.05179910147445264,2.0746880091665223,-0.04112079376743857,-0.15240159690678126
1.9893929986455625,0.007544080008731051,-0.14435087104909153,0.864569227470271
2.723986368388871,-0.3163081413354577,0.9217562986390813,0.8164855081759846
-0.1709407006602594,-2.8652280989986094,-1.9760689876048094,-0.7288207290820318
-1.3936916897334364,1.039911984342192,-0.475767984622331,-1.1193857213720326
-0.28416506444405815,1.86448830735439,-0.2762320848566769,-0.4958687466142898
3.35643943550609,-0.985042252709796,1.697707613704277,0.4388158844983532
-1.2619013514782864,1.1421298367713317,-0.45150745737570647,-1.0103054415351473
1.3667260533811294,0.672166880614327,-0.8022920415079391,0.9314020039084356
1.2349178392516835,0.5880938435741163,-0.33891456464115854,1.8147145073898876
2.0779186910278846,0.07905269386035133,1.8232624297239008,1.011152069456184
-0.033914113254812556,2.1155357815944953,-0.1534709108884165,-0.4103332871382427
1.4820872861169985,-0.5658145922039169,-1.2034482365611037,0.9436087251003785
0.7757754131182989,1.400778108179391,-0.2492871389829089,0.8075201798212974
-0.37130685747413283,1.8409588114849202,-0.12320536206232258,-0.3863818368771236
0.17300028312037946,0.21104935678092,-0.449882568428369,0.9881572382244801
1.6026330722608964,0.17815418764468796,-0.9882428338938697,1.18369707870685
0.35193640032002244,-0.3818243397983171,1.465247269289584,-2.3129934401634107
-6.1960089694283615,-2.5998031862096087,1.516927275257023,1.195395229192336
-0.18744543101508593,0.6264221610749656,-0.3019627897203032,0.5433624619933782
-0.9676581075467516,1.3129012741111474,-0.4356368693833668,-0.7921745469406001
2.2603618297811225,0.06761552084687572,-0.03850146745514571,1.0854724052150804
0.4093781586169347,0.5865979380926228,-0.697441218463114,0.39168295617035587
0.6393770246486477,0.2817673828064783,-0.8243595651250585,0.6042369772981814
-1.7394238458680558,0.7887859363440395,-0.328862562764268,-0.9067195633302098
3.1482164170796443,-1.6280931733672566,0.8264188645852821,-0.5437205182100925
-0.5634411664980369,1.6501846363048942,-0.30578441624981506,-0.5860672834500301
2.0436195397320387,1.300703532175432,-0.23338052252236666,2.0991982182295144
-6.1960089694283615,-2.5998031862096087,1.516927275257023,1.195395229192336
-0.9975713986282653,1.314030733137039,-0.3568114344194014,-0.7272278034143631
3.249412822823224,-2.7701357997113987,2.475710621176378,-2.3413344385731882
2.6097978790467664,-1.1644909338120821,2.1893603067732927,-0.22100496067003692
0.33658210734874305,2.4078392450317962,0.04314550209024689,-0.053086718868711406
2.3333666162466975,0.20397113754716759,0.11487890758454028,1.54358473899723
0.8134730729486525,-0.4442206483400478,-1.1811518251111712,0.4059851458760845
-0.03239548382037177,2.099661157168674,-0.15315967967851188,-0.3714623663479114
-1.9948330715662317,0.5885387791249762,0.05154851676445412,-0.32222096555724916
1.83592513227913,-1.0005285990390582,2.8624691385488967,-2.9912588846857933
1.0235233444196496,-1.1164237736069185,0.6203014694603222,-1.8387884453347614
-0.5138503114217781,1.7198741468326295,-0.42698699045295546,-0.8697279064692417
3.9375143043113114,-5.4950819552473265,-0.5420411320256986,-2.722420031914351
-0.34579627991990597,1.8315515635496311,-0.006575253575832905,-0.09279461345705191
-0.8985650272048307,1.4236115078464646,-0.47149522635846003,-0.9983823060458602
2.1164094491155856,0.8531335586254338,-0.42141842711025324,2.2800226515198294
0.6465402142929604,1.45282539715432,-0.030824057459391638,1.088231251751404
2.2306212531403395,-0.4104012569584591,-1.1613908902558003,1.6795635153036603
1.5763251363682937,-0.761449968713285,-1.1015975953134123,1.4402933996242433
1.5700418717614169,1.1618574862514988,-0.26119327076251075,1.8561940658067826
2.6855249700165404,-0.07743031829065981,0.09543264922868784,2.0179625745237604
0.5133571118087696,-2.5088808342648474,-2.3351046864025378,-1.0522796531212852
0.4324030184106795,2.5000657832669195,-0.3017326634489795,-0.6669305059534764
0.9632311823031623,-0.23386783460101193,-0.6839787310237725,1.4843768449663235
0.6469011808637124,0.9960426216522432,-0.2017475511300869,1.2052784567696362
1.2413912625553796,0.116716198912274,-0.6384791762614503,1.644173419867086
0.09406813719910724,0.3915424397251476,-0.8862791017545724,-0.07562900052566197
0.14343593883751027,0.06478610418931614,-0.9878370906883883,-0.08058451191455214
0.8967664057963258,1.3366003955614651,-0.4805992499117702,0.678349625000709
-0.33134484137768033,1.9259682767856132,-0.3922908980497634,-0.9895109250768007
-2.1778985137718068,0.39581566114691713,-0.4432034512059439,-1.0159809921359948
-0.7137169851964308,1.5767278784382703,-0.14870317410354647,-0.4691440126558124
1.3608949050887216,-0.3736449463813488,2.8045936230096427,-2.3069627943451434
-2.948270687007254,-0.06421879778481668,0.3022464025518962,-0.3103668909106388
-1.5183003387334144,0.8725697145081618,-0.22141999746325206,-0.46093700333339227
-1.27650983078347,1.1907918099833121,-0.5276170827479623,-1.3047681629452144
3.024509913599776,-0.5141460790152744,3.8053214834784863,-1.754186387863327
2.2530757106670842,0.18694524755397543,2.4489953882220816,-0.276839547417409
1.0811712216151912,-0.5220232306268,-1.0541777227843996,1.007470260882641
1.971485423734233,0.8126123613570523,-0.6497176093473821,1.7117573427857447
-0.6667312479254767,1.599672503256496,-0.045514294511860086,-0.23667893284062533
-1.2549800092137113,1.217867049323456,-0.0012096645397806284,-0.48695767739490814
-2.052405400702692,0.5653827063114771,0.06493924199835906,-0.36954731347608183
-0.9778130627476692,-0.15664997122258636,-0.25284601265414575,0.47019362119320446
0.004082155818426252,-0.20393306931054464,-0.9194068200248517,0.2493752535237668
-0.63474831503385,1.63052004564823,0.054136358581737785,-0.11248670311047078
1.8139939422664544,0.8130217315247372,-0.5367532204744108,1.8158929853528616
1.6740126357895797,-1.971507272651957,-1.952775479563566,0.5292358503716027
1.6732182608609114,1.0289617373726005,-0.6292620485639495,1.1697827153835623
1.4555677867413495,-1.115609137048206,2.5406289920659066,-2.638085172182675
4.546099032405211,-1.1403531985063922,4.1245936941964345,-0.3344181616846652
4.003714239854462,-2.0057195937802352,2.068064165981937,-0.6888332307149362
0.8682783241162055,0.3718010921531323,-0.6898219953537927,1.0652840584922159
1.0599759997254925,0.2445445820459303,-0.5491766423872655,1.5602341753534235
0.07808215642878552,2.18997468699872,-0.01180711210093218,-0.12340276884081204
3.280922647592444,-2.0145717222283293,0.8195249424489095,-0.48471131007052914
-1.9602895439637602,0.605805897524178,-0.3525122289705213,-0.9436977987397023
-0.9941407676931742,1.3478465198894982,-0.6214517191644872,-1.2618245742441951
-0.16817934412318217,1.216983021629191,0.4311467922866344,-0.9871752209820998
-0.29285403943257354,1.9289640598095659,-0.5580810669743246,-1.1671308272293541
1.5655626799432167,0.7287457760887293,-0.971690598646941,0.7011347686566468
-1.0886297514765628,1.432176396306028,-0.7595209105190556,-1.9432675540852635
1.9338365240179187,-0.056680974903448096,1.1260392565134816,0.38482419029841114
-0.6681273995812304,1.577307956288929,-0.16924975122512,-0.38954930092856577
-0.4979376918592358,-1.3029812481580874,0.16238376400313614,-0.03294487608948142
-0.9019046866640661,1.4000755906874214,-0.3756401792493525,-0.7793167252219513
-4.7106234046249265,-1.4901931167972908,0.5291394951154162,0.09979833712386027
-0.13022890212265,2.0536585270701675,-0.14884670198331199,-0.4578503823082575
1.9063914082603786,-1.2825853199174946,-1.3849286710210993,1.514914457574244
-0.8567444314861454,1.4681999993565364,0.04258891209170975,-0.1982519800034663
0.027161974344236367,1.4878907184643855,0.6470863449878917,-0.6815030323055696
3.2068236401340315,-1.064413656680575,1.081574528156997,-0.02382750486102967
-1.4132842491700393,0.9998870904895473,-0.10961468483419828,-0.4302311771856637
-2.647409977198613,-0.006000218816338633,-0.32599583129848225,-0.7739841143731163
0.06217288427094528,0.6157902761871786,-0.6272702457441448,0.2844150303751471
3.710131337400409,-0.5772070596901216,2.809118317543045,0.7816499457995243
-2.1511583232993954,0.5129699765132677,-0.327398151208763,-1.0751115901155874
1.7477521006312093,-2.3860807827205455,-2.2282447409575954,0.1649796955862203
-0.9590227599718857,1.3675710548995823,-0.2762273285341484,-0.6490956722304116
2.8063368403459874,0.8218092621660714,1.5793718486813357,1.1640265508580356
-1.354881546724621,1.0019647374565204,-0.27554732834418477,-0.5395853189735126
0.06675990682109473,2.1676257445527103,-0.27513667863146046,-0.5346752563390861
-6.1960089694283615,-2.5998031862096087,1.516927275257023,1.195395229192336
0.2048821406727223,0.5971398135985931,-0.7941017299358819,0.06085873053855675
-0.9776794532647185,1.3378557944728526,-0.3893087959441552,-0.802589098152102
-1.3807850281793432,1.074731216682633,-0.13077287874223928,-0.55319371925536
1.2238012077078428,1.4031602398852348,-0.18535110847438155,1.4515570309527532
1.001674810255661,0.29434501555415077,-0.6123484646165199,1.2532120697268798
1.2661438900081454,-0.6230282773465203,1.1062863791873485,-0.3268811928206073
1.5420075487010665,0.2622074196316866,-0.8777398914089938,1.3288948509480307
-0.8792704579230386,1.4318714219350428,-0.24731993920227627,-0.596830256823339
0.2534981838140825,1.285229973476471,-0.2755072921783176,0.4953279805587879
0.12605184062298483,0.4879845331358826,-0.5015363727688879,0.5628762043208795
-1.3945352403554978,1.008239980109043,-0.3336421497682716,-0.7424133011915539
-0.808467291872925,1.484910715433151,-0.012679760974934638,-0.20804354455006882
1.145086314880519,0.9356058878930489,-0.7659308179117681,0.6704854430771141
0.817994016187075,1.615661601018682,-0.06680247906067772,1.0347575139413985
1.1454272517701236,-0.28307103786765003,-1.152146424023519,0.6009587488163939
3.5081287115593947,-0.41891901456057046,2.8812177504388274,0.08623515349816971
-2.088164672382272,0.5060367797209198,-0.002520876824145111,-0.4110413255446884
-1.4237886457202085,1.2151806496256403,0.23497652762202034,-0.49684047685277277
-1.0660275576376181,1.2615314752432047,-0.5045397522607669,-0.9886637925863949
-1.0431325122855155,1.2922843856258392,-0.21543022691789818,-0.5539829843607605
1.2711248844338734,0.8478721483149496,-0.4612519346255442,1.4972027922968882
2.776014948657186,0.9342136073631264,3.3378627323348247,-0.4432131748850762
0.6592476897982424,0.30622437200971164,-0.763484909360377,0.7491030063252637
-1.9892228307046258,0.7159139008647719,0.5740858204417502,0.15400290351340948
-0.4630863778509906,1.737022601498235,-0.3106522433882241,-0.6062906114705856
-6.1960089694283615,-2.5998031862096087,1.516927275257023,1.195395229192336
1.4064235717552507,-2.4123617259892005,-2.4196106412198746,-0.7763913054733956
3.586725223221394,-1.1037711972125634,1.6736133241936388,-0.41346022208350725
3.29622253981704,-0.42704697608039877,2.5122260545527944,-0.04559034418207098
2.8693004411707514,-0.3765035375825109,1.5860965276870462,1.4422615783726622
0.41961390751491945,-1.9108620157567937,1.8758544911486306,-2.668777077648756
-1.2449103200262974,1.1116216998677542,-0.043024611257980204,-0.20479372767497658
1.5999449707877098,-4.23485331793907,-3.1531097071963585,-0.7205251537278111
-0.10277350631736908,0.7078295221909904,-0.25192091291969226,0.748154905102803
-1.3030198749035273,1.1213445091822416,-0.10428577181169493,-0.4668590099257329
-1.8211911879430691,0.7613615971133191,0.24550667002133608,-0.11082756513797117
1.2769757572125238,1.143973968699126,-0.40366349952704744,1.2860445774490483
1.03990576990781,-0.2613000046164178,0.00970448646012687,0.41191603411370575
2.7807621170160273,-1.170852832192976,-1.563522624675581,1.6610898386262423
-2.5913778296355496,0.13633021074159435,-0.21518306605086515,-0.843668029656236
-6.1960089694283615,-2.5998031862096087,1.516927275257023,1.195395229192336
0.9209901003660331,1.0350125069530276,1.777531589052225,-1.7870551077918675
-0.2842037798528585,-3.3472866771380336,-2.1739551425640466,-0.8063837884214645
1.139809385363179,0.7550533178015111,-0.727559626471809,0.8795875721544585
0.04764866852662464,2.163051684925821,-0.06698020245838085,-0.21165083495905032
0.7017859603879473,0.9722916684583496,-0.5692314116244048,0.5807156831898188
1.9194762914988148,-2.4648357282363995,-2.2403656014700957,0.3833324339763871
0.8554880893239251,1.2523440002412505,-0.05858482080518008,1.4331139846278205
-1.19397846878703,1.1768850641960122,-0.5702051012522553,-1.1561601954662684
0.9029779901856839,0.8443049788984991,-0.5386218021449274,0.9771238703551767
-0.4583454530660562,1.7597652581373282,-0.15399681396877582,-0.40260415492994106
0.6521408976950738,0.8846500032957493,-0.7135170458621682,0.3868952351967504
0.6076249100252201,0.6282954545959827,-0.6781133806633778,0.5983754309190217
0.8732330133279553,-0.1512531145469631,-1.1724018725006837,0.3580395129284953
0.7608118917510622,1.4315688631969867,1.8664904238383337,-0.7037514194173246
3.0025649169847966,0.2603491696625323,1.8568910781814278,0.7586098901238839
1.4197463663411207,-1.1810065750220051,-1.5676581730511672,0.7198109601305336
1.1520142115917753,-0.9734298494600768,-1.1610660998369982,1.1442497526960287
0.9917793321724941,0.5846837863531089,-0.8845364234009033,0.5365766063708709
-6.1960089694283615,-2.5998031862096087,1.516927275257023,1.195395229192336
2.234492600430332,-1.131311361773157,1.3972215203125027,-0.14087765551605216
-0.13777375749854548,0.8105009563534094,-0.5365154083026155,0.15137584878768617
-1.3997756704351771,1.0977049277975792,-0.09902907120324636,-0.6329017832243896
3.567506575213719,-1.319165057138802,2.18033291631392,-1.0419016372260168
-0.5542080536530408,1.6613948008995867,-0.28442212903213976,-0.5595677222822386
-0.12932679904874936,2.0261346742661366,-0.33850771639634186,-0.694332962235713
-0.6465919976989325,1.6490547519380139,-0.08233017164005715,-0.4000811915681548
2.0123335525087658,-0.726118030196086,-1.2780569136075268,1.5328386329025112
3.0057559160366676,-0.03881938154715331,2.380902956534274,0.09089253500469836
1.9924292206710976,-0.7574068344076976,0.6332731154641812,-0.46503487254693665
-2.1511583232993954,0.5129699765132677,-0.327398151208763,-1.0751115901155874
2.3493685715045283,-0.9967925768099394,1.0607070976276824,0.25135335207341947
1.5634534320940776,0.7407960607533499,-0.5465719821807965,1.6335140650486362
0.873340754458613,0.4004352311046521,-0.7317517312201091,0.7318163714768726
-0.3199762372173298,1.86325463507547,-0.1498824919221768,-0.35904737377124696
-1.4325814802168935,1.0181067575307077,-0.06603518036676373,-0.42506334469190354
-0.5022871713404304,1.7031981257539661,-0.2321843170957917,-0.46877951071400537
0.6984094994609685,-0.5157639749618431,-1.1591795492192059,0.5243413351793477
-0.487584440903663,0.5156400281000795,-0.3990928449688612,0.25254499024740107
0.5223482349302696,0.4948364780026069,-0.6458271511890856,0.6639470396502763
1.6066850906585801,1.2235801451257726,1.2811504484766347,-0.03182276868405895
3.337790825003364,0.4946451784637515,2.2104049524590086,-0.1164595229157523
-1.7399664401955457,0.7484212584391674,-0.1152632768310462,-0.4358143773504277
-0.5504957467457353,1.6675572882960308,0.056806187373763105,0.009552403397720302
-1.9367259371198398,0.6964137295656332,-0.38246245635434223,-1.1886398608927171
-6.1960089694283615,-2.5998031862096087,1.516927275257023,1.195395229192336
-0.5149193550167674,1.7265483471389083,0.10943860711517094,-0.022006029792104406
-1.5639181323593707,0.8820803853791966,-0.5352824446005716,-1.1220102224826758
-0.31766601877804096,0.0029366963863362507,-0.9376246865373631,-0.24725156970543366
1.6722835773346414,-1.0422630979891354,-1.2635338715016706,1.3648350347964164
0.9917571839868025,-0.09472420154929834,-1.006172589860827,0.8288965002916433
4.716538655721475,-3.8681587803352397,2.002354372899495,-2.493441839593032
2.5053386161526077,-0.18200045411197147,0.8749739150754016,0.2863285784990787
1.2195904806305933,-2.1144755683519194,-1.8657107461327112,0.4145216883776202
0.21270326391305586,2.3072723287798707,-0.17131084179319214,-0.41208326887429636
-0.2573210070671453,1.8882350502458192,0.07814288984073416,0.09554977514461468
-0.7215206423330233,1.5393475049185323,-0.37760949405270056,-0.7588734029804818
4.144667373443393,-1.9618948361814772,2.1461925041456587,0.4614168527494642
2.476448383741463,1.2373233167773392,-0.27925800045875165,2.517572399607759
1.0177273533647158,-1.0924075866093397,-1.8650684617979496,-0.46111712395366583
1.4764360283457756,-2.0325573880185166,-1.9339341388733207,0.40963164387814244
0.6893323104635081,0.9947283728814422,-0.40147920539189286,0.8444463516041175
1.3124229058212382,-0.2366255022931997,-1.185364694086751,0.8356558347011407
0.6702866869339295,1.2407656965653113,-0.5641223871869239,0.34895938632991547
0.5490436061905366,0.7491988957363721,-0.5324279282283219,0.7704913711178502
2.083995304643779,0.33267946419906663,-0.5337025265830805,2.360506162426979
-0.2843306045708062,1.9027951370419973,-0.16681575277086289,-0.4175927955585641
1.9328085518140024,0.34138464824280457,1.2161253876084428,-0.008887155241442114
-0.616631756414796,1.7512297959443377,-0.15918190497010656,-0.7760498944372805
-1.8432679368885199,0.6907870298464712,-0.1845485501895057,-0.6265829340723638
-0.3202205208753928,1.8876740735823272,-0.29179554607901476,-0.6639809448115493
-0.9739630829830374,1.3216567772647252,-0.37923136247624284,-0.7337329302597382
0.03837304711490136,2.1500279188450153,0.12246480348231989,0.1196926359548087
0.6371907271100617,0.047531881564872015,-0.6412333757259732,1.028958573020384
-0.7485267192189844,1.5271105957017335,-0.4202073803920174,-0.8579909542076246
0.23318818973706032,0.02376220786219976,-0.9634543317029017,0.04921415881410603
3.350110107628475,-1.5495949930193746,1.9138809651408955,-0.6870493568080003
-1.0562977286100566,1.3356101776287437,0.4168095326671486,0.340452486107429
1.0396565238956144,0.2480596288737701,-0.850498922738278,0.8627396248071456
-2.193678267616412,0.4765937229977055,-0.3165024130027297,-1.0526450483936107
1.5037364191204112,-0.690670884951285,-1.5634576173087649,0.35726008310144847
-1.770073666177602,0.7670786595760994,0.05930492286054564,-0.33917087231603044
1.177518389867974,0.842981498064964,-0.4206152301255408,1.462685734950099
-1.6197831943909842,0.8816731308732704,-0.11491735465265607,-0.5702786391632529
0.09370388971739246,2.1893290234371316,0.04489607658837471,0.0049983555185802026
1.7770198373349604,-1.0484442887855314,-1.4047179859708474,1.2409218335782515
0.10940709081601668,2.267894900512535,-0.1265153591990241,-0.4616399539996321
-3.5221524716681585,-0.5724653741926634,0.5109356753695905,0.09287901064691781
0.29499459080781254,-4.827624434648041,-2.8758776349286057,-1.2907484416332138
-2.809298980928267,-0.05015236637588751,-0.1603926453726842,-0.7305841899951291
3.3850974620443797,-5.012150440050923,0.020794803395907262,-1.9591222789347973
-6.1960089694283615,-2.5998031862096087,1.516927275257023,1.195395229192336
2.042723638937924,0.6874947047271688,-0.5426226888971334,2.110975949037657
2.4181285218741406,1.4860078978847815,-0.09941361268681004,2.5886410810508083
2.7911631431578563,1.0901428092861432,3.176657480110384,0.41627160036506633
0.9593674546277721,-1.4593149410778976,-1.6682117994632921,0.200781645839522
0.3203977626061093,2.4065520831393257,0.11577567072299744,0.02655446123347073
-1.5649734245774365,0.8823972365111291,-0.2698848618623662,-0.7322328279101917
1.3804280182616782,1.4995313144579618,-0.34063617851643674,1.1760671662885267
1.0784242109351354,1.3724788651552915,2.489339661359684,-0.9098924759925981
1.630120563517854,1.3044597299598848,-0.2911105851555073,1.7206539489572827
0.4432279947635515,-1.2348945464609629,-1.4404526178899961,0.14049743766401754
-2.7020939590890714,0.08457249740393491,0.40176085599264444,0.017966785439733138
-1.2741862360028267,-1.270682122584852,-0.5003638906650789,0.29357543925395946
-6.1960089694283615,-2.5998031862096087,1.516927275257023,1.195395229192336
-0.0011831857170566463,0.396861752869504,1.6757714080789305,-1.433865725737778
-0.0031611858943757795,2.1377763053365717,-0.1349995992797204,-0.3782316132489001
3.459062688981086,-0.5474911589225104,1.7186532835406454,0.5841398950219057
0.8570845709867271,1.2261539309520328,-0.5519448311355384,0.5603271942241014
-1.0140913757957777,-1.0051503067969172,-0.6223313931637662,0.3184325916409075
-1.6190552316892415,0.8131897242909942,-0.4620935338020747,-0.9331549200004313
1.228488553749086,-0.0636257064045118,-0.6221297003641565,1.708173182528959
0.8920159281177122,-2.551781599120512,-2.350933382415406,-0.8960495492344827
0.9271462363981838,0.5551130972267425,-0.5636265272819129,1.1305258695543552
1.4493700256227762,0.025630470479940905,-0.8656033868524494,1.4263780043118088
-0.5643225503101733,1.6692657833646367,-0.3693047829146708,-0.7470711345190837
2.1480321494822796,0.8862756180934357,3.6796523299707102,-0.6444881968009606
-0.5642650871987489,1.7090169988492243,-0.14882233443733503,-0.4930437321001493
3.3145148464137275,-0.030711189157194535,0.5006615027304522,1.9702425448151797
1.341361213498227,1.0234572190045053,-0.4704194387410987,1.3306321615664383
-2.2186901440773483,0.38709637074608344,0.05839327259133239,-0.26930266284448373
-6.1960089694283615,-2.5998031862096087,1.516927275257023,1.195395229192336
4.0673112016295905,-2.382622103242598,1.8304664362103642,-0.8779694570497081
2.0767267716195352,-0.035913993863910754,-0.8719953938504621,1.9987433305376718
-0.7480885573599906,1.588666871873679,0.16603315265478713,-0.07251729402444539
-0.7923792292885133,1.4674957859962914,-0.3460850983044526,-0.6686208271099876
3.387505622409363,-0.8120174973237899,2.6746977107833607,0.36610972435090683
-0.8110352632716954,1.459865829219344,-0.005342311785923169,-0.13260909149685393
-2.214033717766232,0.4553039426704094,0.3282030750477443,-0.039771798370064386
1.7683487635448347,1.1023122197933901,-0.2430742062876064,2.063917754382109
2.8241948625671176,0.715519521836478,3.763682996158123,-0.4939929295630209
0.8909633515322848,1.6393733288184664,1.7827037114757065,-0.49586148908800376
2.5414595165528575,-0.551718471039307,0.8185058912441672,0.44342000791525965
-0.6139873660118266,1.6021587532145702,-0.2270984696031413,-0.4351148407230041
-0.5766474785648428,1.0219032398471404,-0.2323260191901025,0.11249304263024763
2.0167803581493513,0.2794813991913033,-0.6646342642320126,2.1337113086455965
2.302703356577083,1.2707544422693384,-0.2536406403302308,2.391423809954577
-1.8950644639218326,0.6811395917929184,0.25955025401484155,-0.02894166902610988
2.1491481938185895,-0.4506466580703499,1.9869580521914647,-0.12843839910391672
0.366893259682505,0.7452078002542998,1.706051067684579,-1.2506372351210298
-0.04102801025848696,1.239437023838922,0.2928364327672198,-1.4103341488142227
-0.668177897362302,1.5976444784007704,-0.10088748013050944,-0.3518026330155289
2.4063582555480814,0.817942408882618,0.3720241643020213,1.5866892327367383
-0.4408133071222575,0.46557093020802726,-0.12797702437075476,0.7024221043194655
0.2004141534342212,-0.04276237357347178,-0.9876326388562365,0.14571300290975872
-1.8489543671610935,0.6229786321248311,-0.26684138876251623,-0.5974526650216156
-3.6242538740177563,-0.7996075326985617,-0.18462227116032018,-0.5599531188309004
-0.6250442317217912,1.601232021940616,-0.4595428571359805,-0.8515013572940544
0.6968063886446185,0.9509475059690597,2.138257551235455,-1.1199417342206568
-0.9052031893336989,1.3526064557701232,-0.2683342780495231,-0.4771174152897266
-1.113656022634194,1.2473302047866042,0.042091247550481846,-0.15412711815597904
-2.1437104598796446,0.5118126147913834,0.2705581570107921,-0.16286762769056753
2.30952216611093,0.20655778335873579,0.13191444064762603,1.577549890671398
-0.4215132018754515,1.8239149104742163,-0.2436118321592389,-0.6405496842881535
1.733263891873357,1.521303925278805,-0.44199567370073684,1.232963030643842
3.8576649150491016,-0.04202904114900036,2.228353979653233,1.4572103400981717
1.342278936752849,0.3013918494112793,-0.6723083303199896,1.528040068924922
2.795779403407101,-1.4998227982441987,2.823567139161015,-0.9397503761642318
0.876370194736592,0.9557876334549745,-0.5974844361232403,0.7259780606282916
-1.313531186684147,-6.771794907762171,-0.32571760076628353,-3.726518408072993
2.206976855190134,-0.5254667935421281,-1.192009741217523,1.7066359991198945
-1.6168243052464446,1.1385262841568238,0.013261753578778658,-1.149678466671322
-6.1960089694283615,-2.5998031862096087,1.516927275257023,1.195395229192336
1.3945474686540469,-3.3135419513325486,-2.499335141941397,-0.0954381313071043
0.8796966079352064,-0.9561015166424324,-1.2993015710132338,0.5718570950228612
1.1314415665255644,0.7779870694642497,-0.8058693589643797,0.6978479244517319
1.5597505068680355,0.2565590607778835,-0.9312299853698711,1.1399615148149331
1.448785156995577,1.3647168676288894,2.688837325383761,-1.0889218658171262
1.3065772468453083,0.09432636468077761,2.0095556855740684,-2.5004022702317856
-0.7467871373409554,1.535397944752334,-0.4482295572565205,-0.9241064440915546
-1.2206555787136073,1.1899655229739268,0.13032417144203035,-0.07782113673329959
0.7890639999519594,1.575039716660929,-0.15477990638914804,0.9159749963543199
0.5245630473570663,2.545572654238046,0.31898189216061495,0.45330359107957935
-1.699189734568229,0.8322310803876691,-0.06781801754853808,-0.5085430710313278
1.1540873094010131,0.523828880485762,-0.734219687371221,0.9074193580531843
3.2389145735424,-1.11935858471744,2.3455680970956023,0.46802934734396695
-0.5912480437611781,1.7474302803760962,-0.13703636955156448,-0.6621014869223407
2.0494529155299444,1.4885249106533556,-0.0851348923149806,2.2610749389055558
1.7073387274807446,-0.495652628167325,-1.1803991311974251,1.3252990219062533
3.4658362052286926,-1.764454878341163,2.425903256389461,0.5551984550390925
0.3439812581176426,0.9426427407363679,-0.523741050535423,0.3553616231960786
2.8966056920745173,-1.157308237380235,2.438587236583154,-0.4216023283672638
4.184686653918198,-0.6977756558612035,2.5171346181122463,1.3417771137613212
1.6422808298613665,1.2767436289333558,1.4053751133938952,-0.02200639548422746
1.8331726672679205,0.762749730260255,-0.46359266203653543,2.0364334068663164
1.3515473140692489,0.9491612219803187,2.7372373343747025,-1.4012549469750288
-1.114923911332559,1.2980327414006139,-0.45006493367884165,-1.1026492547447924
0.9972615856758692,0.71982198794734,-0.5010678994143358,1.2027204958995075
-1.828034686507423,0.6951500141802298,-0.5323768647296352,-1.1999020855675329
-0.029395214634892062,0.6328524844992882,-0.5896997708325887,0.27260076750977624
0.8456876817609954,-1.9772244649087138,-1.7705877175458435,-0.14308031775692115
-0.1459064131722551,2.0044853702361487,-0.05505492454580487,-0.19858458374155477
2.2104291727516467,-0.6804700873753574,-1.6099037367488815,0.9491015492117133
-0.2407026501294882,-0.2321208632462606,-0.8695586657016103,0.11036484800916663
1.1502633772047022,-2.9116956567922734,-2.0937868925187386,0.2348768529823937
-1.2851068097925082,1.1135550397914578,-0.02230061068981794,-0.28897682226664206
-0.38497164837156617,-1.8133468448328398,-1.1178277568332873,0.3874204558499212
0.7159208207000128,-0.5124484819803418,-1.4694600059774252,-0.2987653332954069
-6.079202927781011,-2.5124290392396698,1.5961087494019894,1.3410280415159161
1.3643394823744204,0.09700653918394497,1.5832854927220683,-1.146739932220099
1.6080724199344676,0.5173581767154823,-0.9190592254113359,1.0398968600779723
-1.8021964177797272,0.734719328735858,0.16228970161456485,-0.12652756911582783
-6.1960089694283615,-2.5998031862096087,1.516927275257023,1.195395229192336
-1.1644709763365675,1.2645129864568758,0.2167543214948739,-0.04439454561851346
-0.09633769883239027,1.5099780550663455,-0.06351985946572034,0.32439433521690286
-6.1960089694283615,-2.5998031862096087,1.516927275257023,1.195395229192336
1.276667342998371,-0.8614684675758512,-1.136534213574244,1.265107564676113
-0.7709658645534879,1.5579452330889465,-0.5231440529578851,-1.1660283853661735
-0.4830982732578601,1.737432404979774,-0.5099101813252463,-0.9900036503309814
0.7561424649841313,-0.5891279211238112,-1.1962979728320702,0.47039310474150164
0.41625112555962956,0.5918031671491326,-0.568878768051299,0.6826168488255291
-0.9028043740852125,1.3894785538766914,-0.32469692174754655,-0.6662842134584382
1.0147171555850856,1.4419891416201833,-0.22545771395000339,1.1248687494377059
0.4561501208930069,-1.4102643246413207,-1.2037280607018148,0.6857370064967523
1.0882412371610373,-0.6223636937860889,-1.125156343902793,1.0138834575015827
-0.4055552057127544,1.7984043361760724,-0.12019904003802462,-0.34177977985887403
0.5372339003902272,0.7259188643449872,-0.6610337688852507,0.48239535043669635
-2.045110142846493,0.49575697522209394,-0.29325441231519717,-0.7338023634260937
-1.7386422224887312,0.8894438556857328,-0.06848562059143912,-0.8081210090328614
3.312045931840579,-2.2978223050597824,2.4531696551470787,-1.459050838653099
2.9763471894414746,-0.5097642071163591,3.3868066664664074,0.06986563827643368
1.6077539234897287,-1.5204522916368743,-1.7269464655862672,0.7349456377118981
-0.028834119598642308,-0.04794751194509281,-0.8050968893002399,0.18260187095901048
1.6819668493697053,0.6792031979787483,-0.484419814276826,1.9467781234938013
2.206020750274875,-4.219774057098957,-3.480545632086795,-1.1558000619817679
0.1073090557344052,1.0989499121747213,1.3373555848200096,-0.7655667815060913
1.5211925535389959,0.9471836492777137,1.4028693902965608,0.098305315112615
2.1390978468719712,-0.323656320166729,2.8916006989834853,-0.21136171133922427
-2.238496635034991,0.48716581002509846,0.13737280035271338,-0.4643980543975955
1.3959328822224522,-0.3688883989030384,-1.431606108579702,0.4161822142325229
-0.27274646650923196,1.9013714265234734,-0.11504071906370611,-0.2964131673098895
1.300998539016337,-0.02385025069979794,-1.2093905635235618,0.6002481880499126
0.960868051998356,1.3371442770372783,1.995359359022383,-1.2695841717375116
-0.5977377242565658,1.6400486614343144,0.0010570036838752149,-0.12655989215919425
0.8180678384271037,0.5416220545950651,-0.6775655864333308,0.8602164383655054
-1.097879618996355,1.2238033432710098,-0.5100720618018401,-0.9669626040300853
1.0558399075148834,-0.32485693325981785,-1.1466816379989697,0.7259301822941904
-0.712039015246496,-1.67308556595613,-1.1552946654175285,-0.2715491213346524
-1.1465021154439363,1.2162031156397148,0.01968472599864132,-0.18521729876790563
-6.1960089694283615,-2.5998031862096087,1.516927275257023,1.195395229192336
-0.28798975828165807,1.8778399088526525,0.038520248678458345,-0.009316043203646027
-0.06939947006415027,0.9692969503535416,-0.22484269642268054,0.5685663381171221
-1.5223737032277462,0.936430747788618,-0.21452030644363743,-0.6504109479582008
-0.8025054768241752,1.4720174306679865,-0.4543931250414905,-0.8871629251913814
1.0321933598715891,-0.038506288878487775,0.8476074247580807,0.2552091254568304
1.8529358648619407,0.8913729988230259,2.959831405426834,-0.8037204359515575
0.5919152620554159,1.6100967095704042,-0.3476193070398524,0.3573589062101503
-0.9414595651026497,1.4790938692103848,-0.45247686843514306,-1.2108503991305257
0.3318286106977979,-0.030824589564468045,-0.9971955704629275,0.07307516239596265
-1.0058194089458128,1.4069360403066902,-0.2720186958293204,-0.894238196447468
1.605389693470414,0.8801847486654399,1.307846661312592,0.7320345259102663
-2.730063311108812,-0.008012253559257634,-0.08220311623464985,-0.610577089165185
0.6679309285329571,0.8761847481832176,-0.37141790938512614,0.8557214375760919
-3.0895449615484556,-0.11462298606205426,0.31471912439168087,-0.4678535445401457
-1.402656155141683,1.0166705996760819,-0.2006177805880386,-0.5940983097034199
1.0242162292309058,-0.47370176712442896,-1.4109061855543577,0.07540670449561486
-0.6404180122064731,1.6540189321603993,0.06451161399544343,-0.18739254789507878
1.0124847222091735,0.03748765171389254,-0.8487060219118034,1.019730113402053
0.6405742235903951,0.23171369231949288,1.4966585985881706,-2.0714523874013815
-1.1837196391050446,1.2348107703555697,0.09254859138878875,-0.1917931196444855
0.07898054181945106,-0.4357289223050521,-1.0719137760274937,0.08026551837438742
-1.0265021019339389,1.3505140532213549,0.06821000895767189,-0.20995326428437558
-6.1960089694283615,-2.5998031862096087,1.516927275257023,1.195395229192336
1.5630803891614784,-2.0782940837821644,-2.081419528737654,0.16921957452846711
-1.3928362756869603,1.0067515785388086,-0.5194325838319409,-1.0514504192833505
1.1747559820870221,0.21343124081548734,-1.1795463414734721,0.32933133164899486
-0.14508081143634668,1.9945467062960651,0.03905543826716181,-0.004296766570890551
0.2228508972098754,0.17032213040641728,-0.9982953625080419,-0.055595055358738814
0.4505355086818777,1.6154076386440424,-0.22002822079963044,0.38570595886690556
-0.07550804715396929,2.1012800567530796,0.1708231117522831,0.06052185670715369
-2.51935890932714,0.20910519647525155,0.1587947229945497,-0.3009074407982186
-2.1368521401554217,0.43093636115332856,-0.453611558484557,-1.0374533942846695
1.1921300801836965,-1.0733443455265814,-1.6414399624444578,0.30166268470361857
-0.14107716565122003,0.0661627089469322,-0.692437265575,0.3463317689026504
4.239708851438255,-1.4758856800642268,3.587409295491094,0.2393425545590532
1.389300411096759,0.3862834084287273,-0.779509080317073,1.2122170664485346
1.5012798604556292,1.1802248879647033,-0.3623988175710926,1.5321594140121233
0.6402142368899889,0.821560903119649,-0.5814279496911036,0.698797372812497
-6.1960089694283615,-2.5998031862096087,1.516927275257023,1.195395229192336
-6.1960089694283615,-2.5998031862096087,1.516927275257023,1.195395229192336
2.324939169265453,-0.8074120070380302,1.7714063167737448,-0.014711021927799078
0.994266912283569,-0.14956853892290053,2.405918155441478,-1.9869875444093028
3.2576775820723416,-0.49956248539384884,3.099658161083704,0.2568705562297066
1.099005257537209,0.10750807453821841,-0.8094604409354507,1.1093644481013887
0.9552605453558412,1.2130825813504387,-0.6090968021905196,0.43124542361513285
-0.08586057942842047,2.02070956212187,0.04976803829077777,0.07389239642881922
-2.2880220002134766,0.4062154668248719,-0.44933861821082993,-1.3039774069540664
-6.079202927781011,-2.5124290392396698,1.5961087494019894,1.3410280415159161
-0.9423312777593054,1.3408637833484656,-0.47406675085254507,-0.8767649073316298
0.06973595061430123,0.9862295080325996,-0.6390550242941577,-0.07311795452370563
2.846560771984965,-1.2920733048430284,2.808689530038317,-0.873531068603118
-0.0402095003064582,2.127254541602285,-0.4914286651692504,-1.0292502993375376
-1.3424697187410013,1.0361339741644018,-0.1401124122903474,-0.39853798645397154
3.0920394789049466,-0.9112905805673599,-1.619148355221851,1.6724278120987852
4.274991379519891,-0.14761442656674437,4.563207243013932,0.08947906264927012
1.3133621984222266,-1.0849181424049408,2.673917971596915,-2.552675392337036
-0.4562380677868484,1.767693286371416,-0.19980357766808424,-0.49195487068229193
1.0755621335801322,-0.8910600688063716,-1.596916847316998,0.07812464223957323
-1.056782977039359,1.2532953559134639,-0.26359577023507125,-0.5364908415798579
-0.9698464468813839,1.3319134133684059,-0.25379309735045247,-0.5391958643782405
0.2582865507687789,-2.3642886945029487,-1.917210983164606,-0.42088637812345553
-0.6584503777125466,1.5672322423326526,-0.2285423067641428,-0.44178826409856
0.590892110306959,1.0940372878795401,-0.3142880286990384,0.9029156354431666
3.2850477866288803,0.2808855226019455,3.199475450471127,-0.030059698405320547
-0.9994339756942188,1.3101211749614088,-0.5920473948430367,-1.1213751708693407
-0.4548032377183858,1.7481150354346677,-0.34743350591049244,-0.6802363224005706
0.14582395572378892,0.5200460852173385,-0.6368940040909022,0.3691458047756684
-0.6956598281864707,-2.1120796761694334,-0.8415979383294888,0.6576681444752448
-0.19843731340987178,2.005136332436334,-0.2325609888044952,-0.6235148084556612
-0.19525173633549606,1.9491960977711853,-0.14906069823975207,-0.3117733706153459
3.13133398737557,-0.9210798071150427,2.0653466315439606,0.5264337836354664
-1.4906169294088667,0.9577343744871449,0.02605275849309582,-0.2533897569543288
-1.8326470506606813,0.7854491620717117,-0.40924342111756545,-1.243849645808973
-3.3965137640522642,-0.48837926383924973,0.478740266497953,0.18588440999588626
-6.1960089694283615,-2.5998031862096087,1.516927275257023,1.195395229192336
-1.186514610904348,1.159165579833376,-0.33643254642941006,-0.6934948560085171
4.25081827370543,-0.2985107420114714,3.3700150069426216,0.49327057651074546
3.090874108428399,0.9192252822663057,2.8385555216866676,0.2991778452926209
0.37044442575266934,2.4133245444326374,-0.00543222246093724,-0.07262473876751234
1.5444610533909864,0.8285378610838625,-0.3848338900166721,1.8955512709044988
2.343095154074864,-1.3474794168980586,1.4330746094637081,-1.4665724615666278
1.6460988079604395,-0.700726757942743,-1.2542381458286351,1.214713036600306
0.9263915225820502,0.15368417897405132,-0.21905644107057928,-0.4479407840192951
0.6948185372404622,0.3597626672633515,-0.9522344390895594,0.284633981679722
1.586282625233436,1.3238549995690103,2.950821827469911,-1.0511443846415256
-0.6862284541268023,1.574587764703861,-0.32568912682476553,-0.6875228359794301
0.2390922973997401,-2.5843465646703243,-2.240447662730655,-1.0058178430864677
-0.35305611227703215,1.8825357906937876,-0.3567807041663496,-0.8329587234365088
-6.1960089694283615,-2.5998031862096087,1.516927275257023,1.195395229192336
0.5085769320282143,-0.5477240903842802,-1.2449080714954581,0.16362251682645815
-6.079202927781011,-2.5124290392396698,1.5961087494019894,1.3410280415159161
2.0778071700676293,0.7048878033826532,1.4491115964758363,0.782066071026552
-1.949357123849837,0.7048090632304204,-0.07995149622287981,-0.7207506559191466
0.08456155400340384,1.0292902225881253,-0.6523491977051225,-0.2428486635358468
2.3015919111384346,-0.025548273640876182,1.375225692278094,0.7968453585051863
1.0312130623362348,-2.3170181044886475,-1.778132870177487,0.38624800338543497
0.7410668042000382,1.7447143161526462,-0.026256453518901966,0.8586932237725704
0.4318029514157024,0.15764648741713314,-0.7651637860576758,0.49872266335676635
-0.9790673413192431,1.3778622978558097,-0.18290655788192814,-0.5922968137569442
0.44067276232503194,0.13882602818410378,-0.8191608157154792,0.29021749922102785
-2.656954377426673,0.1221728362215384,0.1462428736416695,-0.43347173609580025
-1.5820309655606495,0.8327065452818814,-0.1861468621650957,-0.43453362639456017
-2.9032060985019283,-0.0885404056599566,0.2084317202663544,-0.3051469511057607
-1.1944027146720397,1.1585320413197024,-0.07295250583605148,-0.2794972673305373
-5.996327722334148,-2.4504360953922966,1.6522888993736964,1.4443561662507634
3.6227808821437457,-1.8781407733238968,2.130237135631117,-0.4828966947103138
-0.37434574966901535,1.8653194966624236,0.08117575880119533,-0.12334545388016056
1.5336881025571572,-2.54344407836875,-1.2839946030452083,-0.35475914793106855
0.7338668397456596,0.816113663664864,-0.5609340755469968,0.8262682290768025
-0.6778292820129352,1.6250550692195502,-0.5633452688396122,-1.2092013998641646
2.437279034690845,-0.3906482706346592,1.0073336373939792,0.346406672935063
0.3396898304009622,0.7019017515919755,-0.4289746530878596,0.7826920991075236
1.4706106123061629,0.08020972537440343,0.668978286838927,-0.010950484103270352
0.50049329073348,-2.7193704349224053,-2.2821375258463497,-0.9356475979256874
1.433008512440157,1.5582191299131252,2.6319369719691865,-0.812888134125365
0.6927582746320773,-4.071351903363423,-2.856404204872398,-1.094809693106506
-3.418712145214002,-0.47583065034492106,0.8981001915182563,0.6901539978967217
1.2802003752377944,0.9079681364187351,-0.18295698921259917,1.8626672660721468
-1.724038260261893,0.7841196233265141,-0.5590348514837119,-1.2548687867571924
1.403821952430808,-0.7231054274515075,-1.184763843380059,1.0635327778177388
2.9466847380662897,-2.7668426594544098,0.9662328689004425,-0.3010141427071659
0.5955625009572766,0.18393750102236914,-0.6283926900206587,0.9804252051071809
-0.6195092764124058,1.6097035714218062,-0.42563720272679967,-0.8044455406623094
1.0533815108987041,-1.9694672893933178,-1.9683465155310584,-0.07392200797871806
1.0602508208883292,-0.46020067783460317,-1.1536635926848535,0.8126780427880108
-0.574370298776561,1.6800412413147194,-0.6930409757983736,-1.349455084182025
-2.4812552393926106,0.2560640515104375,0.5329059327300929,0.2532023359624752
-1.0441615658223506,1.3463805118198506,0.08701665109364153,-0.2058532417431925
2.9672718491270476,-2.056063235889774,0.8986085050361453,0.0029498913621705688
0.7450160536838422,0.7297309844845787,-0.3980488668425523,1.2086532258442109
-1.966051195167342,0.6713268539536875,-0.37492225841105115,-1.173094935320236
-6.1960089694283615,-2.5998031862096087,1.516927275257023,1.195395229192336
-1.8721372872812017,0.6898016637929653,0.15519142106046024,-0.16428558263057993
-0.7661513684868092,1.4841605462141207,-0.22540603825618435,-0.4508172614821315
0.9867798479443893,-0.21857313937760867,-0.7851690356337012,1.3560552925801808
1.832981359314501,0.1630593715193004,-0.9664627270651827,1.4294273395554336
2.7558470863990534,-0.8047822463035205,1.2406242446878544,0.8750756114786938
-1.0123157849484528,1.438910962468471,-0.18453552863374625,-0.8674173043252985
1.7345284822650757,1.3549100231408076,-0.07896999291597899,2.1481243664210568
-1.8529966503184376,0.6824612090276723,-0.1821160761378339,-0.6215610443635796
2.4434460641556304,-1.4159048164655597,0.42874282396048863,0.3940736128950057
0.5749406882579083,1.4714628875359805,-0.4665623598239268,0.27025369494619284
-6.1960089694283615,-2.5998031862096087,1.516927275257023,1.195395229192336
-0.2434410115381045,1.909189787999878,-0.05716313648034634,-0.15485267262616884
0.860270875861252,1.3043004875541941,1.4324868127114858,-1.5988059857827095
1.4683971112829908,2.1948926824158668,0.14536809177262358,1.4434856615380591
0.4731671449167693,-1.5927858344549155,-2.0298952339114464,-1.0191253324156775
2.920023682051936,-1.0864530386421989,1.45444592134256,0.4983233887170124
-1.3917084076028023,1.054852674680178,-0.45845129380778643,-1.074661676280842
-0.8576028323822804,1.4540616105167692,-0.041898607642013995,-0.2947788842181754
-1.01549198345581,1.357853699685778,-0.5793983668801633,-1.2644650532483492
-0.20836141140261258,1.9758033420137315,-0.44863013861897444,-0.9257248043079408
-0.9758073119986396,1.3591818733798258,-0.17376527676827738,-0.4962361808849415
-1.67636584136627,0.8249029401029191,-0.5712710170682552,-1.2800971607329608
-6.1960089694283615,-2.5998031862096087,1.516927275257023,1.195395229192336
-0.9191054421847634,1.3807798013265478,-0.19995316958728407,-0.4869350281716037
1.0665131253507776,-3.1941328030843152,-2.4625337385016546,-0.4467432049834622
-0.6811195840338679,1.5827077215856573,-0.5621334190395458,-1.100168552495282
0.20288511821950475,-2.2720829074374382,-1.1030234939198744,-1.3548260503725622
1.9738665645225786,-3.1758279707727124,-0.06492777928021039,-3.191451919231101
-0.7698458897976161,1.4616502929623318,-0.2692521124192589,-0.47300551218326636
0.5933615202615945,-1.37735739333703,-1.797214656997269,-0.37033729282633293
-6.1960089694283615,-2.5998031862096087,1.516927275257023,1.195395229192336
2.232733986333382,1.0219528433442069,-0.2752854566771092,2.470949886125081
0.6489245851407328,0.31568504399517744,-0.911577221815193,0.38195004358534995
0.20101695939767958,2.3195180856642907,-0.04860414124584402,-0.26935046016010883
1.3555882292141388,-1.7888727640602582,-1.7468821967642811,0.619358450041406
1.8292821845220977,1.0928218512208723,3.3606158380375524,-1.5149302825000532
-6.1960089694283615,-2.5998031862096087,1.516927275257023,1.195395229192336
0.938231420059717,1.6018753114488613,0.014191339684346563,1.3381229159321535
3.168835237014331,0.41591714450067985,1.7972584043441815,0.7979420420481389
3.080491995768994,-0.432198120330569,1.8382403335500666,0.8000635911534462
0.037632592077034066,2.2334574926970228,-0.7010003195053737,-1.4998523774133123
1.4128818291129082,0.9973609999736794,2.98989205111666,-1.2066272829676312
2.999766662843627,0.1589342840891785,2.4701550221661055,0.476645303676746
1.2698876532960346,-3.5160921874258695,-2.5853707358218774,-0.3738050091001683
-0.42735341644738084,1.1139900133609828,0.8266131850493744,-0.3274126275207681
-6.079202927781011,-2.5124290392396698,1.5961087494019894,1.3410280415159161
1.047051826336703,0.2599952240831846,-0.7686430533628182,1.0232107792012701
0.026344989863388193,0.6426884697855194,-0.3702804982266203,0.6518970893952197
2.2298941535564416,-0.15937259389568723,-1.2731341187487446,1.194023219654712
1.4340938722656351,-4.554468566422056,-3.4870066355435583,-1.611862999856412
0.496251216214027,1.5896279575169119,-0.50490810394471,-0.14595602812501327
-0.5766926986502138,1.6612481150021563,-0.03783221368632713,-0.19959055849087157
-2.87112326368975,-0.10306434679229351,-0.14499586920803317,-0.6987907894923776
1.195564202327435,0.08007401436200788,1.099518587697755,-0.37660516360498797
3.3450836463928812,-0.5110718527921881,1.8657888903317386,1.0954625439743437
-2.1044569372799127,0.5764940438074366,0.025437144097329525,-0.6144751464710302
1.19460871853632,0.12138338208894672,-0.7503284565084296,1.3084184492153816
1.9374111499349955,-3.0036280630193883,0.6243335395488623,-1.2493533508568029
-1.1350437212350952,1.3016434994240584,-0.07745184057150781,-0.5475269816036977
3.4430510923062116,0.08684870352002619,2.445564120951385,0.6604265800605114
1.7606665483094437,1.320848678405833,-0.14966811058340657,2.0172539725906518
2.660214718935624,0.5781200117042381,-0.57756383159645,2.629786389549011
1.697575254779415,0.9527018049364833,-0.3685029232168511,1.8235744947120798
3.659878094132686,-0.579104148081753,2.6368686590174515,0.8488966933377816
4.19894940849003,-1.4545177479807645,2.5361491521508053,0.4626552501019942
0.8660015545831955,-0.15080767416077026,-0.9087779154407286,0.9502344751422915
2.2976740501407864,-0.37001379972573184,-1.0823000686560988,1.8696687653479636
1.8794314308019178,1.1039341818417978,1.3971829112661418,0.3506118006285577
-0.5714738108841839,1.6365072962829579,-0.40213212029725603,-0.730576166245132
0.4151424057198743,0.7538112334575249,-0.2978110437702097,0.9911506707792231
2.7890735811929543,-0.9782347704156464,1.8660941643213835,0.14604323860955873
1.3500183896739695,-0.39308222675099913,-1.206337110538831,0.8650998063751887
2.723519278174897,-0.14497390192899973,3.6378142253210926,-0.950726321998301
-2.4227560268989983,0.3256388406852872,0.6084876045389204,0.2881196197502147
-4.0150419033691955,-8.790512150682185,-2.025314298023738,-1.8691900911182011
4.016264109630453,-0.5951998619174349,3.373150967859343,0.29633019882410294
-1.7854013182046262,0.6805781688283675,-0.00010242730518785577,-0.18389439049843445
1.6036412895672807,-1.6439289052761374,-2.0131081951626184,0.11719822541208258
2.965265187174979,-0.7121825573822469,0.777091772365729,0.42070897276513103
0.78902685618128,0.2633281009292197,-1.0152382330321064,0.25651127194684403
4.015534020135178,-0.6735183480416161,2.214594195038447,1.0664797290858006
-1.2508976502733047,1.1344320511430968,-0.2906685692155743,-0.7341156929958375
-0.3046696327366461,1.8672617717367805,-0.11579240721857853,-0.2764822220879067
-2.2875085153543337,0.388693962111364,-0.1874208306984221,-0.8018426023255565
-0.09236960512282212,2.003069548404883,-0.03373709587470843,-0.03457636377178185
0.38776730399228876,-0.5059161028262156,-1.292498825064622,-0.19784735038871712
1.5493827940503841,-0.6006877619178067,-1.54685075532702,0.1602833657584249
0.18976065801273556,-0.46610298157015995,-1.0408856739445909,0.22119023719026662
0.9382698775956866,-0.6167803842910052,-1.311952911313326,0.43910209455970095
-0.5259173471263076,1.7827373978714551,-0.3713547008883256,-1.004471334351322
-0.580687391550972,1.6623521679058473,-0.22846855014178805,-0.5255439635898553
-0.7501408315457165,1.5472996592640957,-0.06577610621393445,-0.31414120732157474
-1.3533674691836917,1.1929011712948145,0.14829136402804222,-0.410271630141819
-2.0178483053362104,0.6290904020118844,0.06221075953949181,-0.4762790395981886
0.12134927730173668,-0.8482201906770445,-1.1219596713745241,0.3586621832781633
0.9369203546590041,0.6132408053108752,-0.9432291112663931,0.31495732221282313
0.5626871533903185,0.8569084230765894,-0.4397921097679469,0.8287407736491671
4.188142556971557,-0.06858457176967137,3.6136656443281514,0.6155458383051255
-1.590804123616517,0.9159408305619561,-0.36674838569054985,-0.9848588898469256
3.834925755335728,-1.475010661546504,3.252756460075322,-0.405969634588447
0.9089360771596334,-0.06964418722624069,-1.4205079791344426,-0.2356622678576596
-2.3498060911207452,0.3430207236008236,-0.2765814925515117,-0.9703208881434816
1.4923627729998517,0.38133344103630523,-0.633165427262778,1.6423869128289135
-1.6426850126906825,0.8793882117785872,0.06474674338400062,-0.30728987735550467
0.01319774099978163,2.1112965119927587,0.17670875472722347,0.263596864272612
3.005049441732544,-5.116851944922911,0.5845899366682324,-1.4111261562637611
1.5706453763871655,-0.9285598668483928,-1.399739686624175,1.009388515658571
1.0346815382055756,-2.399756373012385,-2.302523158017988,-0.7914935701037923
-1.2242883151927089,1.1575540970300269,-0.4233064759778164,-0.9204483450061124
-2.145825907484589,0.49874781179633787,0.31004280218129077,-0.026961188808192912
1.9215894061011791,0.7021931471271693,3.5849284982775926,-1.3754131564184615
-0.9172896938518408,1.415354880152136,-0.3818415721479074,-0.9079399580297195
1.1684680920376644,-0.1657796574658672,-1.0350141458441313,0.8814070061912187
2.205333040097759,0.38537207695945064,2.375909140229768,-0.24813974899223
0.87609993955936,1.684740148627306,1.832697330524637,-0.48161605242864464
2.7440044322744783,-0.7406736877093147,1.5748096438329937,0.9832416498652269
3.3744346986387925,0.31779336896909544,2.7395201975260455,0.3634690073026081
-2.6623204500652586,0.10241173838510154,0.3447423483842013,-0.05330828437606693
-0.7631635195562895,1.5687109204193976,-0.21409130626612885,-0.6749419343954401
-0.09166254890074237,2.0454589079044085,-0.22849979982912286,-0.4766241856713981
0.15771257287187182,2.269204665948728,-0.2461320056088854,-0.5578824980161332
0.1550073566676162,2.232763814984908,0.17771011216605817,0.24202901959820425
-0.2270469073507642,1.9923544472977275,-0.2543321161127952,-0.6928253846706661
1.2745113633760812,1.1708762962567056,-0.37816210763806024,1.3301170825064996
-1.387149976301435,0.9882390439929947,-0.13225099599724235,-0.3308405249200194
1.844902207278205,0.46633663459121344,-0.5078030704834149,2.1559519589704244
2.888759033260408,0.8410759762998856,2.7744348150078917,0.7463608735562318
-6.1960089694283615,-2.5998031862096087,1.516927275257023,1.195395229192336
-0.6305141060603603,1.7060267410065475,-0.6542742458191981,-1.478361150714499
1.5055118304918609,1.039977519604385,3.000188992126133,-1.3558075957279014
-0.7788932524386842,1.478391180536555,-0.25522370287512913,-0.5139551672296941
1.6290360995403448,1.6962603072259639,-0.10796920413153738,1.6405002070535366
-0.5139528003028193,1.6919421967856438,0.0009525406334383943,-0.07629771754596158
-0.31761218617118625,1.8433679323094803,-0.20588140734375518,-0.39358572977078143
-1.6803262361134785,0.7463641535516492,-0.39524121375501603,-0.7749255084276387
1.3078050816238123,-2.194682099224276,-2.254061493663289,-0.34474180412569005
2.582556851465782,-0.020799691902370902,1.6276276521993196,0.4567235975903457
0.5052328230615785,1.1995161012046875,-0.3489170631780937,0.6112533625975416
1.3144372524671268,-0.47795684138786887,-1.3599421684960622,0.5639511385561512
0.5764371146508123,1.0563074205989325,1.776687427990256,-1.1575230195292436
2.218131736758824,-0.22167248890543378,2.174207263790277,0.6420674509847951
-1.2304884283288804,1.164946858791568,-0.14650087984287827,-0.5130807380118957
0.807020810974411,0.8997299061934887,1.8395004327156832,-1.5506317924702686
-6.1960089694283615,-2.5998031862096087,1.516927275257023,1.195395229192336
-1.2254519699394257,1.1771084971513872,0.04233049555243975,-0.21744222954260697
1.4489855822336208,1.3273319802869517,-0.2961355670275916,1.3816552535072342
1.8648010469668068,-1.5638713258519388,0.4152727475361617,0.17759698574635455
-6.1960089694283615,-2.5998031862096087,1.516927275257023,1.195395229192336
-3.6693732510065162,-9.053581970173619,-1.222537183430279,-2.2049649440342463
-0.8540293900052413,1.4731156414672317,-0.2825013214006589,-0.7117043966998315
0.6090587508617697,0.8727147247399566,-0.18021046170275778,1.2981369579693314
-0.9016143068998781,1.391591197214331,-0.30623708578807257,-0.665094959106764
-0.19453439739571426,-7.3492121307080085,-4.173469703934827,-3.0312648050483575
0.6047898460021103,0.6865979108507643,-0.4408906807998181,0.9174313135407465
1.3303868831009962,-0.9503196193721085,0.8900754004583039,-1.3054451039227655
0.9798463130135033,-0.4915561245472664,-1.2246132682936437,0.6110747066430682
-0.26219908878607684,1.909563507157228,-0.17803409951147744,-0.411839341416934
1.6302640840321072,0.48293624198296536,-0.9704803362928925,0.9990677037714389
0.5847604579484545,2.0281253174692546,1.0126083040217848,-0.08568166880685675
-2.5485416544017,0.2874577526279617,0.5186531714014551,-0.053322324822540505
-0.4420681938119975,1.0209923304560014,0.6254970049351871,-0.6924199553659307
-2.266717562582044,0.4138042037264599,0.36812091769185273,0.01086394711515283
-2.7292999582684683,0.018309457548708028,-0.1804215741126041,-0.77193147735993
0.3133683404123917,0.9908695239645385,-0.2574251332040438,0.8106182361884382
-1.621069154039951,0.9240776584766608,0.08374240422331301,-0.3813119145605559
-1.1393433476188146,1.196706071652061,-0.5481558416174536,-1.050719602846123
-0.948096307965892,1.383607221649427,-0.17845897036420302,-0.5233350867909755
-0.37335683318376733,1.8180334229371742,-0.004425001761734458,-0.11703206575357168
-0.16085774011937112,2.0125266774690975,-0.4113385339314692,-0.8602890034358067
-0.2877435410447798,1.8952287663569023,-0.3847414517474988,-0.770409527708712
2.982676447019542,-0.28259179449964633,1.576386565657271,1.0189425124385392
-0.9902515599330318,1.3202938820300067,-0.358666633745133,-0.7310552570910993
-2.1478013426768636,-6.236914370433257,-2.150115353280709,-1.4641089293234981
2.7575135843474174,-2.557278853099225,-2.352918107357349,0.8119790087532558
4.053810471198497,-1.272630427193993,3.1063401403243254,0.6461662738925523
2.8565615328469978,-1.1796225223849564,2.4765566355446835,-1.517113843631857
-0.020881055000657275,0.24620638810678047,1.4504615160951926,-1.5356049689763693
-2.4066355409995706,0.2707972867570632,0.040659052981685505,-0.4340392412945092
-6.1960089694283615,-2.5998031862096087,1.516927275257023,1.195395229192336
-0.3568868309373076,0.6172413515083137,-0.04711886249540994,-1.7319745682514478
0.9551032666035385,-0.08087949119425657,-0.819375814443441,1.0890841222935075
-0.33197581650171437,1.8719386608236306,-0.5784371111637413,-1.1346542703019662
0.2037328190451617,2.322297081057239,-0.210008175758764,-0.5378246472809335
-0.7075022412470403,1.5642931137496838,-0.20104808635686658,-0.495238738362784
1.3430821398953852,-4.236426012765466,-3.194531866423195,-1.1709208997385057
-0.2748028619464935,1.8922592344114604,-0.23917360798212076,-0.48692629946278354
3.5701659795094267,-0.6364212971393667,2.93724623004184,0.7101616070023075
1.6079163741427545,-2.51481155981255,-2.0985156586796196,0.5219948963111143
-0.5552357125102015,1.6714171181980806,-0.35444371537502456,-0.707572932004257
0.4585510263566245,-0.2341226406122388,-0.9529850369350564,0.5795320861866883
-1.3176515613177298,1.131769050634127,-0.6635728427101032,-1.4703802639795316
1.3292619647734831,0.7396995292102166,-1.0261796564262406,0.3968988598166759
3.9889894383953366,-0.9873983428328377,2.2677438494860995,0.543193024516764
-0.1743655436509114,1.9525562691862461,0.13137720533868094,0.19307591776412092
-0.807925464918644,1.54512287919412,-0.3271879836552773,-0.9171748892807031
4.33616578620287,-0.13214301132945022,3.1745119075601633,1.2916795874440063
0.8849742954960006,0.30711530326173997,-0.7620038464381012,0.9308972130415322
4.397958284356337,-0.15989701318446203,3.4576920443408667,1.2155876505875483
-6.1960089694283615,-2.5998031862096087,1.516927275257023,1.195395229192336
-0.07657841847359645,1.4613671557388734,-0.36870302915162084,-0.4252136632602357
1.1021478280236692,1.6087387021977504,-0.11687922253839768,1.2439855336015715
1.2319214706591506,-3.9061388458052413,-2.697725714006767,-0.2668612232914337
-6.1960089694283615,-2.5998031862096087,1.516927275257023,1.195395229192336
2.1427618245278057,0.746367867661575,-0.6125819551077273,2.0101163367239803
-0.9566501485176774,1.3947014922764591,0.12823641995828056,-0.06237178765043915
-1.7348772844575984,0.6891473832095605,-0.33694745811567955,-0.6427042190248343
-0.8811916201965158,1.445032666681752,-0.3454914922703282,-0.803218365662228
-6.1960089694283615,-2.5998031862096087,1.516927275257023,1.195395229192336
2.118317970945509,-0.8192310196547898,1.1333556956694666,0.21742348056315933
0.18380764900862565,1.76137593551102,-0.05095199986880291,0.3170198135632897
2.822779598822246,-0.25594702567028527,1.3533626047509353,0.6293733102802002
1.1451528685871566,1.1657589074363104,-0.4148252509129728,1.133097848635451
-0.5269758076486898,1.676412878144161,-0.10223584867724192,-0.23108797883916485
-1.1999924834785838,1.2209227276705135,-0.028431184803453153,-0.41168173726620516
1.2626638340204481,0.5241155403645887,-0.5086354746134172,1.6165332717834258
1.095225023304567,-0.19318257214738047,-1.256208836674269,0.4124990324435582
0.6214671911109024,-1.342076727918723,-1.55806201261924,0.15973214915866665
-0.7762131793594348,1.4672020135730197,-0.2951695057513711,-0.5458268306472468
1.2128244090346276,-0.6311520471513936,-1.0428609162395144,1.3529256243990382
-0.8630432141167025,1.4405355203200276,-0.4980556542864419,-1.0105959580585213
-2.061300611635767,0.5447520762398731,0.011466172786216512,-0.43189741412023885
-6.1960089694283615,-2.5998031862096087,1.516927275257023,1.195395229192336
2.08684550225678,-2.924365515925136,-2.6677221073200723,-0.15526526807062432
0.7138546731600219,1.4000839726456327,1.1437839531099518,-1.5046493344241547
-0.9812584974606375,1.3171080726906415,-0.311720305287919,-0.6229438609453389
-0.3176413724258268,1.8987669196009684,-0.24651177088689794,-0.6112576607887137
2.317450028967228,-2.011285515693239,-1.8990943137844911,0.7570209694311782
-0.3792349995292796,1.7793327606856635,-0.17030658644345534,-0.2972545920374345
2.833126298311223,0.2005932871128942,3.04348968774648,0.14897717118859657
-1.341557742285609,1.0723166190328126,-0.592162817143576,-1.2393053434658483
-1.3575298640410667,1.0925836517317977,-0.19924687108273023,-0.7016437475143619
-1.0122682333766921,1.2990643004410494,-0.32313729450609113,-0.662246640284911
1.7659146518214395,-0.3926566319066799,-1.10029314990824,1.4600626284729838
0.5526613105861742,-0.12456324598772141,-1.0173615856056433,0.45337191212913497
-1.408908899317579,1.0261781272412283,-0.21535266152988156,-0.663913825980776
0.5282208207524757,0.7854641552039072,-0.40787773035277597,0.8892152675335193
2.5380375808771736,0.39816588263657254,-0.7836836055884424,2.194776714638503
0.6089055588634478,1.2161206074603366,-0.13613221542762036,1.1145782567637164
-0.8754507315909944,1.4258179157153332,-0.23601505264184278,-0.5529810303377355
-2.1914927041356855,0.44635007822670225,0.09967459062958038,-0.2978312172475817
-1.9956220723940563,0.543291502545715,-0.08107683301810772,-0.44057940935127604
0.4302633780464351,0.7715013259963127,-0.549692217275447,0.5093134861344678
2.8437441520576856,-4.976097965982299,-2.752421593935406,-1.0044577725076091
-0.6550015681237262,1.6355346780404414,-0.3436125008863104,-0.8128981160806683
1.7577571774751044,-1.2066051622833802,0.8949704840503172,-2.5823888724569852
1.8051548810983138,0.09544945880922949,-0.6967217584715268,1.8911649250543934
0.09901907597054332,2.2085888195941235,-0.2773662206565802,-0.5773841983307022
0.8099013954047787,-0.10141454017289117,-1.0929042291213649,0.4186005912779054
-0.5204957772383403,1.7831089919712424,-0.25040236109967634,-0.7874190241980585
1.6001673505126301,-1.3764082376291211,-2.204919635964858,-0.5374505772950041
-0.8043328037039534,1.4861657767436927,-0.4335105097052832,-0.8937536188549285
3.1445760336496327,-1.354904928877462,1.3297798669241279,-0.07349575452867371
-1.1161961651662617,1.2436144481360378,0.001114202364136043,-0.20643247099436376
0.08983768050292507,1.0029796116262728,1.3380569727951943,-0.9466872315462773
1.5982966502883476,0.30386086369275767,-0.8317312263320887,1.3622849944301851
-1.9895735559165775,0.5747421371188716,-0.2655839983812556,-0.7761571869097537
-0.5959168672538343,1.6480957549838453,0.13590629648664596,0.08474052066801682
1.6358647167931815,-0.6984557565021259,-1.6578250450264562,0.32755534137538306
-1.5668334050425667,0.9269776946048991,-0.12836777453073292,-0.5980249762856308
2.471636194024998,-2.6597503194688334,1.6504480372712846,-2.0851415482403763
0.6800647998714792,-1.9238018643488775,-1.7057646717363162,0.22741071934022458
1.6096028299139276,-1.9426854126428574,-2.151538186005909,-0.12529922586940245
1.5187596782969088,0.4237926999983112,-0.578140442958493,1.6928411609614706
0.3810423947342812,0.13885350540768465,-0.9749314552741768,0.22201254533438539
-2.414899061304983,0.21676493805963498,-0.23855921422742968,-0.7084698775940189
-3.4387423704274003,-0.48396907151673135,0.42476667237546817,-0.05740954166499234
-1.026141776456776,1.2835008519217197,-0.5901186652383847,-1.1054806573083342
2.2414771946183065,-2.606386417029617,0.8631569302411171,-1.6649719956986988
0.7492544207380971,1.1438839399592926,-0.2991488951212635,1.042672722340254
-0.3652471617914647,1.8569945940022141,-0.12938095190418272,-0.41593650682224104
-6.1960089694283615,-2.5998031862096087,1.516927275257023,1.195395229192336
0.7927215048883905,0.02093672479137153,-0.5924052128399874,1.1496256810908105
-2.752441791162224,0.17375958503004418,0.22806275061142936,-0.646507054387952
-1.6348003287358859,0.9100466305718001,0.11795451569662366,-0.2953648306507853
2.856391300342337,-0.22540382815961746,1.6969126934095524,0.5071301612291805
-0.035154240459048164,2.119080076797466,-0.06944368697636802,-0.2936417886020239
3.7795981673194423,-1.0168359683889308,3.4215108743220246,-0.5357225616233429
-0.2697669978095813,1.8748852708467667,0.006250415236989916,-0.021530495085055876
1.5814264136245797,1.3348769767058672,-0.2869495433504624,1.627652253276037
0.9302703872733128,-1.2090656922616232,-1.6138261925593531,0.10255529845384073
-1.3743003095912605,1.0184114488931733,-0.14162723159874444,-0.41133575973452696
-0.051564981130248676,0.7479275132470464,-0.6098850588620163,-0.07181290385453341
-2.6694258446897003,0.09308572532123943,0.16866714349679407,-0.3189820906072251
2.028957716809748,-0.40572126195247005,1.2196519180071044,0.09687777513115854
0.5609870092663323,0.13408960603053213,-1.274878210366577,-0.41068961064792076
-6.1960089694283615,-2.5998031862096087,1.516927275257023,1.195395229192336
1.2191751747603226,-1.8164500233016163,0.7692862837994934,-0.6588236619832489
3.727419073990954,-2.1067669771665805,1.8708396445062083,-0.10368193196480971
0.2310086561553678,1.0119423828870118,-0.3638445442605557,0.6403315104630835
-0.7666494386763565,1.5172185835309104,-0.37511925444254074,-0.7947656435199393
-6.1960089694283615,-2.5998031862096087,1.516927275257023,1.195395229192336
0.3174795579881041,1.0578463503055002,-0.39497361653770624,0.5188799773469299
1.1691752665714026,0.23911925405612428,-1.1385404885234123,0.4248106475422452
2.185438824633926,-0.3215551700067572,1.108758140589883,-0.1421132903568483
-1.2847687299265769,1.1396569363188742,0.061989363677620944,-0.23072298592912374
-2.2201038239225594,0.39311385070925353,0.030261567344059406,-0.3433395498446847
0.7470298473888572,-0.10022213542676373,0.5855415019601417,-0.18558889892818028
-0.10046920449906098,0.8989025144236727,-0.6174576739902511,-0.05972961294905802
1.9093926746957783,1.1048146899664442,-0.2724946304150424,2.134423389675993
-3.947772158227847,-0.787865506891704,1.0772316452463133,0.6370007252006563
0.2675160102818912,0.4334758812456001,-0.5956254945559425,0.5917453227109326
-1.6500612795934881,0.9141336563877214,0.1441990333509261,-0.29541968827325743
1.767842995054638,-0.7126009759868481,-1.153291766966821,1.466916063099398
1.4606670976810556,-2.078752344011474,-1.835606073980052,0.33237099487518246
2.4404350671729396,0.4545594858302015,-0.6505815406345136,2.2871758768490196
3.3410919090554763,-0.10503089281054633,2.4319978748445403,0.2751993727802122
-0.9840310218103859,0.38867089389543413,-0.5776162553882432,-0.525585118289186
1.7583976820164249,-0.605490804124399,-1.3707439129001584,0.8559483014690664
-0.807856756555092,1.4742830502479611,-0.5296506556956319,-1.0331911517285393
1.1971188915278168,-4.32089153238201,-3.173091755734862,-1.1725119700850506
0.6785599214128242,0.617115224566561,0.2767736338152803,-0.01196472807378916
1.4891336725288857,1.4516632305279566,-0.35171082129882497,1.3021241482851236
3.5497002648910003,-1.8995889135796975,1.7376560768826792,0.2596654649752975
-0.7834536444200817,1.4972288811082914,-0.41128685226229894,-0.8395941716510855
-2.7811297806801454,-0.02604504459637549,-0.16743245121870085,-0.7451183589897552
3.29197904397018,0.2867578724841858,3.035995909653526,0.6147087049947392
-0.2559160149518239,1.8970907766064469,-0.3169214044744351,-0.5901453370602193
-0.3395541819439395,1.8422484535553585,-0.16355777696798582,-0.3891132366145179
1.526130346877137,0.3086992017112845,-0.9895422392905214,1.048116596240814
2.312585353655445,-0.5316958751886297,4.222249771631489,-2.6225776360070556
3.0160275324118295,-1.984989712099813,1.7572431295438378,0.14732684971498386
0.03413051798078305,0.9562783730200142,-0.32971134512368055,0.5248342481907013
2.075055573993614,-1.125580094849096,0.034804825527035,-0.0893275975996768
2.4494249924304223,-1.1716520496097986,1.4989560998075973,-0.6496394416890199
2.507505508407494,-1.604416632521611,2.1459503909318753,-1.1653148637998707
-6.1960089694283615,-2.5998031862096087,1.516927275257023,1.195395229192336
0.2849550881720171,0.36772194426680527,-0.8597621140916698,0.15429137155231826
-3.428356973016749,-0.5802280448683116,-0.011791111803426867,-0.42314080666164766
-1.9046820669257334,0.6418472307775231,0.27580938062876265,0.06630495503939084
1.9901055197848498,0.40981078159806844,0.3604940862112316,1.5834454809766185
-0.12015273256723664,2.032137295488517,-0.5903921940266761,-1.118043365433247
3.7223246817246927,-0.0017001294363508939,2.738998790051541,1.1518864595931237
-0.636665175548503,1.6435090366559413,-0.3638626523886747,-0.8615833876403719
-0.34470930155853446,-4.0953829983690895,-2.4639961241324855,-1.3057616710145161
-1.446162192776241,0.9828259164258287,-0.5653689184952635,-1.1840563484427824
-0.6282686095126968,1.6296399127744112,-0.24378422954208026,-0.5685607077555632
0.7086998233597345,1.241102151645927,-0.35220672650175366,0.7286691785182585
1.483759581876736,-0.27539332475040934,-1.3453308145338763,0.6819246516367071
3.8033292006600665,-0.15006666602089902,2.880612653402507,0.20990871683664583
2.8484191770682226,-0.726438215370363,1.8360031896212599,0.37902961630531257
4.31024071373022,-3.1625466911581768,2.991858915982818,-1.0240352896784122
0.7498267110256296,-0.8179260775630494,2.598910445630589,-2.4070181434672446
3.1638246325455004,-1.8183231631153487,1.3777563459409703,-0.8890365003621731
0.4998197909539379,1.2592286834342539,-0.5635464564190449,0.2015206848399991
-1.3049753908073907,1.1206321618354873,-0.08061014301728378,-0.4414554658244755
-0.9184644628560783,1.4375363901559366,-0.1113758083664364,-0.5102607462372043
-0.738243263641144,1.548048804264163,-0.08112440905083948,-0.3159936502988335
-0.863626540355893,1.5205475087828373,-0.5049700665880702,-1.2396613092285003
1.9102069470513512,0.8268387076980207,-0.4362541561193243,2.002734991107235
-0.8772450166239937,1.47016189997313,-0.19414955322632824,-0.6394027368102139
3.05738229891667,0.8563608050609639,2.8503659649413677,0.9090608986482458
-1.3895011785115943,1.0567410164337794,-0.4590161551997511,-1.075826472433627
1.4749150506167439,1.1269006685629834,-0.1896022832040089,1.8678703479494436
-0.9087479952421395,1.4107994794811876,-0.3886926468708822,-0.8454655137875104
1.5029244546212013,0.9597826653702585,-0.5651255656236536,1.3345075220315394
-0.2510709660271659,1.919798844794309,-0.49842016606121214,-0.9486081071645004
1.1721656407105254,0.7010111855159789,-0.5014451920241176,1.361146132288112
2.393666864536677,0.47551373521326623,-0.7822979113965483,2.0755876569574774
0.5226887622193961,0.7290207174320246,-0.5776237775628263,0.6689811526901636
-0.1680090068131166,1.9970911999007364,0.09409985004159695,0.01709059048503271
1.8257408188372048,-2.101680683271834,0.13853597149230817,-0.8203961251836669
1.1238494196311328,2.005205090935283,0.1461030094266809,1.3331019130718886
-1.3008419309550467,1.1276157903068316,-0.23122488391391585,-0.7250288736234733
-1.4138184640952969,0.9534598409135235,-0.4302890741740813,-0.8023323481455313
2.61378884335048,-0.5319120625452892,3.4830401574084515,-0.6640296258651032
-4.071585255185788,-1.119445730991664,0.011919772850677447,-0.35331725645717
-1.1449688441233865,1.208921515922782,-0.05908338385331759,-0.29085111140259506
1.498890058110358,-0.8063712279278027,-1.3947046033861226,0.8505007980385028
-6.1960089694283615,-2.5998031862096087,1.516927275257023,1.195395229192336
-1.2000460716256285,1.1804052508177172,-0.022949951518086893,-0.28521097555661407
0.21386642991980007,2.290755516692398,0.2514490517841907,0.3397798108019972
-3.0584053178956476,-0.15845698368825936,0.33010463485385405,-0.25288694541851836
1.0846231132385629,1.2819629454509969,-0.34066014619872126,1.0580122802030387
-0.7789788727975403,1.6867807351484314,-0.6812406514776602,-1.8044907106919696
1.4807492839648329,0.015384623522844872,-1.1125450771473218,0.9146915743918728
0.05230377285147875,2.1677098347125647,0.12868963523327143,0.1075867347892922
1.2715249899289387,-1.0676948171291039,-1.3728854403249366,0.7699995139506394
1.6290511992147236,0.9973877832939125,-0.9082574436376728,0.7381573611398085
2.2082532230265484,-0.7300258926920689,-1.4272735187317436,1.1744142179212236
2.7690117214620993,-0.6255161565860172,3.0304197723891155,-0.37677242915334275
1.8540421268002036,0.9991324925931544,2.19777563275544,-0.10169515751708078
1.3142080712193878,1.562305147111913,-0.3050572081812581,1.0282463698324908
-0.46610091039499235,1.7635258349118974,-0.1129744125481229,-0.3593990964389153
-6.1960089694283615,-2.5998031862096087,1.516927275257023,1.195395229192336
-6.1960089694283615,-2.5998031862096087,1.516927275257023,1.195395229192336
2.7678068349272698,-2.2182529203284496,-2.6679341361994666,-0.15689782111624773
-1.4961650186620283,0.9183425698100287,-0.4931745153917237,-0.9972847605106608
5.380294756770997,-1.713796786725225,3.6402347017013286,0.8638759079235953
2.3070648459741854,0.8797325044862119,-0.27553100350543636,2.633435645947347
-6.1960089694283615,-2.5998031862096087,1.516927275257023,1.195395229192336
-2.5732712192873257,0.15182329131391709,-0.21976492129293482,-0.85312158844458
3.3775649498869336,-2.649648406989264,1.7210139365109571,-0.7769204858670438
-1.2347077438676963,1.15197710124951,-0.015615268814233717,-0.2590909038540004
3.5191513102428122,-2.364964133947792,-0.09329125917968921,0.10567371188563705
-6.1960089694283615,-2.5998031862096087,1.516927275257023,1.195395229192336
-0.4700581955761479,1.7439304662609527,0.052596832165877426,-0.037329642971720305
-1.083032962989199,1.3558352540753864,0.26303693309410975,-0.06231617654689763
3.9158513247770945,-0.8967861782123305,2.8543357252498485,0.20291217579709378
2.8895918088188277,-1.1064880923598042,2.2262887942828296,-0.2695601894986247
1.8598292540510726,1.2415157089211972,-0.1751425421740156,2.1395929081197362
3.7651093866385197,-0.8113119200701272,3.6245851547382104,-0.07838311687476275
1.4608953359553591,-3.5408644827369056,-2.4718128938177752,-0.14759654049659812
-2.19490267632955,0.392406274022918,-0.04693547194304589,-0.4272052228107258
1.6444267752665538,-0.36024434881993694,-1.2096033486517621,0.7984160103013537
1.623995058012309,0.8291851322550803,-0.6075499848389095,1.401829651958795
0.7158953551074075,1.3991019061861547,-0.22829404877732173,0.8498770765747117
-5.996327722334148,-2.4504360953922966,1.6522888993736964,1.4443561662507634
0.7033404927008885,-3.7364424620443333,-2.749210230398122,-1.1614180350903704
0.8389535320548386,-2.1146089630324063,-2.10902447732457,-0.5146976487694193
-6.1960089694283615,-2.5998031862096087,1.516927275257023,1.195395229192336
-0.14905023848173063,1.9944986385237184,-0.49012875456823407,-0.9101930992949471
-0.7848506072247989,1.5074303666271418,-0.5180869100034747,-1.0519001197531463
-0.4622447262574528,1.7908756816420666,-0.4692015246315449,-1.018580903481395
2.2364969843152416,-0.21988295345988174,-1.1349892973473608,1.646734748008556
-0.30257233053917887,0.808653696405442,-0.19632578150972887,0.4222164330245908
-1.7562917806281928,0.75833084580004,-0.11944139902044953,-0.5053018951932714
1.4320219295837309,1.10035055417454,-0.3100022590405876,1.6146338066115793
-0.9793324565464733,1.3193193062406086,-0.23289947668796976,-0.4908832008503311
1.9965424739106798,-5.201650311086365,-3.5798147100703375,-0.8342987069394465
-0.653210421818117,1.640127341069965,-0.20325081947881532,-0.6028032795535488
1.7860216201387902,-3.090167599996086,-2.726922451935835,-0.4771031235875643
-1.0780078449079924,1.2443690656989308,-0.24610944813425675,-0.5296054348084877
0.3086147050767241,1.376611599613788,-0.0890148024531179,0.7228116430180275
-0.049481370347150035,2.075006440671135,0.04786168128548298,-0.0018866646965172572
1.0303465110526553,0.6401480188418912,2.6539733455645593,-1.415454471787352
1.7557796105994459,1.4850897856759735,2.458653057859623,-0.2655699618512475
0.13536149968742034,-0.3784554645642589,-1.311772983373005,-0.4194354371262196
2.2917062444597582,-4.5400825186515865,0.6595993517489058,-2.443371806999023
-1.1854403947489274,1.1907914479170696,-0.4332062191754868,-0.9408668577222127
-6.079202927781011,-2.5124290392396698,1.5961087494019894,1.3410280415159161
3.6627078222236205,-0.9926881826343771,2.0906758407534674,0.6499745070486128
-0.612903811587006,1.6199843742120288,-0.27740691776743026,-0.5658417752049473
0.9833797988594405,0.22347315999620507,-0.7168646220417014,1.1833572971170678
1.7750700433061493,0.6727156246630531,3.654524115348137,-1.6567198465353645
-2.7303111817574286,0.05940631211054682,0.16484608413219978,-0.3950926858878939
-0.633748038018059,1.673062076029236,-0.43190484905356424,-1.0359326687094483
1.278543548561253,0.07790552735629791,-0.8535599861167293,1.1838481976221444
-0.3722197113513659,1.8463381895907913,-0.4020104293086815,-0.8547257600553408
-0.2785539211454001,1.8856074033031047,0.3134415978799112,0.43836422235315026
1.857414804030997,-0.6586073434215801,-1.1615065961049071,1.3979447518324375
-0.1799995967785008,0.35417600668938726,-0.7624382065300086,-0.00022228900287441024
-0.9783065647875031,1.3668105421631902,-0.10707396468829872,-0.4024555320293767
3.4453724609897147,-1.7763335704851793,1.6000492978322132,0.6042984223127394
-0.33263602761874206,1.825099429013849,-0.14257066335185567,-0.27039165881099775
1.4255283787155033,-0.015927170457750064,-0.7152903431724319,1.7086938793205342
4.130299029813902,-1.6788218737600935,2.950187155506327,0.11942683372881217
0.6071698109010697,2.6014492791548283,0.0015810203692076328,-0.04004454419530284
0.641187963207553,0.25834458937620475,1.5853555323743236,-1.0899910286799248
-0.7324305434776683,1.565739608388589,-0.5141033011501437,-1.086234597379423
-0.3188424459261153,0.16216971757524293,-0.9757508275740671,-0.43252686275621754
-0.76452214783307,1.481923879733362,0.0028936456368692594,-0.07351933570980644
1.0224075727762472,-3.4082465967669022,-2.1240738122999026,0.1161953989901445
-0.15247428890051035,-4.63179823200088,-2.77482544703131,-1.3636989392145684
3.4178628284693264,-0.6900664537949779,0.5344550021404912,1.836252093441077
-0.07453716471573986,2.100916990390728,0.15397800804701364,0.04644928688158393
-0.22848996540336938,1.923258433911487,-0.08353279975772024,-0.2043379427635735
1.6939757815996186,-0.34542648611172794,-1.029329707326838,1.4127147360198145
-1.0209436326795958,1.4978832179628854,-0.08428510820113097,-0.882063959530415
-0.8402151269166194,1.4623502596047742,-0.2872508322973311,-0.6603654876190677
1.183450864843971,1.7089521822582519,-0.15091470791888725,1.1760093578027038
-0.661949951060535,0.21491184458502718,1.0600495682305084,-1.2380467094636436
-0.3877423795676956,1.8131023713335157,-0.20856854903397207,-0.4837338921927533
-1.4472496703568634,1.0447299685495528,-0.4836954061986682,-1.2142210315765147
-0.8348346186358124,1.4834686213214674,-0.13201535747855545,-0.4417300493507892
2.495296542210165,-0.17884456754546252,1.9865537366952948,0.8038004845859792
-0.794816239466502,1.5666679885481563,-0.2840772927452944,-0.8686654747084789
-0.5602552030161391,1.0085530930951612,0.8106802286748674,-0.6032004386727554
1.1528718924592063,1.2830564238184086,-0.3572429438596825,1.14892963133676
0.8662766976322738,-5.007363892327807,-3.2572420954523835,-1.403426705912882
2.961091461341662,0.011474199026593825,2.7192630932562634,0.28437807956985706
1.8433216109337287,0.9286638399550697,-0.6006084410589513,1.5950221491108143
0.07442728090161177,2.212142947607771,-0.05047175692484487,-0.2746354753750075
0.22698411640688304,-0.010896540959624893,-0.9588642506295966,0.20884403553937297
-2.17611237872104,0.40555118765823084,0.023834152582804604,-0.2837867615102981
2.1661415863153253,0.7856168778355042,-0.655290118646554,1.8167327612881434
2.6498816873792697,-0.7219465651351735,2.5267508370986036,-0.31003962300946664
-1.0694963606017973,1.3067362096184898,-0.5007701195625601,-1.1118871605975256
1.2648174867535595,-0.6085554132441134,-1.2732170405523364,0.8207281471541575
1.2317965371977342,-0.9978995951719624,-1.2580822723274383,1.0713165192776448
1.3747193266132829,0.9350203675237178,-0.3155388707379197,1.7173857371615608
0.8447098740680058,0.6194404270850591,-0.35960961106740413,1.4824143936921508
1.787084695137592,0.5374014677161569,-0.868283166872015,1.3135110835065729
1.316697094981083,0.12335841686842697,-0.7120106989924526,1.5380245452608994
-1.2493901182615965,1.1503965204624715,-0.3469178777609127,-0.8265903199045814
-0.041822756857414024,2.108741891799329,-0.360498338557848,-0.7748917570249085
1.561047786538456,-0.32665940176207897,-1.1434251195358671,1.1796028057223529
-2.3611129979772056,0.3333469715249403,-0.2736965189533928,-0.9643709175314755
1.8211833597522216,1.0405299616940666,-0.18845504561157086,2.265619903749422
-0.3118072503387558,1.890329160495719,-0.037299406491404084,-0.2266845168310931
1.0302578687825534,1.3607893433752203,-0.4889987268838964,0.7097752979895827
2.902149991100088,-0.7033017218559493,2.6636004317073003,-1.1126220504348654
0.6144554263542853,2.614148176705516,0.053283902700832574,0.02709751261796635
-0.5015452500320075,1.714235549261724,-0.03155105010239819,-0.16469364762415276
-0.10458422533572691,2.0750480667493627,-0.012345071840116649,-0.2378819913036588
3.4644936255320147,-0.3902673025080086,2.34914572714818,0.701929622987692
-1.6910216076700952,0.881862306453628,-0.23042247897433102,-0.9077781217472333
4.21395410517526,-0.7313061153661208,3.4746826909671773,-0.062275801466655706
0.7801253982238688,-0.01681403388847338,-0.7494627462468159,1.0032227074764806
-1.526668803195669,0.9139493292995986,-0.5447897067431557,-1.1416176887082647
-1.6564811155432733,0.9805329555867283,0.5660370329984137,0.16320026324276216
-2.2078388758461642,0.39398050946480906,-0.2900345802696031,-0.8147730135635665
-2.237435929249589,0.4653329430017011,0.355298329447343,-0.08468595301362757
-0.29196574144477266,-0.675995726478025,1.75523980067218,-1.6559895623185688
-0.5324036132438875,1.7586727633274055,-0.07328425139819969,-0.4403925453638644
0.3847010012414396,-0.8192466794933654,1.9083163601616486,-2.234120466578868
-1.5149670312701706,0.9256088646385161,-0.3871048979976071,-0.8774642489337846
-1.8322983908811488,0.7249857661032421,-0.06694940242508765,-0.5440073122053617
-0.9380291426583832,1.3930839441115173,-0.04760017948898234,-0.29750776268260753
0.25374609820014216,0.18146868506732095,-0.7785558888474263,0.4473983799141211
-0.9119397549372337,1.473453151799194,-0.24493541829969914,-0.8100289356078316
-6.079202927781011,-2.5124290392396698,1.5961087494019894,1.3410280415159161
-1.7101621168758498,0.8048237678765637,0.2880617744839959,0.13121972750075359
-1.464231267500353,1.0302025917408084,-0.47933188497504403,-1.2052248739323397
-0.6061715660409267,1.624683767078146,-0.0783909872381848,-0.23609229198052137
-0.21116204601107016,1.9306624946040558,-0.1419090625875609,-0.28497529043787423
-0.5061707829247036,1.7550535362180537,-0.3161215336197242,-0.7862468962505582
2.8031716370458675,-1.9096350441690115,2.2028158166919405,-1.035391227245215
0.9375841607799171,1.680066324147206,-0.38727039201626856,0.46749565870095816
0.16020842011237732,-0.6665354681841448,-0.7516058061718716,0.8723021961205809
-0.2701038656663263,0.8110763273811661,-0.35180055124989,0.31975601939299275
1.956092350022661,1.024116135693831,2.987115607733429,-0.7683978620987112
2.9122674876188586,0.8112185365346681,1.3169929201421529,1.660477103788894
2.6320334201209805,-0.6198382229536825,1.7164742036963432,-1.4732552177013054
-1.1819729995482247,1.3100931300343681,-0.15710677808611465,-0.8274998726421867
-1.1616200093901254,1.2075326344643909,-0.39265253137733963,-0.8641596072974854
-0.811499776910395,1.4753299338698114,0.1659802705042218,0.11605022919327704
1.1554947730226375,0.7418568816315896,-0.3356272216582883,1.679024021166106
-1.02600256565431,1.327197510414194,-0.4739468813656515,-1.0248842204919841
-0.24809259082895388,1.9230788093880207,-0.32676725570665527,-0.6593996316056886
-1.573579201719424,0.8938811254742514,-0.15491621210559733,-0.5477409365101045
-5.835114084650034,-2.3298438394275145,1.7615737728620038,1.645356004184958
1.47116963916729,-0.08617701623740393,-1.2022277524852145,0.8347408989576389
0.8822843411871253,0.8010334983603498,-0.5332535124451102,1.0069073702426847
-0.404464858819138,1.021552755309319,0.484273534175865,-0.9542334331935446
1.1866263772883796,0.5932470930393597,-0.5336819348332915,1.3576029841583221
-0.6813025210035936,1.6036430191769195,-0.6460369380594346,-1.3001990455447756
-2.195724002958828,0.4889359935112479,0.2543947665334952,-0.24028849423317253
0.8325821442541412,-0.7591848427465473,-1.2631174169937096,0.5491491030310817
-2.430062947948244,0.20378490632029234,-0.23482809520408726,-0.7007605426052855
